DISTRICT 1,2000,DEMOCRAT,AL GORE,1284,REPUBLICAN,GEORGE W. BUSH,4681,GREEN,RALPH NADER,475,OTHER,OTHER,216,
DISTRICT 1,2004,DEMOCRAT,JOHN KERRY,3662,REPUBLICAN,GEORGE W. BUSH,6303,OTHER,OTHER,452,
DISTRICT 1,2008,DEMOCRAT,BARACK OBAMA,2597,REPUBLICAN,JOHN MCCAIN,4149,OTHER,OTHER,224,
DISTRICT 1,2012,DEMOCRAT,BARACK OBAMA,1518,REPUBLICAN,MITT ROMNEY,5899,OTHER,OTHER,305,
DISTRICT 1,2016,DEMOCRAT,HILLARY CLINTON,2573,REPUBLICAN,DONALD TRUMP,3180,OTHER,OTHER,885,
DISTRICT 1,2020,DEMOCRAT,JOSEPH R BIDEN JR,3477,GREEN,OTHER,50,LIBERTARIAN,JO JORGENSEN,216,OTHER,OTHER,60,REPUBLICAN,DONALD J TRUMP,3511,
DISTRICT 2,2000,DEMOCRAT,AL GORE,2081,REPUBLICAN,GEORGE W. BUSH,4235,GREEN,RALPH NADER,846,OTHER,OTHER,226,
DISTRICT 2,2004,DEMOCRAT,JOHN KERRY,4961,REPUBLICAN,GEORGE W. BUSH,5943,OTHER,OTHER,498,
DISTRICT 2,2008,DEMOCRAT,BARACK OBAMA,3468,REPUBLICAN,JOHN MCCAIN,4029,OTHER,OTHER,238,
DISTRICT 2,2012,DEMOCRAT,BARACK OBAMA,3096,REPUBLICAN,MITT ROMNEY,5509,OTHER,OTHER,453,
DISTRICT 2,2016,DEMOCRAT,HILLARY CLINTON,1585,REPUBLICAN,DONALD TRUMP,3188,OTHER,OTHER,719,
DISTRICT 2,2020,DEMOCRAT,JOSEPH R BIDEN JR,2104,GREEN,OTHER,30,LIBERTARIAN,JO JORGENSEN,287,OTHER,OTHER,41,REPUBLICAN,DONALD J TRUMP,3674,
DISTRICT 3,2000,DEMOCRAT,AL GORE,3693,REPUBLICAN,GEORGE W. BUSH,3135,GREEN,RALPH NADER,1161,OTHER,OTHER,236,
DISTRICT 3,2004,DEMOCRAT,JOHN KERRY,6513,REPUBLICAN,GEORGE W. BUSH,4790,OTHER,OTHER,445,
DISTRICT 3,2008,DEMOCRAT,BARACK OBAMA,5657,REPUBLICAN,JOHN MCCAIN,2829,OTHER,OTHER,281,
DISTRICT 3,2012,DEMOCRAT,BARACK OBAMA,2034,REPUBLICAN,MITT ROMNEY,3769,OTHER,OTHER,266,
DISTRICT 3,2016,DEMOCRAT,HILLARY CLINTON,1241,REPUBLICAN,DONALD TRUMP,5403,OTHER,OTHER,969,
DISTRICT 3,2020,DEMOCRAT,JOSEPH R BIDEN JR,1903,GREEN,OTHER,42,LIBERTARIAN,JO JORGENSEN,316,OTHER,OTHER,48,REPUBLICAN,DONALD J TRUMP,6076,
DISTRICT 4,2000,DEMOCRAT,AL GORE,2715,REPUBLICAN,GEORGE W. BUSH,4127,GREEN,RALPH NADER,768,OTHER,OTHER,213,
DISTRICT 4,2004,DEMOCRAT,JOHN KERRY,4768,REPUBLICAN,GEORGE W. BUSH,5802,OTHER,OTHER,417,
DISTRICT 4,2008,DEMOCRAT,BARACK OBAMA,4161,REPUBLICAN,JOHN MCCAIN,4302,OTHER,OTHER,273,
DISTRICT 4,2012,DEMOCRAT,BARACK OBAMA,2864,REPUBLICAN,MITT ROMNEY,3586,OTHER,OTHER,337,
DISTRICT 4,2016,DEMOCRAT,HILLARY CLINTON,4162,REPUBLICAN,DONALD TRUMP,4070,OTHER,OTHER,1289,
DISTRICT 4,2020,DEMOCRAT,JOSEPH R BIDEN JR,5345,GREEN,OTHER,93,LIBERTARIAN,JO JORGENSEN,323,OTHER,OTHER,60,REPUBLICAN,DONALD J TRUMP,4690,
DISTRICT 5,2000,DEMOCRAT,AL GORE,1931,REPUBLICAN,GEORGE W. BUSH,3545,GREEN,RALPH NADER,751,OTHER,OTHER,210,
DISTRICT 5,2004,DEMOCRAT,JOHN KERRY,4679,REPUBLICAN,GEORGE W. BUSH,5439,OTHER,OTHER,491,
DISTRICT 5,2008,DEMOCRAT,BARACK OBAMA,3393,REPUBLICAN,JOHN MCCAIN,3426,OTHER,OTHER,304,
DISTRICT 5,2012,DEMOCRAT,BARACK OBAMA,3644,REPUBLICAN,MITT ROMNEY,4027,OTHER,OTHER,472,
DISTRICT 5,2016,DEMOCRAT,HILLARY CLINTON,3187,REPUBLICAN,DONALD TRUMP,3683,OTHER,OTHER,1036,
DISTRICT 5,2020,DEMOCRAT,JOSEPH R BIDEN JR,4204,GREEN,OTHER,68,LIBERTARIAN,JO JORGENSEN,259,OTHER,OTHER,46,REPUBLICAN,DONALD J TRUMP,4077,
DISTRICT 6,2000,DEMOCRAT,AL GORE,1542,REPUBLICAN,GEORGE W. BUSH,3862,GREEN,RALPH NADER,494,OTHER,OTHER,202,
DISTRICT 6,2004,DEMOCRAT,JOHN KERRY,3728,REPUBLICAN,GEORGE W. BUSH,6177,OTHER,OTHER,405,
DISTRICT 6,2008,DEMOCRAT,BARACK OBAMA,2351,REPUBLICAN,JOHN MCCAIN,4234,OTHER,OTHER,239,
DISTRICT 6,2012,DEMOCRAT,BARACK OBAMA,2145,REPUBLICAN,MITT ROMNEY,5254,OTHER,OTHER,394,
DISTRICT 6,2016,DEMOCRAT,HILLARY CLINTON,2536,REPUBLICAN,DONALD TRUMP,4929,OTHER,OTHER,995,
DISTRICT 6,2020,DEMOCRAT,JOSEPH R BIDEN JR,3272,GREEN,OTHER,83,LIBERTARIAN,JO JORGENSEN,266,OTHER,OTHER,69,REPUBLICAN,DONALD J TRUMP,5770,
DISTRICT 7,2000,DEMOCRAT,AL GORE,1893,REPUBLICAN,GEORGE W. BUSH,4868,GREEN,RALPH NADER,1563,OTHER,OTHER,353,
DISTRICT 7,2004,DEMOCRAT,JOHN KERRY,5008,REPUBLICAN,GEORGE W. BUSH,7693,OTHER,OTHER,520,
DISTRICT 7,2008,DEMOCRAT,BARACK OBAMA,4283,REPUBLICAN,JOHN MCCAIN,6297,OTHER,OTHER,314,
DISTRICT 7,2012,DEMOCRAT,BARACK OBAMA,1962,REPUBLICAN,MITT ROMNEY,5247,OTHER,OTHER,366,
DISTRICT 7,2016,DEMOCRAT,HILLARY CLINTON,1510,REPUBLICAN,DONALD TRUMP,5935,OTHER,OTHER,849,
DISTRICT 7,2020,DEMOCRAT,JOSEPH R BIDEN JR,2215,GREEN,OTHER,54,LIBERTARIAN,JO JORGENSEN,272,OTHER,OTHER,54,REPUBLICAN,DONALD J TRUMP,7027,
DISTRICT 8,2000,DEMOCRAT,AL GORE,1498,REPUBLICAN,GEORGE W. BUSH,5371,GREEN,RALPH NADER,809,OTHER,OTHER,300,
DISTRICT 8,2004,DEMOCRAT,JOHN KERRY,5758,REPUBLICAN,GEORGE W. BUSH,6615,OTHER,OTHER,569,
DISTRICT 8,2008,DEMOCRAT,BARACK OBAMA,4995,REPUBLICAN,JOHN MCCAIN,4983,OTHER,OTHER,342,
DISTRICT 8,2012,DEMOCRAT,BARACK OBAMA,2083,REPUBLICAN,MITT ROMNEY,5826,OTHER,OTHER,333,
DISTRICT 8,2016,DEMOCRAT,HILLARY CLINTON,1218,REPUBLICAN,DONALD TRUMP,6126,OTHER,OTHER,729,
DISTRICT 8,2020,DEMOCRAT,JOSEPH R BIDEN JR,1953,GREEN,OTHER,48,LIBERTARIAN,JO JORGENSEN,241,OTHER,OTHER,52,REPUBLICAN,DONALD J TRUMP,7618,
DISTRICT 9,2000,DEMOCRAT,AL GORE,1203,REPUBLICAN,GEORGE W. BUSH,4789,GREEN,RALPH NADER,478,OTHER,OTHER,330,
DISTRICT 9,2004,DEMOCRAT,JOHN KERRY,4177,REPUBLICAN,GEORGE W. BUSH,6934,OTHER,OTHER,375,
DISTRICT 9,2008,DEMOCRAT,BARACK OBAMA,2805,REPUBLICAN,JOHN MCCAIN,4141,OTHER,OTHER,197,
DISTRICT 9,2012,DEMOCRAT,BARACK OBAMA,1667,REPUBLICAN,MITT ROMNEY,5432,OTHER,OTHER,309,
DISTRICT 9,2016,DEMOCRAT,HILLARY CLINTON,1843,REPUBLICAN,DONALD TRUMP,6100,OTHER,OTHER,1011,
DISTRICT 9,2020,DEMOCRAT,JOSEPH R BIDEN JR,2769,GREEN,OTHER,77,LIBERTARIAN,JO JORGENSEN,301,OTHER,OTHER,59,REPUBLICAN,DONALD J TRUMP,7787,
DISTRICT 10,2000,DEMOCRAT,AL GORE,2194,REPUBLICAN,GEORGE W. BUSH,5673,GREEN,RALPH NADER,803,OTHER,OTHER,214,
DISTRICT 10,2004,DEMOCRAT,JOHN KERRY,3670,REPUBLICAN,GEORGE W. BUSH,6745,OTHER,OTHER,335,
DISTRICT 10,2008,DEMOCRAT,BARACK OBAMA,2074,REPUBLICAN,JOHN MCCAIN,3392,OTHER,OTHER,149,
DISTRICT 10,2012,DEMOCRAT,BARACK OBAMA,1344,REPUBLICAN,MITT ROMNEY,4928,OTHER,OTHER,298,
DISTRICT 10,2016,DEMOCRAT,HILLARY CLINTON,1808,REPUBLICAN,DONALD TRUMP,6255,OTHER,OTHER,977,
DISTRICT 10,2020,DEMOCRAT,JOSEPH R BIDEN JR,2727,GREEN,OTHER,64,LIBERTARIAN,JO JORGENSEN,286,OTHER,OTHER,47,REPUBLICAN,DONALD J TRUMP,8081,
DISTRICT 11,2000,DEMOCRAT,AL GORE,2043,REPUBLICAN,GEORGE W. BUSH,3960,GREEN,RALPH NADER,743,OTHER,OTHER,234,
DISTRICT 11,2004,DEMOCRAT,JOHN KERRY,3364,REPUBLICAN,GEORGE W. BUSH,9280,OTHER,OTHER,381,
DISTRICT 11,2008,DEMOCRAT,BARACK OBAMA,1924,REPUBLICAN,JOHN MCCAIN,7736,OTHER,OTHER,206,
DISTRICT 11,2012,DEMOCRAT,BARACK OBAMA,2222,REPUBLICAN,MITT ROMNEY,6057,OTHER,OTHER,352,
DISTRICT 11,2016,DEMOCRAT,HILLARY CLINTON,2142,REPUBLICAN,DONALD TRUMP,6444,OTHER,OTHER,1103,
DISTRICT 11,2020,DEMOCRAT,JOSEPH R BIDEN JR,3130,GREEN,OTHER,88,LIBERTARIAN,JO JORGENSEN,269,OTHER,OTHER,45,REPUBLICAN,DONALD J TRUMP,7096,
DISTRICT 12,2000,DEMOCRAT,AL GORE,2051,REPUBLICAN,GEORGE W. BUSH,4626,GREEN,RALPH NADER,691,OTHER,OTHER,233,
DISTRICT 12,2004,DEMOCRAT,JOHN KERRY,3387,REPUBLICAN,GEORGE W. BUSH,8108,OTHER,OTHER,350,
DISTRICT 12,2008,DEMOCRAT,BARACK OBAMA,1914,REPUBLICAN,JOHN MCCAIN,5467,OTHER,OTHER,208,
DISTRICT 12,2012,DEMOCRAT,BARACK OBAMA,1901,REPUBLICAN,MITT ROMNEY,4300,OTHER,OTHER,281,
DISTRICT 12,2016,DEMOCRAT,HILLARY CLINTON,1928,REPUBLICAN,DONALD TRUMP,6629,OTHER,OTHER,986,
DISTRICT 12,2020,DEMOCRAT,JOSEPH R BIDEN JR,2957,GREEN,OTHER,54,LIBERTARIAN,JO JORGENSEN,288,OTHER,OTHER,46,REPUBLICAN,DONALD J TRUMP,7893,
DISTRICT 13,2000,DEMOCRAT,AL GORE,2661,REPUBLICAN,GEORGE W. BUSH,3853,GREEN,RALPH NADER,1230,OTHER,OTHER,199,
DISTRICT 13,2004,DEMOCRAT,JOHN KERRY,4819,REPUBLICAN,GEORGE W. BUSH,10702,OTHER,OTHER,491,
DISTRICT 13,2008,DEMOCRAT,BARACK OBAMA,2800,REPUBLICAN,JOHN MCCAIN,8432,OTHER,OTHER,294,
DISTRICT 13,2012,DEMOCRAT,BARACK OBAMA,2425,REPUBLICAN,MITT ROMNEY,3078,OTHER,OTHER,204,
DISTRICT 13,2016,DEMOCRAT,HILLARY CLINTON,1684,REPUBLICAN,DONALD TRUMP,4028,OTHER,OTHER,821,
DISTRICT 13,2020,DEMOCRAT,JOSEPH R BIDEN JR,2666,GREEN,OTHER,40,LIBERTARIAN,JO JORGENSEN,308,OTHER,OTHER,47,REPUBLICAN,DONALD J TRUMP,4652,
DISTRICT 14,2000,DEMOCRAT,AL GORE,1626,REPUBLICAN,GEORGE W. BUSH,3750,GREEN,RALPH NADER,342,OTHER,OTHER,150,
DISTRICT 14,2004,DEMOCRAT,JOHN KERRY,4403,REPUBLICAN,GEORGE W. BUSH,10717,OTHER,OTHER,428,
DISTRICT 14,2008,DEMOCRAT,BARACK OBAMA,2132,REPUBLICAN,JOHN MCCAIN,8108,OTHER,OTHER,216,
DISTRICT 14,2012,DEMOCRAT,BARACK OBAMA,3340,REPUBLICAN,MITT ROMNEY,3453,OTHER,OTHER,275,
DISTRICT 14,2016,DEMOCRAT,HILLARY CLINTON,3043,REPUBLICAN,DONALD TRUMP,5978,OTHER,OTHER,1399,
DISTRICT 14,2020,DEMOCRAT,JOSEPH R BIDEN JR,4261,GREEN,OTHER,50,LIBERTARIAN,JO JORGENSEN,356,OTHER,OTHER,62,REPUBLICAN,DONALD J TRUMP,6714,
DISTRICT 15,2000,DEMOCRAT,AL GORE,2106,REPUBLICAN,GEORGE W. BUSH,2453,GREEN,RALPH NADER,1068,OTHER,OTHER,243,
DISTRICT 15,2004,DEMOCRAT,JOHN KERRY,4766,REPUBLICAN,GEORGE W. BUSH,10058,OTHER,OTHER,576,
DISTRICT 15,2008,DEMOCRAT,BARACK OBAMA,2510,REPUBLICAN,JOHN MCCAIN,8227,OTHER,OTHER,349,
DISTRICT 15,2012,DEMOCRAT,BARACK OBAMA,3283,REPUBLICAN,MITT ROMNEY,2875,OTHER,OTHER,293,
DISTRICT 15,2016,DEMOCRAT,HILLARY CLINTON,1828,REPUBLICAN,DONALD TRUMP,2525,OTHER,OTHER,629,
DISTRICT 15,2020,DEMOCRAT,JOSEPH R BIDEN JR,2622,GREEN,OTHER,36,LIBERTARIAN,JO JORGENSEN,197,OTHER,OTHER,33,REPUBLICAN,DONALD J TRUMP,2671,
DISTRICT 16,2000,DEMOCRAT,AL GORE,1969,REPUBLICAN,GEORGE W. BUSH,1980,GREEN,RALPH NADER,530,OTHER,OTHER,206,
DISTRICT 16,2004,DEMOCRAT,JOHN KERRY,4791,REPUBLICAN,GEORGE W. BUSH,10587,OTHER,OTHER,462,
DISTRICT 16,2008,DEMOCRAT,BARACK OBAMA,2636,REPUBLICAN,JOHN MCCAIN,7774,OTHER,OTHER,287,
DISTRICT 16,2012,DEMOCRAT,BARACK OBAMA,4013,REPUBLICAN,MITT ROMNEY,2876,OTHER,OTHER,292,
DISTRICT 16,2016,DEMOCRAT,HILLARY CLINTON,3294,REPUBLICAN,DONALD TRUMP,3203,OTHER,OTHER,939,
DISTRICT 16,2020,DEMOCRAT,JOSEPH R BIDEN JR,4274,GREEN,OTHER,64,LIBERTARIAN,JO JORGENSEN,210,OTHER,OTHER,54,REPUBLICAN,DONALD J TRUMP,3516,
DISTRICT 17,2000,DEMOCRAT,AL GORE,2230,REPUBLICAN,GEORGE W. BUSH,4564,GREEN,RALPH NADER,641,OTHER,OTHER,269,
DISTRICT 17,2004,DEMOCRAT,JOHN KERRY,4646,REPUBLICAN,GEORGE W. BUSH,10491,OTHER,OTHER,373,
DISTRICT 17,2008,DEMOCRAT,BARACK OBAMA,2645,REPUBLICAN,JOHN MCCAIN,6621,OTHER,OTHER,182,
DISTRICT 17,2012,DEMOCRAT,BARACK OBAMA,2853,REPUBLICAN,MITT ROMNEY,1542,OTHER,OTHER,194,
DISTRICT 17,2016,DEMOCRAT,HILLARY CLINTON,3290,REPUBLICAN,DONALD TRUMP,2618,OTHER,OTHER,880,
DISTRICT 17,2020,DEMOCRAT,JOSEPH R BIDEN JR,4136,GREEN,OTHER,64,LIBERTARIAN,JO JORGENSEN,184,OTHER,OTHER,45,REPUBLICAN,DONALD J TRUMP,2810,
DISTRICT 18,2000,DEMOCRAT,AL GORE,2739,REPUBLICAN,GEORGE W. BUSH,5421,GREEN,RALPH NADER,1484,OTHER,OTHER,238,
DISTRICT 18,2004,DEMOCRAT,JOHN KERRY,4193,REPUBLICAN,GEORGE W. BUSH,8424,OTHER,OTHER,270,
DISTRICT 18,2008,DEMOCRAT,BARACK OBAMA,2046,REPUBLICAN,JOHN MCCAIN,4252,OTHER,OTHER,113,
DISTRICT 18,2012,DEMOCRAT,BARACK OBAMA,4247,REPUBLICAN,MITT ROMNEY,2369,OTHER,OTHER,314,
DISTRICT 18,2016,DEMOCRAT,HILLARY CLINTON,3909,REPUBLICAN,DONALD TRUMP,2684,OTHER,OTHER,809,
DISTRICT 18,2020,DEMOCRAT,JOSEPH R BIDEN JR,4681,GREEN,OTHER,79,LIBERTARIAN,JO JORGENSEN,157,OTHER,OTHER,43,REPUBLICAN,DONALD J TRUMP,2760,
DISTRICT 19,2000,DEMOCRAT,AL GORE,2350,REPUBLICAN,GEORGE W. BUSH,4619,GREEN,RALPH NADER,728,OTHER,OTHER,254,
DISTRICT 19,2004,DEMOCRAT,JOHN KERRY,5061,REPUBLICAN,GEORGE W. BUSH,8014,OTHER,OTHER,383,
DISTRICT 19,2008,DEMOCRAT,BARACK OBAMA,3095,REPUBLICAN,JOHN MCCAIN,4106,OTHER,OTHER,171,
DISTRICT 19,2012,DEMOCRAT,BARACK OBAMA,4126,REPUBLICAN,MITT ROMNEY,3855,OTHER,OTHER,305,
DISTRICT 19,2016,DEMOCRAT,HILLARY CLINTON,2669,REPUBLICAN,DONALD TRUMP,1636,OTHER,OTHER,487,
DISTRICT 19,2020,DEMOCRAT,JOSEPH R BIDEN JR,3118,GREEN,OTHER,52,LIBERTARIAN,JO JORGENSEN,110,OTHER,OTHER,46,REPUBLICAN,DONALD J TRUMP,1975,
DISTRICT 20,2000,DEMOCRAT,AL GORE,2259,REPUBLICAN,GEORGE W. BUSH,3648,GREEN,RALPH NADER,839,OTHER,OTHER,217,
DISTRICT 20,2004,DEMOCRAT,JOHN KERRY,4465,REPUBLICAN,GEORGE W. BUSH,6632,OTHER,OTHER,383,
DISTRICT 20,2008,DEMOCRAT,BARACK OBAMA,2474,REPUBLICAN,JOHN MCCAIN,2536,OTHER,OTHER,128,
DISTRICT 20,2012,DEMOCRAT,BARACK OBAMA,3081,REPUBLICAN,MITT ROMNEY,4544,OTHER,OTHER,339,
DISTRICT 20,2016,DEMOCRAT,HILLARY CLINTON,4151,REPUBLICAN,DONALD TRUMP,2187,OTHER,OTHER,802,
DISTRICT 20,2020,DEMOCRAT,JOSEPH R BIDEN JR,4881,GREEN,OTHER,53,LIBERTARIAN,JO JORGENSEN,153,OTHER,OTHER,27,REPUBLICAN,DONALD J TRUMP,2383,
DISTRICT 21,2000,DEMOCRAT,AL GORE,2309,REPUBLICAN,GEORGE W. BUSH,3263,GREEN,RALPH NADER,810,OTHER,OTHER,247,
DISTRICT 21,2004,DEMOCRAT,JOHN KERRY,5488,REPUBLICAN,GEORGE W. BUSH,8818,OTHER,OTHER,365,
DISTRICT 21,2008,DEMOCRAT,BARACK OBAMA,3647,REPUBLICAN,JOHN MCCAIN,4837,OTHER,OTHER,191,
DISTRICT 21,2012,DEMOCRAT,BARACK OBAMA,3316,REPUBLICAN,MITT ROMNEY,5262,OTHER,OTHER,288,
DISTRICT 21,2016,DEMOCRAT,HILLARY CLINTON,4224,REPUBLICAN,DONALD TRUMP,3479,OTHER,OTHER,944,
DISTRICT 21,2020,DEMOCRAT,JOSEPH R BIDEN JR,5414,GREEN,OTHER,70,LIBERTARIAN,JO JORGENSEN,203,OTHER,OTHER,52,REPUBLICAN,DONALD J TRUMP,3690,
DISTRICT 22,2000,DEMOCRAT,AL GORE,2656,REPUBLICAN,GEORGE W. BUSH,4910,GREEN,RALPH NADER,697,OTHER,OTHER,262,
DISTRICT 22,2004,DEMOCRAT,JOHN KERRY,5426,REPUBLICAN,GEORGE W. BUSH,7207,OTHER,OTHER,402,
DISTRICT 22,2008,DEMOCRAT,BARACK OBAMA,3337,REPUBLICAN,JOHN MCCAIN,3109,OTHER,OTHER,188,
DISTRICT 22,2012,DEMOCRAT,BARACK OBAMA,2859,REPUBLICAN,MITT ROMNEY,3445,OTHER,OTHER,251,
DISTRICT 22,2016,DEMOCRAT,HILLARY CLINTON,3270,REPUBLICAN,DONALD TRUMP,4203,OTHER,OTHER,899,
DISTRICT 22,2020,DEMOCRAT,JOSEPH R BIDEN JR,4553,GREEN,OTHER,46,LIBERTARIAN,JO JORGENSEN,200,OTHER,OTHER,37,REPUBLICAN,DONALD J TRUMP,4684,
DISTRICT 23,2000,DEMOCRAT,AL GORE,1282,REPUBLICAN,GEORGE W. BUSH,2961,GREEN,RALPH NADER,283,OTHER,OTHER,104,
DISTRICT 23,2004,DEMOCRAT,JOHN KERRY,5991,REPUBLICAN,GEORGE W. BUSH,6576,OTHER,OTHER,418,
DISTRICT 23,2008,DEMOCRAT,BARACK OBAMA,4075,REPUBLICAN,JOHN MCCAIN,2808,OTHER,OTHER,199,
DISTRICT 23,2012,DEMOCRAT,BARACK OBAMA,3167,REPUBLICAN,MITT ROMNEY,4926,OTHER,OTHER,277,
DISTRICT 23,2016,DEMOCRAT,HILLARY CLINTON,2894,REPUBLICAN,DONALD TRUMP,3246,OTHER,OTHER,784,
DISTRICT 23,2020,DEMOCRAT,JOSEPH R BIDEN JR,3810,GREEN,OTHER,53,LIBERTARIAN,JO JORGENSEN,170,OTHER,OTHER,51,REPUBLICAN,DONALD J TRUMP,3655,
DISTRICT 24,2000,DEMOCRAT,AL GORE,1985,REPUBLICAN,GEORGE W. BUSH,5063,GREEN,RALPH NADER,631,OTHER,OTHER,236,
DISTRICT 24,2004,DEMOCRAT,JOHN KERRY,5226,REPUBLICAN,GEORGE W. BUSH,7622,OTHER,OTHER,403,
DISTRICT 24,2008,DEMOCRAT,BARACK OBAMA,3380,REPUBLICAN,JOHN MCCAIN,4127,OTHER,OTHER,181,
DISTRICT 24,2012,DEMOCRAT,BARACK OBAMA,3128,REPUBLICAN,MITT ROMNEY,3912,OTHER,OTHER,249,
DISTRICT 24,2016,DEMOCRAT,HILLARY CLINTON,3578,REPUBLICAN,DONALD TRUMP,4709,OTHER,OTHER,793,
DISTRICT 24,2020,DEMOCRAT,JOSEPH R BIDEN JR,4736,GREEN,OTHER,46,LIBERTARIAN,JO JORGENSEN,222,OTHER,OTHER,46,REPUBLICAN,DONALD J TRUMP,5378,
DISTRICT 25,2000,DEMOCRAT,AL GORE,1697,REPUBLICAN,GEORGE W. BUSH,5489,GREEN,RALPH NADER,743,OTHER,OTHER,272,
DISTRICT 25,2004,DEMOCRAT,JOHN KERRY,5435,REPUBLICAN,GEORGE W. BUSH,6892,OTHER,OTHER,451,
DISTRICT 25,2008,DEMOCRAT,BARACK OBAMA,3233,REPUBLICAN,JOHN MCCAIN,3042,OTHER,OTHER,168,
DISTRICT 25,2012,DEMOCRAT,BARACK OBAMA,3739,REPUBLICAN,MITT ROMNEY,4569,OTHER,OTHER,353,
DISTRICT 25,2016,DEMOCRAT,HILLARY CLINTON,3378,REPUBLICAN,DONALD TRUMP,3816,OTHER,OTHER,933,
DISTRICT 25,2020,DEMOCRAT,JOSEPH R BIDEN JR,4600,GREEN,OTHER,67,LIBERTARIAN,JO JORGENSEN,201,OTHER,OTHER,50,REPUBLICAN,DONALD J TRUMP,4407,
DISTRICT 26,2000,DEMOCRAT,AL GORE,1608,REPUBLICAN,GEORGE W. BUSH,5869,GREEN,RALPH NADER,715,OTHER,OTHER,398,
DISTRICT 26,2004,DEMOCRAT,JOHN KERRY,6476,REPUBLICAN,GEORGE W. BUSH,7776,OTHER,OTHER,430,
DISTRICT 26,2008,DEMOCRAT,BARACK OBAMA,4472,REPUBLICAN,JOHN MCCAIN,4037,OTHER,OTHER,186,
DISTRICT 26,2012,DEMOCRAT,BARACK OBAMA,3169,REPUBLICAN,MITT ROMNEY,6968,OTHER,OTHER,354,
DISTRICT 26,2016,DEMOCRAT,HILLARY CLINTON,3374,REPUBLICAN,DONALD TRUMP,4548,OTHER,OTHER,983,
DISTRICT 26,2020,DEMOCRAT,JOSEPH R BIDEN JR,4558,GREEN,OTHER,55,LIBERTARIAN,JO JORGENSEN,207,OTHER,OTHER,48,REPUBLICAN,DONALD J TRUMP,5243,
DISTRICT 27,2000,DEMOCRAT,AL GORE,2199,REPUBLICAN,GEORGE W. BUSH,6714,GREEN,RALPH NADER,1014,OTHER,OTHER,511,
DISTRICT 27,2004,DEMOCRAT,JOHN KERRY,5212,REPUBLICAN,GEORGE W. BUSH,8500,OTHER,OTHER,400,
DISTRICT 27,2008,DEMOCRAT,BARACK OBAMA,3130,REPUBLICAN,JOHN MCCAIN,5159,OTHER,OTHER,209,
DISTRICT 27,2012,DEMOCRAT,BARACK OBAMA,4463,REPUBLICAN,MITT ROMNEY,6015,OTHER,OTHER,345,
DISTRICT 27,2016,DEMOCRAT,HILLARY CLINTON,3729,REPUBLICAN,DONALD TRUMP,4085,OTHER,OTHER,969,
DISTRICT 27,2020,DEMOCRAT,JOSEPH R BIDEN JR,4844,GREEN,OTHER,59,LIBERTARIAN,JO JORGENSEN,228,OTHER,OTHER,51,REPUBLICAN,DONALD J TRUMP,4324,
DISTRICT 28,2000,DEMOCRAT,AL GORE,2116,REPUBLICAN,GEORGE W. BUSH,7113,GREEN,RALPH NADER,1100,OTHER,OTHER,711,
DISTRICT 28,2004,DEMOCRAT,JOHN KERRY,5141,REPUBLICAN,GEORGE W. BUSH,9073,OTHER,OTHER,363,
DISTRICT 28,2008,DEMOCRAT,BARACK OBAMA,3642,REPUBLICAN,JOHN MCCAIN,5953,OTHER,OTHER,197,
DISTRICT 28,2012,DEMOCRAT,BARACK OBAMA,2188,REPUBLICAN,MITT ROMNEY,5882,OTHER,OTHER,379,
DISTRICT 28,2016,DEMOCRAT,HILLARY CLINTON,4749,REPUBLICAN,DONALD TRUMP,5423,OTHER,OTHER,1255,
DISTRICT 28,2020,DEMOCRAT,JOSEPH R BIDEN JR,6264,GREEN,OTHER,69,LIBERTARIAN,JO JORGENSEN,219,OTHER,OTHER,35,REPUBLICAN,DONALD J TRUMP,6162,
DISTRICT 29,2000,DEMOCRAT,AL GORE,2806,REPUBLICAN,GEORGE W. BUSH,4054,GREEN,RALPH NADER,1628,OTHER,OTHER,335,
DISTRICT 29,2004,DEMOCRAT,JOHN KERRY,4546,REPUBLICAN,GEORGE W. BUSH,7743,OTHER,OTHER,341,
DISTRICT 29,2008,DEMOCRAT,BARACK OBAMA,2684,REPUBLICAN,JOHN MCCAIN,4127,OTHER,OTHER,151,
DISTRICT 29,2012,DEMOCRAT,BARACK OBAMA,1933,REPUBLICAN,MITT ROMNEY,5774,OTHER,OTHER,304,
DISTRICT 29,2016,DEMOCRAT,HILLARY CLINTON,2101,REPUBLICAN,DONALD TRUMP,6347,OTHER,OTHER,946,
DISTRICT 29,2020,DEMOCRAT,JOSEPH R BIDEN JR,2985,GREEN,OTHER,69,LIBERTARIAN,JO JORGENSEN,190,OTHER,OTHER,39,REPUBLICAN,DONALD J TRUMP,7464,
DISTRICT 30,2000,DEMOCRAT,AL GORE,1698,REPUBLICAN,GEORGE W. BUSH,3622,GREEN,RALPH NADER,538,OTHER,OTHER,225,
DISTRICT 30,2004,DEMOCRAT,JOHN KERRY,5181,REPUBLICAN,GEORGE W. BUSH,8733,OTHER,OTHER,359,
DISTRICT 30,2008,DEMOCRAT,BARACK OBAMA,3486,REPUBLICAN,JOHN MCCAIN,5500,OTHER,OTHER,197,
DISTRICT 30,2012,DEMOCRAT,BARACK OBAMA,3578,REPUBLICAN,MITT ROMNEY,5492,OTHER,OTHER,435,
DISTRICT 30,2016,DEMOCRAT,HILLARY CLINTON,1816,REPUBLICAN,DONALD TRUMP,6194,OTHER,OTHER,940,
DISTRICT 30,2020,DEMOCRAT,JOSEPH R BIDEN JR,2638,GREEN,OTHER,42,LIBERTARIAN,JO JORGENSEN,270,OTHER,OTHER,46,REPUBLICAN,DONALD J TRUMP,7180,
DISTRICT 31,2000,DEMOCRAT,AL GORE,1831,REPUBLICAN,GEORGE W. BUSH,3326,GREEN,RALPH NADER,535,OTHER,OTHER,273,
DISTRICT 31,2004,DEMOCRAT,JOHN KERRY,5315,REPUBLICAN,GEORGE W. BUSH,9605,OTHER,OTHER,350,
DISTRICT 31,2008,DEMOCRAT,BARACK OBAMA,3596,REPUBLICAN,JOHN MCCAIN,6419,OTHER,OTHER,205,
DISTRICT 31,2012,DEMOCRAT,BARACK OBAMA,4679,REPUBLICAN,MITT ROMNEY,4219,OTHER,OTHER,437,
DISTRICT 31,2016,DEMOCRAT,HILLARY CLINTON,3466,REPUBLICAN,DONALD TRUMP,5617,OTHER,OTHER,1099,
DISTRICT 31,2020,DEMOCRAT,JOSEPH R BIDEN JR,5037,GREEN,OTHER,100,LIBERTARIAN,JO JORGENSEN,250,OTHER,OTHER,52,REPUBLICAN,DONALD J TRUMP,6971,
DISTRICT 32,2000,DEMOCRAT,AL GORE,1389,REPUBLICAN,GEORGE W. BUSH,4178,GREEN,RALPH NADER,285,OTHER,OTHER,181,
DISTRICT 32,2004,DEMOCRAT,JOHN KERRY,6580,REPUBLICAN,GEORGE W. BUSH,9783,OTHER,OTHER,447,
DISTRICT 32,2008,DEMOCRAT,BARACK OBAMA,5176,REPUBLICAN,JOHN MCCAIN,6867,OTHER,OTHER,264,
DISTRICT 32,2012,DEMOCRAT,BARACK OBAMA,5930,REPUBLICAN,MITT ROMNEY,3095,OTHER,OTHER,503,
DISTRICT 32,2016,DEMOCRAT,HILLARY CLINTON,2701,REPUBLICAN,DONALD TRUMP,3764,OTHER,OTHER,1007,
DISTRICT 32,2020,DEMOCRAT,JOSEPH R BIDEN JR,3506,GREEN,OTHER,105,LIBERTARIAN,JO JORGENSEN,238,OTHER,OTHER,46,REPUBLICAN,DONALD J TRUMP,4440,
DISTRICT 33,2000,DEMOCRAT,AL GORE,1765,REPUBLICAN,GEORGE W. BUSH,5804,GREEN,RALPH NADER,789,OTHER,OTHER,354,
DISTRICT 33,2004,DEMOCRAT,JOHN KERRY,3192,REPUBLICAN,GEORGE W. BUSH,7344,OTHER,OTHER,402,
DISTRICT 33,2008,DEMOCRAT,BARACK OBAMA,2089,REPUBLICAN,JOHN MCCAIN,6571,OTHER,OTHER,249,
DISTRICT 33,2012,DEMOCRAT,BARACK OBAMA,2716,REPUBLICAN,MITT ROMNEY,4289,OTHER,OTHER,466,
DISTRICT 33,2016,DEMOCRAT,HILLARY CLINTON,5978,REPUBLICAN,DONALD TRUMP,2732,OTHER,OTHER,1224,
DISTRICT 33,2020,DEMOCRAT,JOSEPH R BIDEN JR,7535,GREEN,OTHER,103,LIBERTARIAN,JO JORGENSEN,197,OTHER,OTHER,61,REPUBLICAN,DONALD J TRUMP,3059,
DISTRICT 34,2000,DEMOCRAT,AL GORE,1300,REPUBLICAN,GEORGE W. BUSH,5243,GREEN,RALPH NADER,407,OTHER,OTHER,204,
DISTRICT 34,2004,DEMOCRAT,JOHN KERRY,3033,REPUBLICAN,GEORGE W. BUSH,7886,OTHER,OTHER,434,
DISTRICT 34,2008,DEMOCRAT,BARACK OBAMA,1920,REPUBLICAN,JOHN MCCAIN,7358,OTHER,OTHER,270,
DISTRICT 34,2012,DEMOCRAT,BARACK OBAMA,4662,REPUBLICAN,MITT ROMNEY,3523,OTHER,OTHER,452,
DISTRICT 34,2016,DEMOCRAT,HILLARY CLINTON,4220,REPUBLICAN,DONALD TRUMP,3955,OTHER,OTHER,1256,
DISTRICT 34,2020,DEMOCRAT,JOSEPH R BIDEN JR,5763,GREEN,OTHER,68,LIBERTARIAN,JO JORGENSEN,279,OTHER,OTHER,76,REPUBLICAN,DONALD J TRUMP,4543,
DISTRICT 35,2000,DEMOCRAT,AL GORE,1208,REPUBLICAN,GEORGE W. BUSH,4278,GREEN,RALPH NADER,588,OTHER,OTHER,308,
DISTRICT 35,2004,DEMOCRAT,JOHN KERRY,5030,REPUBLICAN,GEORGE W. BUSH,6007,OTHER,OTHER,534,
DISTRICT 35,2008,DEMOCRAT,BARACK OBAMA,4254,REPUBLICAN,JOHN MCCAIN,4959,OTHER,OTHER,290,
DISTRICT 35,2012,DEMOCRAT,BARACK OBAMA,2830,REPUBLICAN,MITT ROMNEY,3804,OTHER,OTHER,298,
DISTRICT 35,2016,DEMOCRAT,HILLARY CLINTON,3749,REPUBLICAN,DONALD TRUMP,4105,OTHER,OTHER,1188,
DISTRICT 35,2020,DEMOCRAT,JOSEPH R BIDEN JR,5011,GREEN,OTHER,95,LIBERTARIAN,JO JORGENSEN,170,OTHER,OTHER,57,REPUBLICAN,DONALD J TRUMP,4769,
DISTRICT 36,2000,DEMOCRAT,AL GORE,1945,REPUBLICAN,GEORGE W. BUSH,3007,GREEN,RALPH NADER,383,OTHER,OTHER,242,
DISTRICT 36,2004,DEMOCRAT,JOHN KERRY,3245,REPUBLICAN,GEORGE W. BUSH,5645,OTHER,OTHER,351,
DISTRICT 36,2008,DEMOCRAT,BARACK OBAMA,2264,REPUBLICAN,JOHN MCCAIN,4201,OTHER,OTHER,208,
DISTRICT 36,2012,DEMOCRAT,BARACK OBAMA,3341,REPUBLICAN,MITT ROMNEY,1386,OTHER,OTHER,245,
DISTRICT 36,2016,DEMOCRAT,HILLARY CLINTON,2693,REPUBLICAN,DONALD TRUMP,4460,OTHER,OTHER,1111,
DISTRICT 36,2020,DEMOCRAT,JOSEPH R BIDEN JR,3796,GREEN,OTHER,79,LIBERTARIAN,JO JORGENSEN,245,OTHER,OTHER,58,REPUBLICAN,DONALD J TRUMP,5114,
DISTRICT 37,2000,DEMOCRAT,AL GORE,1821,REPUBLICAN,GEORGE W. BUSH,2725,GREEN,RALPH NADER,255,OTHER,OTHER,227,
DISTRICT 37,2004,DEMOCRAT,JOHN KERRY,1970,REPUBLICAN,GEORGE W. BUSH,3046,OTHER,OTHER,192,
DISTRICT 37,2008,DEMOCRAT,BARACK OBAMA,1868,REPUBLICAN,JOHN MCCAIN,2661,OTHER,OTHER,136,
DISTRICT 37,2012,DEMOCRAT,BARACK OBAMA,2631,REPUBLICAN,MITT ROMNEY,1517,OTHER,OTHER,187,
DISTRICT 37,2016,DEMOCRAT,HILLARY CLINTON,2421,REPUBLICAN,DONALD TRUMP,1938,OTHER,OTHER,703,
DISTRICT 37,2020,DEMOCRAT,JOSEPH R BIDEN JR,2560,GREEN,OTHER,56,LIBERTARIAN,JO JORGENSEN,86,OTHER,OTHER,82,REPUBLICAN,DONALD J TRUMP,2358,
DISTRICT 38,2000,DEMOCRAT,AL GORE,2015,REPUBLICAN,GEORGE W. BUSH,2467,GREEN,RALPH NADER,267,OTHER,OTHER,227,
DISTRICT 38,2004,DEMOCRAT,JOHN KERRY,2366,REPUBLICAN,GEORGE W. BUSH,2459,OTHER,OTHER,250,
DISTRICT 38,2008,DEMOCRAT,BARACK OBAMA,2549,REPUBLICAN,JOHN MCCAIN,2056,OTHER,OTHER,215,
DISTRICT 38,2012,DEMOCRAT,BARACK OBAMA,4101,REPUBLICAN,MITT ROMNEY,2259,OTHER,OTHER,454,
DISTRICT 38,2016,DEMOCRAT,HILLARY CLINTON,2758,REPUBLICAN,DONALD TRUMP,1143,OTHER,OTHER,1194,
DISTRICT 38,2020,DEMOCRAT,JOSEPH R BIDEN JR,3202,GREEN,OTHER,112,LIBERTARIAN,JO JORGENSEN,105,OTHER,OTHER,143,REPUBLICAN,DONALD J TRUMP,1737,
DISTRICT 39,2000,DEMOCRAT,AL GORE,2282,REPUBLICAN,GEORGE W. BUSH,2321,GREEN,RALPH NADER,383,OTHER,OTHER,202,
DISTRICT 39,2004,DEMOCRAT,JOHN KERRY,2365,REPUBLICAN,GEORGE W. BUSH,2881,OTHER,OTHER,322,
DISTRICT 39,2008,DEMOCRAT,BARACK OBAMA,2695,REPUBLICAN,JOHN MCCAIN,2323,OTHER,OTHER,166,
DISTRICT 39,2012,DEMOCRAT,BARACK OBAMA,3645,REPUBLICAN,MITT ROMNEY,2566,OTHER,OTHER,349,
DISTRICT 39,2016,DEMOCRAT,HILLARY CLINTON,3142,REPUBLICAN,DONALD TRUMP,1405,OTHER,OTHER,1092,
DISTRICT 39,2020,DEMOCRAT,JOSEPH R BIDEN JR,3580,GREEN,OTHER,104,LIBERTARIAN,JO JORGENSEN,123,OTHER,OTHER,145,REPUBLICAN,DONALD J TRUMP,1939,
DISTRICT 40,2000,DEMOCRAT,AL GORE,1024,REPUBLICAN,GEORGE W. BUSH,1831,GREEN,RALPH NADER,252,OTHER,OTHER,119,
DISTRICT 40,2004,DEMOCRAT,JOHN KERRY,2328,REPUBLICAN,GEORGE W. BUSH,3217,OTHER,OTHER,243,
DISTRICT 40,2008,DEMOCRAT,BARACK OBAMA,2137,REPUBLICAN,JOHN MCCAIN,2686,OTHER,OTHER,177,
DISTRICT 40,2012,DEMOCRAT,BARACK OBAMA,2717,REPUBLICAN,MITT ROMNEY,1347,OTHER,OTHER,171,
DISTRICT 40,2016,DEMOCRAT,HILLARY CLINTON,2338,REPUBLICAN,DONALD TRUMP,1377,OTHER,OTHER,895,
DISTRICT 40,2020,DEMOCRAT,JOSEPH R BIDEN JR,2318,GREEN,OTHER,86,LIBERTARIAN,JO JORGENSEN,94,OTHER,OTHER,111,REPUBLICAN,DONALD J TRUMP,1994,
DISTRICT 99,2000,DEMOCRAT,AL GORE,0,REPUBLICAN,GEORGE W. BUSH,0,GREEN,RALPH NADER,0,OTHER,OTHER,0,
DISTRICT 99,2004,DEMOCRAT,JOHN KERRY,0,REPUBLICAN,GEORGE W. BUSH,0,OTHER,OTHER,0,
DISTRICT 99,2008,DEMOCRAT,BARACK OBAMA,0,REPUBLICAN,JOHN MCCAIN,0,OTHER,OTHER,0,
DISTRICT 99,2012,DEMOCRAT,BARACK OBAMA,0,REPUBLICAN,MITT ROMNEY,0,OTHER,OTHER,0,
DISTRICT 99,2016,DEMOCRAT,HILLARY CLINTON,274,REPUBLICAN,DONALD TRUMP,40,OTHER,OTHER,28,
DISTRICT 99,2020,DEMOCRAT,JOSEPH R BIDEN JR,373,GREEN,OTHER,0,LIBERTARIAN,JO JORGENSEN,1,OTHER,OTHER,0,REPUBLICAN,DONALD J TRUMP,59,
