ARKANSAS,2000,DEMOCRAT,AL GORE,2877,REPUBLICAN,GEORGE W. BUSH,3353,GREEN,RALPH NADER,65,OTHER,OTHER,77,
ARKANSAS,2004,DEMOCRAT,JOHN KERRY,3110,REPUBLICAN,GEORGE W. BUSH,3789,OTHER,OTHER,47,
ARKANSAS,2008,DEMOCRAT,BARACK OBAMA,2619,REPUBLICAN,JOHN MCCAIN,4185,OTHER,OTHER,174,
ARKANSAS,2012,DEMOCRAT,BARACK OBAMA,2455,REPUBLICAN,MITT ROMNEY,3897,OTHER,OTHER,142,
ARKANSAS,2016,DEMOCRAT,HILLARY CLINTON,1939,REPUBLICAN,DONALD TRUMP,3826,OTHER,OTHER,447,
ARKANSAS,2020,DEMOCRAT,JOSEPH R BIDEN JR,172,DEMOCRAT,JOSEPH R BIDEN JR,1419,DEMOCRAT,JOSEPH R BIDEN JR,224,DEMOCRAT,JOSEPH R BIDEN JR,3,GREEN,OTHER,0,GREEN,OTHER,11,GREEN,OTHER,5,GREEN,OTHER,0,LIBERTARIAN,JO JORGENSEN,1,LIBERTARIAN,JO JORGENSEN,37,LIBERTARIAN,JO JORGENSEN,8,LIBERTARIAN,JO JORGENSEN,0,OTHER,OTHER,0,OTHER,OTHER,88,OTHER,OTHER,20,OTHER,OTHER,0,REPUBLICAN,DONALD J TRUMP,145,REPUBLICAN,DONALD J TRUMP,3658,REPUBLICAN,DONALD J TRUMP,500,REPUBLICAN,DONALD J TRUMP,1,
ASHLEY,2000,DEMOCRAT,AL GORE,4253,REPUBLICAN,GEORGE W. BUSH,3876,GREEN,RALPH NADER,61,OTHER,OTHER,81,
ASHLEY,2004,DEMOCRAT,JOHN KERRY,3881,REPUBLICAN,GEORGE W. BUSH,4567,OTHER,OTHER,64,
ASHLEY,2008,DEMOCRAT,BARACK OBAMA,2976,REPUBLICAN,JOHN MCCAIN,5406,OTHER,OTHER,260,
ASHLEY,2012,DEMOCRAT,BARACK OBAMA,2859,REPUBLICAN,MITT ROMNEY,4867,OTHER,OTHER,195,
ASHLEY,2016,DEMOCRAT,HILLARY CLINTON,2408,REPUBLICAN,DONALD TRUMP,5338,OTHER,OTHER,337,
ASHLEY,2020,DEMOCRAT,JOSEPH R BIDEN JR,347,DEMOCRAT,JOSEPH R BIDEN JR,1309,DEMOCRAT,JOSEPH R BIDEN JR,462,DEMOCRAT,JOSEPH R BIDEN JR,7,GREEN,OTHER,0,GREEN,OTHER,5,GREEN,OTHER,4,GREEN,OTHER,0,LIBERTARIAN,JO JORGENSEN,1,LIBERTARIAN,JO JORGENSEN,14,LIBERTARIAN,JO JORGENSEN,10,LIBERTARIAN,JO JORGENSEN,0,OTHER,OTHER,6,OTHER,OTHER,117,OTHER,OTHER,95,OTHER,OTHER,1,REPUBLICAN,DONALD J TRUMP,286,REPUBLICAN,DONALD J TRUMP,4018,REPUBLICAN,DONALD J TRUMP,1232,REPUBLICAN,DONALD J TRUMP,12,
BAXTER,2000,DEMOCRAT,AL GORE,6516,REPUBLICAN,GEORGE W. BUSH,9538,GREEN,RALPH NADER,429,OTHER,OTHER,225,
BAXTER,2004,DEMOCRAT,JOHN KERRY,7129,REPUBLICAN,GEORGE W. BUSH,11128,OTHER,OTHER,273,
BAXTER,2008,DEMOCRAT,BARACK OBAMA,6539,REPUBLICAN,JOHN MCCAIN,12852,OTHER,OTHER,590,
BAXTER,2012,DEMOCRAT,BARACK OBAMA,5172,REPUBLICAN,MITT ROMNEY,13688,OTHER,OTHER,479,
BAXTER,2016,DEMOCRAT,HILLARY CLINTON,4169,REPUBLICAN,DONALD TRUMP,14682,OTHER,OTHER,915,
BAXTER,2020,DEMOCRAT,JOSEPH R BIDEN JR,1236,DEMOCRAT,JOSEPH R BIDEN JR,2950,DEMOCRAT,JOSEPH R BIDEN JR,449,DEMOCRAT,JOSEPH R BIDEN JR,0,GREEN,OTHER,6,GREEN,OTHER,27,GREEN,OTHER,10,GREEN,OTHER,0,LIBERTARIAN,JO JORGENSEN,10,LIBERTARIAN,JO JORGENSEN,128,LIBERTARIAN,JO JORGENSEN,45,LIBERTARIAN,JO JORGENSEN,0,OTHER,OTHER,12,OTHER,OTHER,223,OTHER,OTHER,75,OTHER,OTHER,0,REPUBLICAN,DONALD J TRUMP,1160,REPUBLICAN,DONALD J TRUMP,12136,REPUBLICAN,DONALD J TRUMP,2540,REPUBLICAN,DONALD J TRUMP,0,
BENTON,2000,DEMOCRAT,AL GORE,17277,REPUBLICAN,GEORGE W. BUSH,34838,GREEN,RALPH NADER,862,OTHER,OTHER,669,
BENTON,2004,DEMOCRAT,JOHN KERRY,20756,REPUBLICAN,GEORGE W. BUSH,46571,OTHER,OTHER,794,
BENTON,2008,DEMOCRAT,BARACK OBAMA,23331,REPUBLICAN,JOHN MCCAIN,51124,OTHER,OTHER,1618,
BENTON,2012,DEMOCRAT,BARACK OBAMA,22636,REPUBLICAN,MITT ROMNEY,54646,OTHER,OTHER,1975,
BENTON,2016,DEMOCRAT,HILLARY CLINTON,28005,REPUBLICAN,DONALD TRUMP,60871,OTHER,OTHER,7948,
BENTON,2020,DEMOCRAT,JOSEPH R BIDEN JR,9176,DEMOCRAT,JOSEPH R BIDEN JR,28508,DEMOCRAT,JOSEPH R BIDEN JR,4565,DEMOCRAT,JOSEPH R BIDEN JR,0,GREEN,OTHER,37,GREEN,OTHER,176,GREEN,OTHER,64,GREEN,OTHER,0,LIBERTARIAN,JO JORGENSEN,202,LIBERTARIAN,JO JORGENSEN,1305,LIBERTARIAN,JO JORGENSEN,465,LIBERTARIAN,JO JORGENSEN,0,OTHER,OTHER,116,OTHER,OTHER,1004,OTHER,OTHER,329,OTHER,OTHER,0,REPUBLICAN,DONALD J TRUMP,5400,REPUBLICAN,DONALD J TRUMP,56966,REPUBLICAN,DONALD J TRUMP,11599,REPUBLICAN,DONALD J TRUMP,0,
BOONE,2000,DEMOCRAT,AL GORE,4493,REPUBLICAN,GEORGE W. BUSH,8569,GREEN,RALPH NADER,289,OTHER,OTHER,284,
BOONE,2004,DEMOCRAT,JOHN KERRY,4640,REPUBLICAN,GEORGE W. BUSH,9793,OTHER,OTHER,344,
BOONE,2008,DEMOCRAT,BARACK OBAMA,4435,REPUBLICAN,JOHN MCCAIN,10575,OTHER,OTHER,464,
BOONE,2012,DEMOCRAT,BARACK OBAMA,3772,REPUBLICAN,MITT ROMNEY,11159,OTHER,OTHER,460,
BOONE,2016,DEMOCRAT,HILLARY CLINTON,2926,REPUBLICAN,DONALD TRUMP,12235,OTHER,OTHER,950,
BOONE,2020,DEMOCRAT,JOSEPH R BIDEN JR,584,DEMOCRAT,JOSEPH R BIDEN JR,1988,DEMOCRAT,JOSEPH R BIDEN JR,489,DEMOCRAT,JOSEPH R BIDEN JR,3,GREEN,OTHER,1,GREEN,OTHER,40,GREEN,OTHER,14,GREEN,OTHER,0,LIBERTARIAN,JO JORGENSEN,4,LIBERTARIAN,JO JORGENSEN,85,LIBERTARIAN,JO JORGENSEN,64,LIBERTARIAN,JO JORGENSEN,0,OTHER,OTHER,16,OTHER,OTHER,120,OTHER,OTHER,54,OTHER,OTHER,0,REPUBLICAN,DONALD J TRUMP,711,REPUBLICAN,DONALD J TRUMP,9235,REPUBLICAN,DONALD J TRUMP,3700,REPUBLICAN,DONALD J TRUMP,6,
BRADLEY,2000,DEMOCRAT,AL GORE,2122,REPUBLICAN,GEORGE W. BUSH,1793,GREEN,RALPH NADER,34,OTHER,OTHER,30,
BRADLEY,2004,DEMOCRAT,JOHN KERRY,2206,REPUBLICAN,GEORGE W. BUSH,2011,OTHER,OTHER,32,
BRADLEY,2008,DEMOCRAT,BARACK OBAMA,1680,REPUBLICAN,JOHN MCCAIN,2262,OTHER,OTHER,99,
BRADLEY,2012,DEMOCRAT,BARACK OBAMA,1449,REPUBLICAN,MITT ROMNEY,2134,OTHER,OTHER,69,
BRADLEY,2016,DEMOCRAT,HILLARY CLINTON,1317,REPUBLICAN,DONALD TRUMP,2164,OTHER,OTHER,172,
BRADLEY,2020,DEMOCRAT,JOSEPH R BIDEN JR,162,DEMOCRAT,JOSEPH R BIDEN JR,759,DEMOCRAT,JOSEPH R BIDEN JR,290,DEMOCRAT,JOSEPH R BIDEN JR,3,GREEN,OTHER,1,GREEN,OTHER,3,GREEN,OTHER,0,GREEN,OTHER,0,LIBERTARIAN,JO JORGENSEN,3,LIBERTARIAN,JO JORGENSEN,23,LIBERTARIAN,JO JORGENSEN,7,LIBERTARIAN,JO JORGENSEN,0,OTHER,OTHER,2,OTHER,OTHER,42,OTHER,OTHER,24,OTHER,OTHER,0,REPUBLICAN,DONALD J TRUMP,117,REPUBLICAN,DONALD J TRUMP,1444,REPUBLICAN,DONALD J TRUMP,772,REPUBLICAN,DONALD J TRUMP,2,
CALHOUN,2000,DEMOCRAT,AL GORE,1017,REPUBLICAN,GEORGE W. BUSH,1128,GREEN,RALPH NADER,19,OTHER,OTHER,21,
CALHOUN,2004,DEMOCRAT,JOHN KERRY,942,REPUBLICAN,GEORGE W. BUSH,1341,OTHER,OTHER,20,
CALHOUN,2008,DEMOCRAT,BARACK OBAMA,691,REPUBLICAN,JOHN MCCAIN,1462,OTHER,OTHER,64,
CALHOUN,2012,DEMOCRAT,BARACK OBAMA,660,REPUBLICAN,MITT ROMNEY,1458,OTHER,OTHER,56,
CALHOUN,2016,DEMOCRAT,HILLARY CLINTON,639,REPUBLICAN,DONALD TRUMP,1556,OTHER,OTHER,74,
CALHOUN,2020,DEMOCRAT,JOSEPH R BIDEN JR,39,DEMOCRAT,JOSEPH R BIDEN JR,300,DEMOCRAT,JOSEPH R BIDEN JR,128,DEMOCRAT,JOSEPH R BIDEN JR,12,GREEN,OTHER,0,GREEN,OTHER,3,GREEN,OTHER,5,GREEN,OTHER,0,LIBERTARIAN,JO JORGENSEN,0,LIBERTARIAN,JO JORGENSEN,12,LIBERTARIAN,JO JORGENSEN,4,LIBERTARIAN,JO JORGENSEN,0,OTHER,OTHER,0,OTHER,OTHER,25,OTHER,OTHER,18,OTHER,OTHER,0,REPUBLICAN,DONALD J TRUMP,72,REPUBLICAN,DONALD J TRUMP,958,REPUBLICAN,DONALD J TRUMP,582,REPUBLICAN,DONALD J TRUMP,24,
CARROLL,2000,DEMOCRAT,AL GORE,3595,REPUBLICAN,GEORGE W. BUSH,5556,GREEN,RALPH NADER,301,OTHER,OTHER,138,
CARROLL,2004,DEMOCRAT,JOHN KERRY,4161,REPUBLICAN,GEORGE W. BUSH,6184,OTHER,OTHER,136,
CARROLL,2008,DEMOCRAT,BARACK OBAMA,4172,REPUBLICAN,JOHN MCCAIN,6083,OTHER,OTHER,324,
CARROLL,2012,DEMOCRAT,BARACK OBAMA,3696,REPUBLICAN,MITT ROMNEY,6125,OTHER,OTHER,362,
CARROLL,2016,DEMOCRAT,HILLARY CLINTON,3342,REPUBLICAN,DONALD TRUMP,6786,OTHER,OTHER,630,
CARROLL,2020,DEMOCRAT,JOSEPH R BIDEN JR,1247,DEMOCRAT,JOSEPH R BIDEN JR,2315,DEMOCRAT,JOSEPH R BIDEN JR,420,DEMOCRAT,JOSEPH R BIDEN JR,41,GREEN,OTHER,4,GREEN,OTHER,33,GREEN,OTHER,10,GREEN,OTHER,1,LIBERTARIAN,JO JORGENSEN,11,LIBERTARIAN,JO JORGENSEN,48,LIBERTARIAN,JO JORGENSEN,40,LIBERTARIAN,JO JORGENSEN,1,OTHER,OTHER,13,OTHER,OTHER,137,OTHER,OTHER,50,OTHER,OTHER,2,REPUBLICAN,DONALD J TRUMP,627,REPUBLICAN,DONALD J TRUMP,4862,REPUBLICAN,DONALD J TRUMP,1892,REPUBLICAN,DONALD J TRUMP,43,
CHICOT,2000,DEMOCRAT,AL GORE,2820,REPUBLICAN,GEORGE W. BUSH,1564,GREEN,RALPH NADER,26,OTHER,OTHER,42,
CHICOT,2004,DEMOCRAT,JOHN KERRY,2993,REPUBLICAN,GEORGE W. BUSH,1725,OTHER,OTHER,39,
CHICOT,2008,DEMOCRAT,BARACK OBAMA,3043,REPUBLICAN,JOHN MCCAIN,2119,OTHER,OTHER,46,
CHICOT,2012,DEMOCRAT,BARACK OBAMA,2649,REPUBLICAN,MITT ROMNEY,1670,OTHER,OTHER,42,
CHICOT,2016,DEMOCRAT,HILLARY CLINTON,2350,REPUBLICAN,DONALD TRUMP,1716,OTHER,OTHER,110,
CHICOT,2020,DEMOCRAT,JOSEPH R BIDEN JR,375,DEMOCRAT,JOSEPH R BIDEN JR,1061,DEMOCRAT,JOSEPH R BIDEN JR,824,DEMOCRAT,JOSEPH R BIDEN JR,0,GREEN,OTHER,0,GREEN,OTHER,4,GREEN,OTHER,1,GREEN,OTHER,0,LIBERTARIAN,JO JORGENSEN,0,LIBERTARIAN,JO JORGENSEN,13,LIBERTARIAN,JO JORGENSEN,4,LIBERTARIAN,JO JORGENSEN,0,OTHER,OTHER,7,OTHER,OTHER,37,OTHER,OTHER,25,OTHER,OTHER,0,REPUBLICAN,DONALD J TRUMP,183,REPUBLICAN,DONALD J TRUMP,1207,REPUBLICAN,DONALD J TRUMP,362,REPUBLICAN,DONALD J TRUMP,0,
CLARK,2000,DEMOCRAT,AL GORE,4661,REPUBLICAN,GEORGE W. BUSH,3776,GREEN,RALPH NADER,103,OTHER,OTHER,86,
CLARK,2004,DEMOCRAT,JOHN KERRY,4985,REPUBLICAN,GEORGE W. BUSH,4127,OTHER,OTHER,77,
CLARK,2008,DEMOCRAT,BARACK OBAMA,4267,REPUBLICAN,JOHN MCCAIN,4608,OTHER,OTHER,219,
CLARK,2012,DEMOCRAT,BARACK OBAMA,3811,REPUBLICAN,MITT ROMNEY,4343,OTHER,OTHER,255,
CLARK,2016,DEMOCRAT,HILLARY CLINTON,3620,REPUBLICAN,DONALD TRUMP,4404,OTHER,OTHER,502,
CLARK,2020,DEMOCRAT,JOSEPH R BIDEN JR,515,DEMOCRAT,JOSEPH R BIDEN JR,2413,DEMOCRAT,JOSEPH R BIDEN JR,485,DEMOCRAT,JOSEPH R BIDEN JR,25,GREEN,OTHER,1,GREEN,OTHER,25,GREEN,OTHER,22,GREEN,OTHER,0,LIBERTARIAN,JO JORGENSEN,3,LIBERTARIAN,JO JORGENSEN,54,LIBERTARIAN,JO JORGENSEN,21,LIBERTARIAN,JO JORGENSEN,1,OTHER,OTHER,10,OTHER,OTHER,145,OTHER,OTHER,59,OTHER,OTHER,0,REPUBLICAN,DONALD J TRUMP,280,REPUBLICAN,DONALD J TRUMP,3076,REPUBLICAN,DONALD J TRUMP,1249,REPUBLICAN,DONALD J TRUMP,11,
CLAY,2000,DEMOCRAT,AL GORE,3527,REPUBLICAN,GEORGE W. BUSH,2254,GREEN,RALPH NADER,73,OTHER,OTHER,46,
CLAY,2004,DEMOCRAT,JOHN KERRY,3264,REPUBLICAN,GEORGE W. BUSH,2759,OTHER,OTHER,73,
CLAY,2008,DEMOCRAT,BARACK OBAMA,2244,REPUBLICAN,JOHN MCCAIN,3032,OTHER,OTHER,235,
CLAY,2012,DEMOCRAT,BARACK OBAMA,1738,REPUBLICAN,MITT ROMNEY,3225,OTHER,OTHER,147,
CLAY,2016,DEMOCRAT,HILLARY CLINTON,1199,REPUBLICAN,DONALD TRUMP,3781,OTHER,OTHER,220,
CLAY,2020,DEMOCRAT,JOSEPH R BIDEN JR,128,DEMOCRAT,JOSEPH R BIDEN JR,141,DEMOCRAT,JOSEPH R BIDEN JR,684,DEMOCRAT,JOSEPH R BIDEN JR,9,GREEN,OTHER,0,GREEN,OTHER,5,GREEN,OTHER,6,GREEN,OTHER,0,LIBERTARIAN,JO JORGENSEN,2,LIBERTARIAN,JO JORGENSEN,21,LIBERTARIAN,JO JORGENSEN,30,LIBERTARIAN,JO JORGENSEN,0,OTHER,OTHER,4,OTHER,OTHER,15,OTHER,OTHER,52,OTHER,OTHER,0,REPUBLICAN,DONALD J TRUMP,133,REPUBLICAN,DONALD J TRUMP,954,REPUBLICAN,DONALD J TRUMP,2981,REPUBLICAN,DONALD J TRUMP,18,
CLEBURNE,2000,DEMOCRAT,AL GORE,4120,REPUBLICAN,GEORGE W. BUSH,5730,GREEN,RALPH NADER,183,OTHER,OTHER,174,
CLEBURNE,2004,DEMOCRAT,JOHN KERRY,4702,REPUBLICAN,GEORGE W. BUSH,7001,OTHER,OTHER,132,
CLEBURNE,2008,DEMOCRAT,BARACK OBAMA,2951,REPUBLICAN,JOHN MCCAIN,7962,OTHER,OTHER,425,
CLEBURNE,2012,DEMOCRAT,BARACK OBAMA,2620,REPUBLICAN,MITT ROMNEY,8693,OTHER,OTHER,334,
CLEBURNE,2016,DEMOCRAT,HILLARY CLINTON,2101,REPUBLICAN,DONALD TRUMP,9458,OTHER,OTHER,526,
CLEBURNE,2020,DEMOCRAT,JOSEPH R BIDEN JR,383,DEMOCRAT,JOSEPH R BIDEN JR,1147,DEMOCRAT,JOSEPH R BIDEN JR,432,DEMOCRAT,JOSEPH R BIDEN JR,26,GREEN,OTHER,1,GREEN,OTHER,3,GREEN,OTHER,6,GREEN,OTHER,0,LIBERTARIAN,JO JORGENSEN,4,LIBERTARIAN,JO JORGENSEN,66,LIBERTARIAN,JO JORGENSEN,35,LIBERTARIAN,JO JORGENSEN,0,OTHER,OTHER,5,OTHER,OTHER,151,OTHER,OTHER,92,OTHER,OTHER,1,REPUBLICAN,DONALD J TRUMP,423,REPUBLICAN,DONALD J TRUMP,6289,REPUBLICAN,DONALD J TRUMP,3581,REPUBLICAN,DONALD J TRUMP,35,
CLEVELAND,2000,DEMOCRAT,AL GORE,1414,REPUBLICAN,GEORGE W. BUSH,1678,GREEN,RALPH NADER,30,OTHER,OTHER,59,
CLEVELAND,2004,DEMOCRAT,JOHN KERRY,1450,REPUBLICAN,GEORGE W. BUSH,2009,OTHER,OTHER,37,
CLEVELAND,2008,DEMOCRAT,BARACK OBAMA,911,REPUBLICAN,JOHN MCCAIN,2451,OTHER,OTHER,143,
CLEVELAND,2012,DEMOCRAT,BARACK OBAMA,845,REPUBLICAN,MITT ROMNEY,2313,OTHER,OTHER,108,
CLEVELAND,2016,DEMOCRAT,HILLARY CLINTON,723,REPUBLICAN,DONALD TRUMP,2462,OTHER,OTHER,169,
CLEVELAND,2020,DEMOCRAT,JOSEPH R BIDEN JR,84,DEMOCRAT,JOSEPH R BIDEN JR,377,DEMOCRAT,JOSEPH R BIDEN JR,184,DEMOCRAT,JOSEPH R BIDEN JR,6,GREEN,OTHER,0,GREEN,OTHER,4,GREEN,OTHER,4,GREEN,OTHER,0,LIBERTARIAN,JO JORGENSEN,0,LIBERTARIAN,JO JORGENSEN,14,LIBERTARIAN,JO JORGENSEN,13,LIBERTARIAN,JO JORGENSEN,0,OTHER,OTHER,0,OTHER,OTHER,31,OTHER,OTHER,16,OTHER,OTHER,0,REPUBLICAN,DONALD J TRUMP,84,REPUBLICAN,DONALD J TRUMP,1570,REPUBLICAN,DONALD J TRUMP,1168,REPUBLICAN,DONALD J TRUMP,45,
COLUMBIA,2000,DEMOCRAT,AL GORE,4003,REPUBLICAN,GEORGE W. BUSH,5018,GREEN,RALPH NADER,70,OTHER,OTHER,216,
COLUMBIA,2004,DEMOCRAT,JOHN KERRY,4108,REPUBLICAN,GEORGE W. BUSH,5729,OTHER,OTHER,72,
COLUMBIA,2008,DEMOCRAT,BARACK OBAMA,3554,REPUBLICAN,JOHN MCCAIN,5861,OTHER,OTHER,143,
COLUMBIA,2012,DEMOCRAT,BARACK OBAMA,3557,REPUBLICAN,MITT ROMNEY,5790,OTHER,OTHER,108,
COLUMBIA,2016,DEMOCRAT,HILLARY CLINTON,3140,REPUBLICAN,DONALD TRUMP,5456,OTHER,OTHER,291,
COLUMBIA,2020,DEMOCRAT,JOSEPH R BIDEN JR,392,DEMOCRAT,JOSEPH R BIDEN JR,1971,DEMOCRAT,JOSEPH R BIDEN JR,418,DEMOCRAT,JOSEPH R BIDEN JR,33,GREEN,OTHER,0,GREEN,OTHER,61,GREEN,OTHER,10,GREEN,OTHER,0,LIBERTARIAN,JO JORGENSEN,6,LIBERTARIAN,JO JORGENSEN,35,LIBERTARIAN,JO JORGENSEN,12,LIBERTARIAN,JO JORGENSEN,0,OTHER,OTHER,4,OTHER,OTHER,136,OTHER,OTHER,36,OTHER,OTHER,2,REPUBLICAN,DONALD J TRUMP,294,REPUBLICAN,DONALD J TRUMP,4419,REPUBLICAN,DONALD J TRUMP,756,REPUBLICAN,DONALD J TRUMP,31,
CONWAY,2000,DEMOCRAT,AL GORE,3496,REPUBLICAN,GEORGE W. BUSH,3545,GREEN,RALPH NADER,84,OTHER,OTHER,109,
CONWAY,2004,DEMOCRAT,JOHN KERRY,4259,REPUBLICAN,GEORGE W. BUSH,4293,OTHER,OTHER,97,
CONWAY,2008,DEMOCRAT,BARACK OBAMA,3149,REPUBLICAN,JOHN MCCAIN,4691,OTHER,OTHER,298,
CONWAY,2012,DEMOCRAT,BARACK OBAMA,3005,REPUBLICAN,MITT ROMNEY,4514,OTHER,OTHER,211,
CONWAY,2016,DEMOCRAT,HILLARY CLINTON,2656,REPUBLICAN,DONALD TRUMP,4849,OTHER,OTHER,422,
CONWAY,2020,DEMOCRAT,JOSEPH R BIDEN JR,554,DEMOCRAT,JOSEPH R BIDEN JR,1547,DEMOCRAT,JOSEPH R BIDEN JR,514,DEMOCRAT,JOSEPH R BIDEN JR,0,GREEN,OTHER,0,GREEN,OTHER,9,GREEN,OTHER,9,GREEN,OTHER,0,LIBERTARIAN,JO JORGENSEN,3,LIBERTARIAN,JO JORGENSEN,49,LIBERTARIAN,JO JORGENSEN,26,LIBERTARIAN,JO JORGENSEN,0,OTHER,OTHER,6,OTHER,OTHER,149,OTHER,OTHER,125,OTHER,OTHER,0,REPUBLICAN,DONALD J TRUMP,282,REPUBLICAN,DONALD J TRUMP,3358,REPUBLICAN,DONALD J TRUMP,2054,REPUBLICAN,DONALD J TRUMP,0,
CRAIGHEAD,2000,DEMOCRAT,AL GORE,12376,REPUBLICAN,GEORGE W. BUSH,12158,GREEN,RALPH NADER,409,OTHER,OTHER,214,
CRAIGHEAD,2004,DEMOCRAT,JOHN KERRY,13665,REPUBLICAN,GEORGE W. BUSH,15818,OTHER,OTHER,318,
CRAIGHEAD,2008,DEMOCRAT,BARACK OBAMA,11294,REPUBLICAN,JOHN MCCAIN,18881,OTHER,OTHER,793,
CRAIGHEAD,2012,DEMOCRAT,BARACK OBAMA,10527,REPUBLICAN,MITT ROMNEY,20350,OTHER,OTHER,823,
CRAIGHEAD,2016,DEMOCRAT,HILLARY CLINTON,10538,REPUBLICAN,DONALD TRUMP,22892,OTHER,OTHER,2143,
CRAIGHEAD,2020,DEMOCRAT,JOSEPH R BIDEN JR,1861,DEMOCRAT,JOSEPH R BIDEN JR,7574,DEMOCRAT,JOSEPH R BIDEN JR,2450,DEMOCRAT,JOSEPH R BIDEN JR,36,GREEN,OTHER,9,GREEN,OTHER,54,GREEN,OTHER,58,GREEN,OTHER,0,LIBERTARIAN,JO JORGENSEN,20,LIBERTARIAN,JO JORGENSEN,257,LIBERTARIAN,JO JORGENSEN,163,LIBERTARIAN,JO JORGENSEN,0,OTHER,OTHER,25,OTHER,OTHER,255,OTHER,OTHER,188,OTHER,OTHER,3,REPUBLICAN,DONALD J TRUMP,1321,REPUBLICAN,DONALD J TRUMP,17156,REPUBLICAN,DONALD J TRUMP,7036,REPUBLICAN,DONALD J TRUMP,45,
CRAWFORD,2000,DEMOCRAT,AL GORE,6288,REPUBLICAN,GEORGE W. BUSH,10804,GREEN,RALPH NADER,223,OTHER,OTHER,310,
CRAWFORD,2004,DEMOCRAT,JOHN KERRY,6764,REPUBLICAN,GEORGE W. BUSH,13391,OTHER,OTHER,246,
CRAWFORD,2008,DEMOCRAT,BARACK OBAMA,5238,REPUBLICAN,JOHN MCCAIN,14688,OTHER,OTHER,606,
CRAWFORD,2012,DEMOCRAT,BARACK OBAMA,4881,REPUBLICAN,MITT ROMNEY,15145,OTHER,OTHER,565,
CRAWFORD,2016,DEMOCRAT,HILLARY CLINTON,4488,REPUBLICAN,DONALD TRUMP,16686,OTHER,OTHER,1276,
CRAWFORD,2020,DEMOCRAT,JOSEPH R BIDEN JR,1050,DEMOCRAT,JOSEPH R BIDEN JR,3082,DEMOCRAT,JOSEPH R BIDEN JR,806,DEMOCRAT,JOSEPH R BIDEN JR,21,GREEN,OTHER,2,GREEN,OTHER,23,GREEN,OTHER,10,GREEN,OTHER,0,LIBERTARIAN,JO JORGENSEN,13,LIBERTARIAN,JO JORGENSEN,164,LIBERTARIAN,JO JORGENSEN,96,LIBERTARIAN,JO JORGENSEN,1,OTHER,OTHER,14,OTHER,OTHER,139,OTHER,OTHER,62,OTHER,OTHER,1,REPUBLICAN,DONALD J TRUMP,964,REPUBLICAN,DONALD J TRUMP,13335,REPUBLICAN,DONALD J TRUMP,4268,REPUBLICAN,DONALD J TRUMP,40,
CRITTENDEN,2000,DEMOCRAT,AL GORE,7224,REPUBLICAN,GEORGE W. BUSH,5857,GREEN,RALPH NADER,97,OTHER,OTHER,56,
CRITTENDEN,2004,DEMOCRAT,JOHN KERRY,8277,REPUBLICAN,GEORGE W. BUSH,6930,OTHER,OTHER,93,
CRITTENDEN,2008,DEMOCRAT,BARACK OBAMA,10330,REPUBLICAN,JOHN MCCAIN,7650,OTHER,OTHER,275,
CRITTENDEN,2012,DEMOCRAT,BARACK OBAMA,9487,REPUBLICAN,MITT ROMNEY,6998,OTHER,OTHER,231,
CRITTENDEN,2016,DEMOCRAT,HILLARY CLINTON,8410,REPUBLICAN,DONALD TRUMP,6964,OTHER,OTHER,578,
CRITTENDEN,2020,DEMOCRAT,JOSEPH R BIDEN JR,538,DEMOCRAT,JOSEPH R BIDEN JR,6212,DEMOCRAT,JOSEPH R BIDEN JR,1595,DEMOCRAT,JOSEPH R BIDEN JR,169,GREEN,OTHER,2,GREEN,OTHER,19,GREEN,OTHER,8,GREEN,OTHER,0,LIBERTARIAN,JO JORGENSEN,4,LIBERTARIAN,JO JORGENSEN,91,LIBERTARIAN,JO JORGENSEN,17,LIBERTARIAN,JO JORGENSEN,0,OTHER,OTHER,8,OTHER,OTHER,249,OTHER,OTHER,120,OTHER,OTHER,2,REPUBLICAN,DONALD J TRUMP,287,REPUBLICAN,DONALD J TRUMP,5895,REPUBLICAN,DONALD J TRUMP,1072,REPUBLICAN,DONALD J TRUMP,79,
CROSS,2000,DEMOCRAT,AL GORE,3096,REPUBLICAN,GEORGE W. BUSH,3033,GREEN,RALPH NADER,38,OTHER,OTHER,48,
CROSS,2004,DEMOCRAT,JOHN KERRY,3135,REPUBLICAN,GEORGE W. BUSH,3864,OTHER,OTHER,75,
CROSS,2008,DEMOCRAT,BARACK OBAMA,2580,REPUBLICAN,JOHN MCCAIN,4393,OTHER,OTHER,157,
CROSS,2012,DEMOCRAT,BARACK OBAMA,2279,REPUBLICAN,MITT ROMNEY,4269,OTHER,OTHER,133,
CROSS,2016,DEMOCRAT,HILLARY CLINTON,1999,REPUBLICAN,DONALD TRUMP,4584,OTHER,OTHER,291,
CROSS,2020,DEMOCRAT,JOSEPH R BIDEN JR,222,DEMOCRAT,JOSEPH R BIDEN JR,1206,DEMOCRAT,JOSEPH R BIDEN JR,331,DEMOCRAT,JOSEPH R BIDEN JR,13,GREEN,OTHER,0,GREEN,OTHER,4,GREEN,OTHER,4,GREEN,OTHER,0,LIBERTARIAN,JO JORGENSEN,2,LIBERTARIAN,JO JORGENSEN,34,LIBERTARIAN,JO JORGENSEN,12,LIBERTARIAN,JO JORGENSEN,0,OTHER,OTHER,1,OTHER,OTHER,124,OTHER,OTHER,43,OTHER,OTHER,0,REPUBLICAN,DONALD J TRUMP,161,REPUBLICAN,DONALD J TRUMP,3791,REPUBLICAN,DONALD J TRUMP,976,REPUBLICAN,DONALD J TRUMP,18,
DALLAS,2000,DEMOCRAT,AL GORE,1710,REPUBLICAN,GEORGE W. BUSH,1571,GREEN,RALPH NADER,21,OTHER,OTHER,23,
DALLAS,2004,DEMOCRAT,JOHN KERRY,1667,REPUBLICAN,GEORGE W. BUSH,1699,OTHER,OTHER,17,
DALLAS,2008,DEMOCRAT,BARACK OBAMA,1471,REPUBLICAN,JOHN MCCAIN,1757,OTHER,OTHER,90,
DALLAS,2012,DEMOCRAT,BARACK OBAMA,1337,REPUBLICAN,MITT ROMNEY,1665,OTHER,OTHER,82,
DALLAS,2016,DEMOCRAT,HILLARY CLINTON,1165,REPUBLICAN,DONALD TRUMP,1509,OTHER,OTHER,97,
DALLAS,2020,DEMOCRAT,JOSEPH R BIDEN JR,62,DEMOCRAT,JOSEPH R BIDEN JR,650,DEMOCRAT,JOSEPH R BIDEN JR,249,DEMOCRAT,JOSEPH R BIDEN JR,2,GREEN,OTHER,1,GREEN,OTHER,1,GREEN,OTHER,1,GREEN,OTHER,0,LIBERTARIAN,JO JORGENSEN,1,LIBERTARIAN,JO JORGENSEN,7,LIBERTARIAN,JO JORGENSEN,6,LIBERTARIAN,JO JORGENSEN,0,OTHER,OTHER,0,OTHER,OTHER,51,OTHER,OTHER,45,OTHER,OTHER,0,REPUBLICAN,DONALD J TRUMP,44,REPUBLICAN,DONALD J TRUMP,884,REPUBLICAN,DONALD J TRUMP,645,REPUBLICAN,DONALD J TRUMP,0,
DESHA,2000,DEMOCRAT,AL GORE,2776,REPUBLICAN,GEORGE W. BUSH,1603,GREEN,RALPH NADER,38,OTHER,OTHER,78,
DESHA,2004,DEMOCRAT,JOHN KERRY,2851,REPUBLICAN,GEORGE W. BUSH,1729,OTHER,OTHER,67,
DESHA,2008,DEMOCRAT,BARACK OBAMA,2569,REPUBLICAN,JOHN MCCAIN,1999,OTHER,OTHER,110,
DESHA,2012,DEMOCRAT,BARACK OBAMA,2443,REPUBLICAN,MITT ROMNEY,1896,OTHER,OTHER,81,
DESHA,2016,DEMOCRAT,HILLARY CLINTON,2228,REPUBLICAN,DONALD TRUMP,1919,OTHER,OTHER,110,
DESHA,2020,DEMOCRAT,JOSEPH R BIDEN JR,215,DEMOCRAT,JOSEPH R BIDEN JR,1299,DEMOCRAT,JOSEPH R BIDEN JR,494,DEMOCRAT,JOSEPH R BIDEN JR,8,GREEN,OTHER,1,GREEN,OTHER,7,GREEN,OTHER,2,GREEN,OTHER,0,LIBERTARIAN,JO JORGENSEN,2,LIBERTARIAN,JO JORGENSEN,10,LIBERTARIAN,JO JORGENSEN,6,LIBERTARIAN,JO JORGENSEN,0,OTHER,OTHER,2,OTHER,OTHER,127,OTHER,OTHER,70,OTHER,OTHER,0,REPUBLICAN,DONALD J TRUMP,124,REPUBLICAN,DONALD J TRUMP,1379,REPUBLICAN,DONALD J TRUMP,414,REPUBLICAN,DONALD J TRUMP,4,
DREW,2000,DEMOCRAT,AL GORE,3060,REPUBLICAN,GEORGE W. BUSH,2756,GREEN,RALPH NADER,47,OTHER,OTHER,59,
DREW,2004,DEMOCRAT,JOHN KERRY,2952,REPUBLICAN,GEORGE W. BUSH,3262,OTHER,OTHER,35,
DREW,2008,DEMOCRAT,BARACK OBAMA,2598,REPUBLICAN,JOHN MCCAIN,3860,OTHER,OTHER,152,
DREW,2012,DEMOCRAT,BARACK OBAMA,2630,REPUBLICAN,MITT ROMNEY,3887,OTHER,OTHER,116,
DREW,2016,DEMOCRAT,HILLARY CLINTON,2365,REPUBLICAN,DONALD TRUMP,3968,OTHER,OTHER,262,
DREW,2020,DEMOCRAT,JOSEPH R BIDEN JR,317,DEMOCRAT,JOSEPH R BIDEN JR,1650,DEMOCRAT,JOSEPH R BIDEN JR,459,DEMOCRAT,JOSEPH R BIDEN JR,0,GREEN,OTHER,0,GREEN,OTHER,14,GREEN,OTHER,7,GREEN,OTHER,0,LIBERTARIAN,JO JORGENSEN,3,LIBERTARIAN,JO JORGENSEN,15,LIBERTARIAN,JO JORGENSEN,9,LIBERTARIAN,JO JORGENSEN,0,OTHER,OTHER,2,OTHER,OTHER,46,OTHER,OTHER,37,OTHER,OTHER,0,REPUBLICAN,DONALD J TRUMP,273,REPUBLICAN,DONALD J TRUMP,3126,REPUBLICAN,DONALD J TRUMP,950,REPUBLICAN,DONALD J TRUMP,0,
FAULKNER,2000,DEMOCRAT,AL GORE,11950,REPUBLICAN,GEORGE W. BUSH,16055,GREEN,RALPH NADER,513,OTHER,OTHER,698,
FAULKNER,2004,DEMOCRAT,JOHN KERRY,14538,REPUBLICAN,GEORGE W. BUSH,21514,OTHER,OTHER,634,
FAULKNER,2008,DEMOCRAT,BARACK OBAMA,14955,REPUBLICAN,JOHN MCCAIN,25362,OTHER,OTHER,862,
FAULKNER,2012,DEMOCRAT,BARACK OBAMA,13621,REPUBLICAN,MITT ROMNEY,26722,OTHER,OTHER,1117,
FAULKNER,2016,DEMOCRAT,HILLARY CLINTON,14629,REPUBLICAN,DONALD TRUMP,29346,OTHER,OTHER,3552,
FAULKNER,2020,DEMOCRAT,JOSEPH R BIDEN JR,2479,DEMOCRAT,JOSEPH R BIDEN JR,13799,DEMOCRAT,JOSEPH R BIDEN JR,1989,DEMOCRAT,JOSEPH R BIDEN JR,80,GREEN,OTHER,9,GREEN,OTHER,118,GREEN,OTHER,31,GREEN,OTHER,1,LIBERTARIAN,JO JORGENSEN,28,LIBERTARIAN,JO JORGENSEN,626,LIBERTARIAN,JO JORGENSEN,186,LIBERTARIAN,JO JORGENSEN,0,OTHER,OTHER,34,OTHER,OTHER,503,OTHER,OTHER,124,OTHER,OTHER,0,REPUBLICAN,DONALD J TRUMP,1332,REPUBLICAN,DONALD J TRUMP,27934,REPUBLICAN,DONALD J TRUMP,5072,REPUBLICAN,DONALD J TRUMP,83,
FRANKLIN,2000,DEMOCRAT,AL GORE,2674,REPUBLICAN,GEORGE W. BUSH,3277,GREEN,RALPH NADER,100,OTHER,OTHER,89,
FRANKLIN,2004,DEMOCRAT,JOHN KERRY,3008,REPUBLICAN,GEORGE W. BUSH,4181,OTHER,OTHER,100,
FRANKLIN,2008,DEMOCRAT,BARACK OBAMA,1869,REPUBLICAN,JOHN MCCAIN,4411,OTHER,OTHER,195,
FRANKLIN,2012,DEMOCRAT,BARACK OBAMA,1726,REPUBLICAN,MITT ROMNEY,4631,OTHER,OTHER,183,
FRANKLIN,2016,DEMOCRAT,HILLARY CLINTON,1376,REPUBLICAN,DONALD TRUMP,5039,OTHER,OTHER,355,
FRANKLIN,2020,DEMOCRAT,JOSEPH R BIDEN JR,200,DEMOCRAT,JOSEPH R BIDEN JR,871,DEMOCRAT,JOSEPH R BIDEN JR,227,DEMOCRAT,JOSEPH R BIDEN JR,2,GREEN,OTHER,0,GREEN,OTHER,8,GREEN,OTHER,1,GREEN,OTHER,0,LIBERTARIAN,JO JORGENSEN,5,LIBERTARIAN,JO JORGENSEN,43,LIBERTARIAN,JO JORGENSEN,18,LIBERTARIAN,JO JORGENSEN,1,OTHER,OTHER,3,OTHER,OTHER,46,OTHER,OTHER,27,OTHER,OTHER,0,REPUBLICAN,DONALD J TRUMP,208,REPUBLICAN,DONALD J TRUMP,4101,REPUBLICAN,DONALD J TRUMP,1355,REPUBLICAN,DONALD J TRUMP,13,
FULTON,2000,DEMOCRAT,AL GORE,1976,REPUBLICAN,GEORGE W. BUSH,2036,GREEN,RALPH NADER,51,OTHER,OTHER,45,
FULTON,2004,DEMOCRAT,JOHN KERRY,2370,REPUBLICAN,GEORGE W. BUSH,2522,OTHER,OTHER,63,
FULTON,2008,DEMOCRAT,BARACK OBAMA,1819,REPUBLICAN,JOHN MCCAIN,2702,OTHER,OTHER,155,
FULTON,2012,DEMOCRAT,BARACK OBAMA,1452,REPUBLICAN,MITT ROMNEY,2949,OTHER,OTHER,121,
FULTON,2016,DEMOCRAT,HILLARY CLINTON,1067,REPUBLICAN,DONALD TRUMP,3471,OTHER,OTHER,234,
FULTON,2020,DEMOCRAT,JOSEPH R BIDEN JR,181,DEMOCRAT,JOSEPH R BIDEN JR,642,DEMOCRAT,JOSEPH R BIDEN JR,208,DEMOCRAT,JOSEPH R BIDEN JR,4,GREEN,OTHER,0,GREEN,OTHER,2,GREEN,OTHER,2,GREEN,OTHER,0,LIBERTARIAN,JO JORGENSEN,1,LIBERTARIAN,JO JORGENSEN,23,LIBERTARIAN,JO JORGENSEN,14,LIBERTARIAN,JO JORGENSEN,0,OTHER,OTHER,4,OTHER,OTHER,46,OTHER,OTHER,31,OTHER,OTHER,0,REPUBLICAN,DONALD J TRUMP,157,REPUBLICAN,DONALD J TRUMP,2493,REPUBLICAN,DONALD J TRUMP,1294,REPUBLICAN,DONALD J TRUMP,17,
GARLAND,2000,DEMOCRAT,AL GORE,15840,REPUBLICAN,GEORGE W. BUSH,19098,GREEN,RALPH NADER,566,OTHER,OTHER,431,
GARLAND,2004,DEMOCRAT,JOHN KERRY,18040,REPUBLICAN,GEORGE W. BUSH,21734,OTHER,OTHER,380,
GARLAND,2008,DEMOCRAT,BARACK OBAMA,15899,REPUBLICAN,JOHN MCCAIN,26825,OTHER,OTHER,995,
GARLAND,2012,DEMOCRAT,BARACK OBAMA,13804,REPUBLICAN,MITT ROMNEY,26014,OTHER,OTHER,910,
GARLAND,2016,DEMOCRAT,HILLARY CLINTON,12311,REPUBLICAN,DONALD TRUMP,26087,OTHER,OTHER,2407,
GARLAND,2020,DEMOCRAT,JOSEPH R BIDEN JR,3062,DEMOCRAT,JOSEPH R BIDEN JR,9612,DEMOCRAT,JOSEPH R BIDEN JR,1287,DEMOCRAT,JOSEPH R BIDEN JR,84,GREEN,OTHER,7,GREEN,OTHER,72,GREEN,OTHER,23,GREEN,OTHER,0,LIBERTARIAN,JO JORGENSEN,39,LIBERTARIAN,JO JORGENSEN,271,LIBERTARIAN,JO JORGENSEN,84,LIBERTARIAN,JO JORGENSEN,2,OTHER,OTHER,33,OTHER,OTHER,429,OTHER,OTHER,121,OTHER,OTHER,4,REPUBLICAN,DONALD J TRUMP,1880,REPUBLICAN,DONALD J TRUMP,22991,REPUBLICAN,DONALD J TRUMP,4080,REPUBLICAN,DONALD J TRUMP,118,
GRANT,2000,DEMOCRAT,AL GORE,2535,REPUBLICAN,GEORGE W. BUSH,3285,GREEN,RALPH NADER,88,OTHER,OTHER,105,
GRANT,2004,DEMOCRAT,JOHN KERRY,2524,REPUBLICAN,GEORGE W. BUSH,4205,OTHER,OTHER,41,
GRANT,2008,DEMOCRAT,BARACK OBAMA,1562,REPUBLICAN,JOHN MCCAIN,5023,OTHER,OTHER,208,
GRANT,2012,DEMOCRAT,BARACK OBAMA,1468,REPUBLICAN,MITT ROMNEY,4829,OTHER,OTHER,182,
GRANT,2016,DEMOCRAT,HILLARY CLINTON,1373,REPUBLICAN,DONALD TRUMP,5725,OTHER,OTHER,347,
GRANT,2020,DEMOCRAT,JOSEPH R BIDEN JR,238,DEMOCRAT,JOSEPH R BIDEN JR,777,DEMOCRAT,JOSEPH R BIDEN JR,253,DEMOCRAT,JOSEPH R BIDEN JR,0,GREEN,OTHER,1,GREEN,OTHER,5,GREEN,OTHER,2,GREEN,OTHER,0,LIBERTARIAN,JO JORGENSEN,2,LIBERTARIAN,JO JORGENSEN,32,LIBERTARIAN,JO JORGENSEN,22,LIBERTARIAN,JO JORGENSEN,0,OTHER,OTHER,2,OTHER,OTHER,39,OTHER,OTHER,33,OTHER,OTHER,0,REPUBLICAN,DONALD J TRUMP,248,REPUBLICAN,DONALD J TRUMP,4674,REPUBLICAN,DONALD J TRUMP,1869,REPUBLICAN,DONALD J TRUMP,3,
GREENE,2000,DEMOCRAT,AL GORE,6319,REPUBLICAN,GEORGE W. BUSH,5831,GREEN,RALPH NADER,205,OTHER,OTHER,129,
GREENE,2004,DEMOCRAT,JOHN KERRY,6561,REPUBLICAN,GEORGE W. BUSH,7232,OTHER,OTHER,154,
GREENE,2008,DEMOCRAT,BARACK OBAMA,4541,REPUBLICAN,JOHN MCCAIN,8578,OTHER,OTHER,493,
GREENE,2012,DEMOCRAT,BARACK OBAMA,4000,REPUBLICAN,MITT ROMNEY,9071,OTHER,OTHER,690,
GREENE,2016,DEMOCRAT,HILLARY CLINTON,3071,REPUBLICAN,DONALD TRUMP,10720,OTHER,OTHER,809,
GREENE,2020,DEMOCRAT,JOSEPH R BIDEN JR,473,DEMOCRAT,JOSEPH R BIDEN JR,2144,DEMOCRAT,JOSEPH R BIDEN JR,428,DEMOCRAT,JOSEPH R BIDEN JR,13,GREEN,OTHER,2,GREEN,OTHER,20,GREEN,OTHER,10,GREEN,OTHER,1,LIBERTARIAN,JO JORGENSEN,3,LIBERTARIAN,JO JORGENSEN,138,LIBERTARIAN,JO JORGENSEN,47,LIBERTARIAN,JO JORGENSEN,0,OTHER,OTHER,7,OTHER,OTHER,97,OTHER,OTHER,46,OTHER,OTHER,1,REPUBLICAN,DONALD J TRUMP,436,REPUBLICAN,DONALD J TRUMP,9917,REPUBLICAN,DONALD J TRUMP,2298,REPUBLICAN,DONALD J TRUMP,19,
HEMPSTEAD,2000,DEMOCRAT,AL GORE,3937,REPUBLICAN,GEORGE W. BUSH,3257,GREEN,RALPH NADER,50,OTHER,OTHER,45,
HEMPSTEAD,2004,DEMOCRAT,JOHN KERRY,3817,REPUBLICAN,GEORGE W. BUSH,3580,OTHER,OTHER,55,
HEMPSTEAD,2008,DEMOCRAT,BARACK OBAMA,2869,REPUBLICAN,JOHN MCCAIN,4273,OTHER,OTHER,207,
HEMPSTEAD,2012,DEMOCRAT,BARACK OBAMA,2468,REPUBLICAN,MITT ROMNEY,4284,OTHER,OTHER,169,
HEMPSTEAD,2016,DEMOCRAT,HILLARY CLINTON,2377,REPUBLICAN,DONALD TRUMP,4401,OTHER,OTHER,271,
HEMPSTEAD,2020,DEMOCRAT,JOSEPH R BIDEN JR,282,DEMOCRAT,JOSEPH R BIDEN JR,1402,DEMOCRAT,JOSEPH R BIDEN JR,454,DEMOCRAT,JOSEPH R BIDEN JR,0,GREEN,OTHER,0,GREEN,OTHER,16,GREEN,OTHER,8,GREEN,OTHER,0,LIBERTARIAN,JO JORGENSEN,3,LIBERTARIAN,JO JORGENSEN,16,LIBERTARIAN,JO JORGENSEN,12,LIBERTARIAN,JO JORGENSEN,0,OTHER,OTHER,2,OTHER,OTHER,108,OTHER,OTHER,75,OTHER,OTHER,0,REPUBLICAN,DONALD J TRUMP,324,REPUBLICAN,DONALD J TRUMP,2514,REPUBLICAN,DONALD J TRUMP,1632,REPUBLICAN,DONALD J TRUMP,0,
HOT SPRING,2000,DEMOCRAT,AL GORE,5527,REPUBLICAN,GEORGE W. BUSH,5042,GREEN,RALPH NADER,202,OTHER,OTHER,210,
HOT SPRING,2004,DEMOCRAT,JOHN KERRY,5903,REPUBLICAN,GEORGE W. BUSH,5962,OTHER,OTHER,203,
HOT SPRING,2008,DEMOCRAT,BARACK OBAMA,4288,REPUBLICAN,JOHN MCCAIN,7209,OTHER,OTHER,458,
HOT SPRING,2012,DEMOCRAT,BARACK OBAMA,3830,REPUBLICAN,MITT ROMNEY,7097,OTHER,OTHER,333,
HOT SPRING,2016,DEMOCRAT,HILLARY CLINTON,3149,REPUBLICAN,DONALD TRUMP,8172,OTHER,OTHER,623,
HOT SPRING,2020,DEMOCRAT,JOSEPH R BIDEN JR,539,DEMOCRAT,JOSEPH R BIDEN JR,2142,DEMOCRAT,JOSEPH R BIDEN JR,372,DEMOCRAT,JOSEPH R BIDEN JR,29,GREEN,OTHER,1,GREEN,OTHER,9,GREEN,OTHER,6,GREEN,OTHER,0,LIBERTARIAN,JO JORGENSEN,6,LIBERTARIAN,JO JORGENSEN,58,LIBERTARIAN,JO JORGENSEN,29,LIBERTARIAN,JO JORGENSEN,0,OTHER,OTHER,4,OTHER,OTHER,125,OTHER,OTHER,34,OTHER,OTHER,1,REPUBLICAN,DONALD J TRUMP,385,REPUBLICAN,DONALD J TRUMP,7204,REPUBLICAN,DONALD J TRUMP,1589,REPUBLICAN,DONALD J TRUMP,24,
HOWARD,2000,DEMOCRAT,AL GORE,2063,REPUBLICAN,GEORGE W. BUSH,2326,GREEN,RALPH NADER,50,OTHER,OTHER,20,
HOWARD,2004,DEMOCRAT,JOHN KERRY,2166,REPUBLICAN,GEORGE W. BUSH,2736,OTHER,OTHER,41,
HOWARD,2008,DEMOCRAT,BARACK OBAMA,1746,REPUBLICAN,JOHN MCCAIN,2957,OTHER,OTHER,143,
HOWARD,2012,DEMOCRAT,BARACK OBAMA,1471,REPUBLICAN,MITT ROMNEY,2892,OTHER,OTHER,99,
HOWARD,2016,DEMOCRAT,HILLARY CLINTON,1351,REPUBLICAN,DONALD TRUMP,3157,OTHER,OTHER,166,
HOWARD,2020,DEMOCRAT,JOSEPH R BIDEN JR,158,DEMOCRAT,JOSEPH R BIDEN JR,1003,DEMOCRAT,JOSEPH R BIDEN JR,179,DEMOCRAT,JOSEPH R BIDEN JR,0,GREEN,OTHER,0,GREEN,OTHER,11,GREEN,OTHER,0,GREEN,OTHER,0,LIBERTARIAN,JO JORGENSEN,1,LIBERTARIAN,JO JORGENSEN,15,LIBERTARIAN,JO JORGENSEN,11,LIBERTARIAN,JO JORGENSEN,0,OTHER,OTHER,3,OTHER,OTHER,51,OTHER,OTHER,35,OTHER,OTHER,0,REPUBLICAN,DONALD J TRUMP,175,REPUBLICAN,DONALD J TRUMP,2393,REPUBLICAN,DONALD J TRUMP,799,REPUBLICAN,DONALD J TRUMP,0,
INDEPENDENCE,2000,DEMOCRAT,AL GORE,5146,REPUBLICAN,GEORGE W. BUSH,6145,GREEN,RALPH NADER,171,OTHER,OTHER,132,
INDEPENDENCE,2004,DEMOCRAT,JOHN KERRY,5443,REPUBLICAN,GEORGE W. BUSH,7430,OTHER,OTHER,138,
INDEPENDENCE,2008,DEMOCRAT,BARACK OBAMA,3688,REPUBLICAN,JOHN MCCAIN,8255,OTHER,OTHER,356,
INDEPENDENCE,2012,DEMOCRAT,BARACK OBAMA,3281,REPUBLICAN,MITT ROMNEY,8728,OTHER,OTHER,388,
INDEPENDENCE,2016,DEMOCRAT,HILLARY CLINTON,2881,REPUBLICAN,DONALD TRUMP,9936,OTHER,OTHER,797,
INDEPENDENCE,2020,DEMOCRAT,JOSEPH R BIDEN JR,418,DEMOCRAT,JOSEPH R BIDEN JR,1899,DEMOCRAT,JOSEPH R BIDEN JR,489,DEMOCRAT,JOSEPH R BIDEN JR,0,GREEN,OTHER,2,GREEN,OTHER,14,GREEN,OTHER,7,GREEN,OTHER,0,LIBERTARIAN,JO JORGENSEN,4,LIBERTARIAN,JO JORGENSEN,103,LIBERTARIAN,JO JORGENSEN,40,LIBERTARIAN,JO JORGENSEN,0,OTHER,OTHER,14,OTHER,OTHER,169,OTHER,OTHER,103,OTHER,OTHER,0,REPUBLICAN,DONALD J TRUMP,445,REPUBLICAN,DONALD J TRUMP,7943,REPUBLICAN,DONALD J TRUMP,2862,REPUBLICAN,DONALD J TRUMP,0,
IZARD,2000,DEMOCRAT,AL GORE,2587,REPUBLICAN,GEORGE W. BUSH,2301,GREEN,RALPH NADER,76,OTHER,OTHER,68,
IZARD,2004,DEMOCRAT,JOHN KERRY,2586,REPUBLICAN,GEORGE W. BUSH,2833,OTHER,OTHER,74,
IZARD,2008,DEMOCRAT,BARACK OBAMA,1792,REPUBLICAN,JOHN MCCAIN,3193,OTHER,OTHER,233,
IZARD,2012,DEMOCRAT,BARACK OBAMA,1524,REPUBLICAN,MITT ROMNEY,3575,OTHER,OTHER,179,
IZARD,2016,DEMOCRAT,HILLARY CLINTON,1113,REPUBLICAN,DONALD TRUMP,4042,OTHER,OTHER,293,
IZARD,2020,DEMOCRAT,JOSEPH R BIDEN JR,200,DEMOCRAT,JOSEPH R BIDEN JR,614,DEMOCRAT,JOSEPH R BIDEN JR,205,DEMOCRAT,JOSEPH R BIDEN JR,2,GREEN,OTHER,0,GREEN,OTHER,3,GREEN,OTHER,1,GREEN,OTHER,0,LIBERTARIAN,JO JORGENSEN,3,LIBERTARIAN,JO JORGENSEN,34,LIBERTARIAN,JO JORGENSEN,18,LIBERTARIAN,JO JORGENSEN,0,OTHER,OTHER,4,OTHER,OTHER,62,OTHER,OTHER,33,OTHER,OTHER,0,REPUBLICAN,DONALD J TRUMP,226,REPUBLICAN,DONALD J TRUMP,2985,REPUBLICAN,DONALD J TRUMP,1404,REPUBLICAN,DONALD J TRUMP,16,
JACKSON,2000,DEMOCRAT,AL GORE,3651,REPUBLICAN,GEORGE W. BUSH,2280,GREEN,RALPH NADER,77,OTHER,OTHER,64,
JACKSON,2004,DEMOCRAT,JOHN KERRY,3515,REPUBLICAN,GEORGE W. BUSH,2624,OTHER,OTHER,80,
JACKSON,2008,DEMOCRAT,BARACK OBAMA,2207,REPUBLICAN,JOHN MCCAIN,3118,OTHER,OTHER,257,
JACKSON,2012,DEMOCRAT,BARACK OBAMA,2095,REPUBLICAN,MITT ROMNEY,3072,OTHER,OTHER,180,
JACKSON,2016,DEMOCRAT,HILLARY CLINTON,1583,REPUBLICAN,DONALD TRUMP,3267,OTHER,OTHER,306,
JACKSON,2020,DEMOCRAT,JOSEPH R BIDEN JR,133,DEMOCRAT,JOSEPH R BIDEN JR,952,DEMOCRAT,JOSEPH R BIDEN JR,277,DEMOCRAT,JOSEPH R BIDEN JR,3,GREEN,OTHER,0,GREEN,OTHER,4,GREEN,OTHER,1,GREEN,OTHER,0,LIBERTARIAN,JO JORGENSEN,3,LIBERTARIAN,JO JORGENSEN,20,LIBERTARIAN,JO JORGENSEN,14,LIBERTARIAN,JO JORGENSEN,0,OTHER,OTHER,0,OTHER,OTHER,55,OTHER,OTHER,36,OTHER,OTHER,0,REPUBLICAN,DONALD J TRUMP,108,REPUBLICAN,DONALD J TRUMP,2249,REPUBLICAN,DONALD J TRUMP,1228,REPUBLICAN,DONALD J TRUMP,8,
JEFFERSON,2000,DEMOCRAT,AL GORE,17716,REPUBLICAN,GEORGE W. BUSH,8765,GREEN,RALPH NADER,361,OTHER,OTHER,359,
JEFFERSON,2004,DEMOCRAT,JOHN KERRY,19675,REPUBLICAN,GEORGE W. BUSH,10218,OTHER,OTHER,600,
JEFFERSON,2008,DEMOCRAT,BARACK OBAMA,18465,REPUBLICAN,JOHN MCCAIN,10655,OTHER,OTHER,569,
JEFFERSON,2012,DEMOCRAT,BARACK OBAMA,17470,REPUBLICAN,MITT ROMNEY,9520,OTHER,OTHER,393,
JEFFERSON,2016,DEMOCRAT,HILLARY CLINTON,15772,REPUBLICAN,DONALD TRUMP,9250,OTHER,OTHER,872,
JEFFERSON,2020,DEMOCRAT,JOSEPH R BIDEN JR,1507,DEMOCRAT,JOSEPH R BIDEN JR,9418,DEMOCRAT,JOSEPH R BIDEN JR,3957,DEMOCRAT,JOSEPH R BIDEN JR,99,GREEN,OTHER,2,GREEN,OTHER,19,GREEN,OTHER,4,GREEN,OTHER,1,LIBERTARIAN,JO JORGENSEN,5,LIBERTARIAN,JO JORGENSEN,44,LIBERTARIAN,JO JORGENSEN,54,LIBERTARIAN,JO JORGENSEN,3,OTHER,OTHER,8,OTHER,OTHER,313,OTHER,OTHER,199,OTHER,OTHER,4,REPUBLICAN,DONALD J TRUMP,491,REPUBLICAN,DONALD J TRUMP,4482,REPUBLICAN,DONALD J TRUMP,4527,REPUBLICAN,DONALD J TRUMP,21,
JOHNSON,2000,DEMOCRAT,AL GORE,3270,REPUBLICAN,GEORGE W. BUSH,3657,GREEN,RALPH NADER,109,OTHER,OTHER,125,
JOHNSON,2004,DEMOCRAT,JOHN KERRY,3622,REPUBLICAN,GEORGE W. BUSH,4311,OTHER,OTHER,111,
JOHNSON,2008,DEMOCRAT,BARACK OBAMA,3034,REPUBLICAN,JOHN MCCAIN,4922,OTHER,OTHER,224,
JOHNSON,2012,DEMOCRAT,BARACK OBAMA,2799,REPUBLICAN,MITT ROMNEY,5064,OTHER,OTHER,235,
JOHNSON,2016,DEMOCRAT,HILLARY CLINTON,2427,REPUBLICAN,DONALD TRUMP,6091,OTHER,OTHER,594,
JOHNSON,2020,DEMOCRAT,JOSEPH R BIDEN JR,384,DEMOCRAT,JOSEPH R BIDEN JR,1377,DEMOCRAT,JOSEPH R BIDEN JR,503,DEMOCRAT,JOSEPH R BIDEN JR,19,GREEN,OTHER,0,GREEN,OTHER,16,GREEN,OTHER,9,GREEN,OTHER,0,LIBERTARIAN,JO JORGENSEN,1,LIBERTARIAN,JO JORGENSEN,54,LIBERTARIAN,JO JORGENSEN,40,LIBERTARIAN,JO JORGENSEN,2,OTHER,OTHER,3,OTHER,OTHER,89,OTHER,OTHER,61,OTHER,OTHER,2,REPUBLICAN,DONALD J TRUMP,371,REPUBLICAN,DONALD J TRUMP,4148,REPUBLICAN,DONALD J TRUMP,2348,REPUBLICAN,DONALD J TRUMP,71,
LAFAYETTE,2000,DEMOCRAT,AL GORE,1806,REPUBLICAN,GEORGE W. BUSH,1538,GREEN,RALPH NADER,27,OTHER,OTHER,12,
LAFAYETTE,2004,DEMOCRAT,JOHN KERRY,1567,REPUBLICAN,GEORGE W. BUSH,1604,OTHER,OTHER,20,
LAFAYETTE,2008,DEMOCRAT,BARACK OBAMA,1133,REPUBLICAN,JOHN MCCAIN,1685,OTHER,OTHER,84,
LAFAYETTE,2012,DEMOCRAT,BARACK OBAMA,1173,REPUBLICAN,MITT ROMNEY,1713,OTHER,OTHER,43,
LAFAYETTE,2016,DEMOCRAT,HILLARY CLINTON,1032,REPUBLICAN,DONALD TRUMP,1758,OTHER,OTHER,70,
LAFAYETTE,2020,DEMOCRAT,JOSEPH R BIDEN JR,143,DEMOCRAT,JOSEPH R BIDEN JR,499,DEMOCRAT,JOSEPH R BIDEN JR,180,DEMOCRAT,JOSEPH R BIDEN JR,17,GREEN,OTHER,0,GREEN,OTHER,4,GREEN,OTHER,1,GREEN,OTHER,0,LIBERTARIAN,JO JORGENSEN,1,LIBERTARIAN,JO JORGENSEN,5,LIBERTARIAN,JO JORGENSEN,3,LIBERTARIAN,JO JORGENSEN,0,OTHER,OTHER,1,OTHER,OTHER,47,OTHER,OTHER,21,OTHER,OTHER,0,REPUBLICAN,DONALD J TRUMP,157,REPUBLICAN,DONALD J TRUMP,1197,REPUBLICAN,DONALD J TRUMP,379,REPUBLICAN,DONALD J TRUMP,24,
LAWRENCE,2000,DEMOCRAT,AL GORE,3255,REPUBLICAN,GEORGE W. BUSH,2626,GREEN,RALPH NADER,87,OTHER,OTHER,72,
LAWRENCE,2004,DEMOCRAT,JOHN KERRY,3544,REPUBLICAN,GEORGE W. BUSH,2951,OTHER,OTHER,120,
LAWRENCE,2008,DEMOCRAT,BARACK OBAMA,2138,REPUBLICAN,JOHN MCCAIN,3357,OTHER,OTHER,335,
LAWRENCE,2012,DEMOCRAT,BARACK OBAMA,1788,REPUBLICAN,MITT ROMNEY,3536,OTHER,OTHER,216,
LAWRENCE,2016,DEMOCRAT,HILLARY CLINTON,1263,REPUBLICAN,DONALD TRUMP,4064,OTHER,OTHER,358,
LAWRENCE,2020,DEMOCRAT,JOSEPH R BIDEN JR,162,DEMOCRAT,JOSEPH R BIDEN JR,661,DEMOCRAT,JOSEPH R BIDEN JR,257,DEMOCRAT,JOSEPH R BIDEN JR,0,GREEN,OTHER,2,GREEN,OTHER,3,GREEN,OTHER,3,GREEN,OTHER,0,LIBERTARIAN,JO JORGENSEN,3,LIBERTARIAN,JO JORGENSEN,35,LIBERTARIAN,JO JORGENSEN,14,LIBERTARIAN,JO JORGENSEN,0,OTHER,OTHER,4,OTHER,OTHER,92,OTHER,OTHER,52,OTHER,OTHER,0,REPUBLICAN,DONALD J TRUMP,188,REPUBLICAN,DONALD J TRUMP,2844,REPUBLICAN,DONALD J TRUMP,1537,REPUBLICAN,DONALD J TRUMP,0,
LEE,2000,DEMOCRAT,AL GORE,2727,REPUBLICAN,GEORGE W. BUSH,1351,GREEN,RALPH NADER,18,OTHER,OTHER,25,
LEE,2004,DEMOCRAT,JOHN KERRY,2548,REPUBLICAN,GEORGE W. BUSH,1492,OTHER,OTHER,40,
LEE,2008,DEMOCRAT,BARACK OBAMA,2263,REPUBLICAN,JOHN MCCAIN,1454,OTHER,OTHER,46,
LEE,2012,DEMOCRAT,BARACK OBAMA,2107,REPUBLICAN,MITT ROMNEY,1280,OTHER,OTHER,37,
LEE,2016,DEMOCRAT,HILLARY CLINTON,1735,REPUBLICAN,DONALD TRUMP,1229,OTHER,OTHER,62,
LEE,2020,DEMOCRAT,JOSEPH R BIDEN JR,229,DEMOCRAT,JOSEPH R BIDEN JR,885,DEMOCRAT,JOSEPH R BIDEN JR,309,DEMOCRAT,JOSEPH R BIDEN JR,0,GREEN,OTHER,0,GREEN,OTHER,5,GREEN,OTHER,2,GREEN,OTHER,0,LIBERTARIAN,JO JORGENSEN,3,LIBERTARIAN,JO JORGENSEN,5,LIBERTARIAN,JO JORGENSEN,0,LIBERTARIAN,JO JORGENSEN,0,OTHER,OTHER,2,OTHER,OTHER,98,OTHER,OTHER,24,OTHER,OTHER,0,REPUBLICAN,DONALD J TRUMP,72,REPUBLICAN,DONALD J TRUMP,802,REPUBLICAN,DONALD J TRUMP,412,REPUBLICAN,DONALD J TRUMP,0,
LINCOLN,2000,DEMOCRAT,AL GORE,1957,REPUBLICAN,GEORGE W. BUSH,1526,GREEN,RALPH NADER,21,OTHER,OTHER,42,
LINCOLN,2004,DEMOCRAT,JOHN KERRY,2149,REPUBLICAN,GEORGE W. BUSH,1921,OTHER,OTHER,39,
LINCOLN,2008,DEMOCRAT,BARACK OBAMA,1710,REPUBLICAN,JOHN MCCAIN,2513,OTHER,OTHER,183,
LINCOLN,2012,DEMOCRAT,BARACK OBAMA,1425,REPUBLICAN,MITT ROMNEY,2199,OTHER,OTHER,102,
LINCOLN,2016,DEMOCRAT,HILLARY CLINTON,1252,REPUBLICAN,DONALD TRUMP,2455,OTHER,OTHER,119,
LINCOLN,2020,DEMOCRAT,JOSEPH R BIDEN JR,142,DEMOCRAT,JOSEPH R BIDEN JR,446,DEMOCRAT,JOSEPH R BIDEN JR,443,DEMOCRAT,JOSEPH R BIDEN JR,1,GREEN,OTHER,0,GREEN,OTHER,6,GREEN,OTHER,14,GREEN,OTHER,0,LIBERTARIAN,JO JORGENSEN,2,LIBERTARIAN,JO JORGENSEN,10,LIBERTARIAN,JO JORGENSEN,9,LIBERTARIAN,JO JORGENSEN,0,OTHER,OTHER,4,OTHER,OTHER,39,OTHER,OTHER,30,OTHER,OTHER,0,REPUBLICAN,DONALD J TRUMP,124,REPUBLICAN,DONALD J TRUMP,1504,REPUBLICAN,DONALD J TRUMP,1097,REPUBLICAN,DONALD J TRUMP,4,
LITTLE RIVER,2000,DEMOCRAT,AL GORE,2883,REPUBLICAN,GEORGE W. BUSH,2283,GREEN,RALPH NADER,50,OTHER,OTHER,47,
LITTLE RIVER,2004,DEMOCRAT,JOHN KERRY,2677,REPUBLICAN,GEORGE W. BUSH,2575,OTHER,OTHER,42,
LITTLE RIVER,2008,DEMOCRAT,BARACK OBAMA,1753,REPUBLICAN,JOHN MCCAIN,3247,OTHER,OTHER,152,
LITTLE RIVER,2012,DEMOCRAT,BARACK OBAMA,1552,REPUBLICAN,MITT ROMNEY,3385,OTHER,OTHER,114,
LITTLE RIVER,2016,DEMOCRAT,HILLARY CLINTON,1397,REPUBLICAN,DONALD TRUMP,3605,OTHER,OTHER,225,
LITTLE RIVER,2020,DEMOCRAT,JOSEPH R BIDEN JR,132,DEMOCRAT,JOSEPH R BIDEN JR,904,DEMOCRAT,JOSEPH R BIDEN JR,190,DEMOCRAT,JOSEPH R BIDEN JR,0,GREEN,OTHER,0,GREEN,OTHER,6,GREEN,OTHER,1,GREEN,OTHER,0,LIBERTARIAN,JO JORGENSEN,5,LIBERTARIAN,JO JORGENSEN,29,LIBERTARIAN,JO JORGENSEN,10,LIBERTARIAN,JO JORGENSEN,0,OTHER,OTHER,3,OTHER,OTHER,137,OTHER,OTHER,45,OTHER,OTHER,0,REPUBLICAN,DONALD J TRUMP,136,REPUBLICAN,DONALD J TRUMP,2778,REPUBLICAN,DONALD J TRUMP,800,REPUBLICAN,DONALD J TRUMP,1,
LOGAN,2000,DEMOCRAT,AL GORE,3283,REPUBLICAN,GEORGE W. BUSH,4487,GREEN,RALPH NADER,124,OTHER,OTHER,202,
LOGAN,2004,DEMOCRAT,JOHN KERRY,3361,REPUBLICAN,GEORGE W. BUSH,5076,OTHER,OTHER,114,
LOGAN,2008,DEMOCRAT,BARACK OBAMA,2286,REPUBLICAN,JOHN MCCAIN,5350,OTHER,OTHER,271,
LOGAN,2012,DEMOCRAT,BARACK OBAMA,2009,REPUBLICAN,MITT ROMNEY,5079,OTHER,OTHER,243,
LOGAN,2016,DEMOCRAT,HILLARY CLINTON,1715,REPUBLICAN,DONALD TRUMP,5746,OTHER,OTHER,460,
LOGAN,2020,DEMOCRAT,JOSEPH R BIDEN JR,248,DEMOCRAT,JOSEPH R BIDEN JR,952,DEMOCRAT,JOSEPH R BIDEN JR,344,DEMOCRAT,JOSEPH R BIDEN JR,0,GREEN,OTHER,2,GREEN,OTHER,11,GREEN,OTHER,3,GREEN,OTHER,0,LIBERTARIAN,JO JORGENSEN,2,LIBERTARIAN,JO JORGENSEN,48,LIBERTARIAN,JO JORGENSEN,38,LIBERTARIAN,JO JORGENSEN,0,OTHER,OTHER,7,OTHER,OTHER,83,OTHER,OTHER,46,OTHER,OTHER,0,REPUBLICAN,DONALD J TRUMP,223,REPUBLICAN,DONALD J TRUMP,4229,REPUBLICAN,DONALD J TRUMP,1986,REPUBLICAN,DONALD J TRUMP,3,
LONOKE,2000,DEMOCRAT,AL GORE,6851,REPUBLICAN,GEORGE W. BUSH,10606,GREEN,RALPH NADER,237,OTHER,OTHER,249,
LONOKE,2004,DEMOCRAT,JOHN KERRY,7454,REPUBLICAN,GEORGE W. BUSH,14398,OTHER,OTHER,178,
LONOKE,2008,DEMOCRAT,BARACK OBAMA,5968,REPUBLICAN,JOHN MCCAIN,17242,OTHER,OTHER,531,
LONOKE,2012,DEMOCRAT,BARACK OBAMA,5625,REPUBLICAN,MITT ROMNEY,17880,OTHER,OTHER,609,
LONOKE,2016,DEMOCRAT,HILLARY CLINTON,5664,REPUBLICAN,DONALD TRUMP,19958,OTHER,OTHER,1478,
LONOKE,2020,DEMOCRAT,JOSEPH R BIDEN JR,927,DEMOCRAT,JOSEPH R BIDEN JR,4943,DEMOCRAT,JOSEPH R BIDEN JR,807,DEMOCRAT,JOSEPH R BIDEN JR,9,GREEN,OTHER,3,GREEN,OTHER,59,GREEN,OTHER,10,GREEN,OTHER,0,LIBERTARIAN,JO JORGENSEN,14,LIBERTARIAN,JO JORGENSEN,308,LIBERTARIAN,JO JORGENSEN,81,LIBERTARIAN,JO JORGENSEN,0,OTHER,OTHER,18,OTHER,OTHER,494,OTHER,OTHER,104,OTHER,OTHER,1,REPUBLICAN,DONALD J TRUMP,907,REPUBLICAN,DONALD J TRUMP,18811,REPUBLICAN,DONALD J TRUMP,3151,REPUBLICAN,DONALD J TRUMP,15,
MADISON,2000,DEMOCRAT,AL GORE,2055,REPUBLICAN,GEORGE W. BUSH,3387,GREEN,RALPH NADER,88,OTHER,OTHER,98,
MADISON,2004,DEMOCRAT,JOHN KERRY,2421,REPUBLICAN,GEORGE W. BUSH,3873,OTHER,OTHER,90,
MADISON,2008,DEMOCRAT,BARACK OBAMA,2144,REPUBLICAN,JOHN MCCAIN,3972,OTHER,OTHER,212,
MADISON,2012,DEMOCRAT,BARACK OBAMA,2099,REPUBLICAN,MITT ROMNEY,4263,OTHER,OTHER,206,
MADISON,2016,DEMOCRAT,HILLARY CLINTON,1588,REPUBLICAN,DONALD TRUMP,4928,OTHER,OTHER,325,
MADISON,2020,DEMOCRAT,JOSEPH R BIDEN JR,404,DEMOCRAT,JOSEPH R BIDEN JR,786,DEMOCRAT,JOSEPH R BIDEN JR,373,DEMOCRAT,JOSEPH R BIDEN JR,0,GREEN,OTHER,3,GREEN,OTHER,5,GREEN,OTHER,11,GREEN,OTHER,0,LIBERTARIAN,JO JORGENSEN,4,LIBERTARIAN,JO JORGENSEN,24,LIBERTARIAN,JO JORGENSEN,26,LIBERTARIAN,JO JORGENSEN,0,OTHER,OTHER,4,OTHER,OTHER,31,OTHER,OTHER,22,OTHER,OTHER,0,REPUBLICAN,DONALD J TRUMP,289,REPUBLICAN,DONALD J TRUMP,2923,REPUBLICAN,DONALD J TRUMP,2446,REPUBLICAN,DONALD J TRUMP,0,
MARION,2000,DEMOCRAT,AL GORE,2233,REPUBLICAN,GEORGE W. BUSH,3402,GREEN,RALPH NADER,220,OTHER,OTHER,160,
MARION,2004,DEMOCRAT,JOHN KERRY,2602,REPUBLICAN,GEORGE W. BUSH,4127,OTHER,OTHER,138,
MARION,2008,DEMOCRAT,BARACK OBAMA,2384,REPUBLICAN,JOHN MCCAIN,4524,OTHER,OTHER,254,
MARION,2012,DEMOCRAT,BARACK OBAMA,2037,REPUBLICAN,MITT ROMNEY,4774,OTHER,OTHER,240,
MARION,2016,DEMOCRAT,HILLARY CLINTON,1434,REPUBLICAN,DONALD TRUMP,5336,OTHER,OTHER,337,
MARION,2020,DEMOCRAT,JOSEPH R BIDEN JR,346,DEMOCRAT,JOSEPH R BIDEN JR,855,DEMOCRAT,JOSEPH R BIDEN JR,269,DEMOCRAT,JOSEPH R BIDEN JR,61,GREEN,OTHER,3,GREEN,OTHER,11,GREEN,OTHER,5,GREEN,OTHER,0,LIBERTARIAN,JO JORGENSEN,6,LIBERTARIAN,JO JORGENSEN,33,LIBERTARIAN,JO JORGENSEN,23,LIBERTARIAN,JO JORGENSEN,3,OTHER,OTHER,6,OTHER,OTHER,63,OTHER,OTHER,35,OTHER,OTHER,1,REPUBLICAN,DONALD J TRUMP,376,REPUBLICAN,DONALD J TRUMP,3623,REPUBLICAN,DONALD J TRUMP,1730,REPUBLICAN,DONALD J TRUMP,54,
MILLER,2000,DEMOCRAT,AL GORE,6278,REPUBLICAN,GEORGE W. BUSH,7276,GREEN,RALPH NADER,100,OTHER,OTHER,91,
MILLER,2004,DEMOCRAT,JOHN KERRY,6139,REPUBLICAN,GEORGE W. BUSH,8448,OTHER,OTHER,91,
MILLER,2008,DEMOCRAT,BARACK OBAMA,4869,REPUBLICAN,JOHN MCCAIN,9913,OTHER,OTHER,281,
MILLER,2012,DEMOCRAT,BARACK OBAMA,4518,REPUBLICAN,MITT ROMNEY,10622,OTHER,OTHER,189,
MILLER,2016,DEMOCRAT,HILLARY CLINTON,4273,REPUBLICAN,DONALD TRUMP,11294,OTHER,OTHER,524,
MILLER,2020,DEMOCRAT,JOSEPH R BIDEN JR,367,DEMOCRAT,JOSEPH R BIDEN JR,3123,DEMOCRAT,JOSEPH R BIDEN JR,755,DEMOCRAT,JOSEPH R BIDEN JR,0,GREEN,OTHER,0,GREEN,OTHER,31,GREEN,OTHER,10,GREEN,OTHER,0,LIBERTARIAN,JO JORGENSEN,5,LIBERTARIAN,JO JORGENSEN,62,LIBERTARIAN,JO JORGENSEN,34,LIBERTARIAN,JO JORGENSEN,0,OTHER,OTHER,4,OTHER,OTHER,156,OTHER,OTHER,62,OTHER,OTHER,0,REPUBLICAN,DONALD J TRUMP,338,REPUBLICAN,DONALD J TRUMP,8789,REPUBLICAN,DONALD J TRUMP,2792,REPUBLICAN,DONALD J TRUMP,1,
MISSISSIPPI,2000,DEMOCRAT,AL GORE,7107,REPUBLICAN,GEORGE W. BUSH,5199,GREEN,RALPH NADER,110,OTHER,OTHER,170,
MISSISSIPPI,2004,DEMOCRAT,JOHN KERRY,7593,REPUBLICAN,GEORGE W. BUSH,6121,OTHER,OTHER,439,
MISSISSIPPI,2008,DEMOCRAT,BARACK OBAMA,6667,REPUBLICAN,JOHN MCCAIN,6976,OTHER,OTHER,367,
MISSISSIPPI,2012,DEMOCRAT,BARACK OBAMA,6467,REPUBLICAN,MITT ROMNEY,6603,OTHER,OTHER,305,
MISSISSIPPI,2016,DEMOCRAT,HILLARY CLINTON,5670,REPUBLICAN,DONALD TRUMP,7061,OTHER,OTHER,473,
MISSISSIPPI,2020,DEMOCRAT,JOSEPH R BIDEN JR,337,DEMOCRAT,JOSEPH R BIDEN JR,3379,DEMOCRAT,JOSEPH R BIDEN JR,824,DEMOCRAT,JOSEPH R BIDEN JR,18,GREEN,OTHER,0,GREEN,OTHER,17,GREEN,OTHER,7,GREEN,OTHER,0,LIBERTARIAN,JO JORGENSEN,1,LIBERTARIAN,JO JORGENSEN,73,LIBERTARIAN,JO JORGENSEN,46,LIBERTARIAN,JO JORGENSEN,0,OTHER,OTHER,4,OTHER,OTHER,246,OTHER,OTHER,94,OTHER,OTHER,0,REPUBLICAN,DONALD J TRUMP,231,REPUBLICAN,DONALD J TRUMP,5042,REPUBLICAN,DONALD J TRUMP,2008,REPUBLICAN,DONALD J TRUMP,15,
MONROE,2000,DEMOCRAT,AL GORE,1910,REPUBLICAN,GEORGE W. BUSH,1329,GREEN,RALPH NADER,29,OTHER,OTHER,25,
MONROE,2004,DEMOCRAT,JOHN KERRY,2049,REPUBLICAN,GEORGE W. BUSH,1586,OTHER,OTHER,32,
MONROE,2008,DEMOCRAT,BARACK OBAMA,1615,REPUBLICAN,JOHN MCCAIN,1754,OTHER,OTHER,80,
MONROE,2012,DEMOCRAT,BARACK OBAMA,1583,REPUBLICAN,MITT ROMNEY,1585,OTHER,OTHER,62,
MONROE,2016,DEMOCRAT,HILLARY CLINTON,1312,REPUBLICAN,DONALD TRUMP,1489,OTHER,OTHER,83,
MONROE,2020,DEMOCRAT,JOSEPH R BIDEN JR,77,DEMOCRAT,JOSEPH R BIDEN JR,654,DEMOCRAT,JOSEPH R BIDEN JR,414,DEMOCRAT,JOSEPH R BIDEN JR,2,GREEN,OTHER,1,GREEN,OTHER,13,GREEN,OTHER,19,GREEN,OTHER,0,LIBERTARIAN,JO JORGENSEN,1,LIBERTARIAN,JO JORGENSEN,7,LIBERTARIAN,JO JORGENSEN,4,LIBERTARIAN,JO JORGENSEN,0,OTHER,OTHER,0,OTHER,OTHER,31,OTHER,OTHER,48,OTHER,OTHER,0,REPUBLICAN,DONALD J TRUMP,91,REPUBLICAN,DONALD J TRUMP,917,REPUBLICAN,DONALD J TRUMP,536,REPUBLICAN,DONALD J TRUMP,1,
MONTGOMERY,2000,DEMOCRAT,AL GORE,1438,REPUBLICAN,GEORGE W. BUSH,2128,GREEN,RALPH NADER,101,OTHER,OTHER,72,
MONTGOMERY,2004,DEMOCRAT,JOHN KERRY,1524,REPUBLICAN,GEORGE W. BUSH,2367,OTHER,OTHER,67,
MONTGOMERY,2008,DEMOCRAT,BARACK OBAMA,1092,REPUBLICAN,JOHN MCCAIN,2365,OTHER,OTHER,165,
MONTGOMERY,2012,DEMOCRAT,BARACK OBAMA,920,REPUBLICAN,MITT ROMNEY,2369,OTHER,OTHER,115,
MONTGOMERY,2016,DEMOCRAT,HILLARY CLINTON,748,REPUBLICAN,DONALD TRUMP,2643,OTHER,OTHER,168,
MONTGOMERY,2020,DEMOCRAT,JOSEPH R BIDEN JR,163,DEMOCRAT,JOSEPH R BIDEN JR,446,DEMOCRAT,JOSEPH R BIDEN JR,122,DEMOCRAT,JOSEPH R BIDEN JR,0,GREEN,OTHER,0,GREEN,OTHER,5,GREEN,OTHER,2,GREEN,OTHER,0,LIBERTARIAN,JO JORGENSEN,1,LIBERTARIAN,JO JORGENSEN,18,LIBERTARIAN,JO JORGENSEN,7,LIBERTARIAN,JO JORGENSEN,0,OTHER,OTHER,1,OTHER,OTHER,43,OTHER,OTHER,19,OTHER,OTHER,0,REPUBLICAN,DONALD J TRUMP,173,REPUBLICAN,DONALD J TRUMP,1935,REPUBLICAN,DONALD J TRUMP,938,REPUBLICAN,DONALD J TRUMP,0,
NEVADA,2000,DEMOCRAT,AL GORE,1867,REPUBLICAN,GEORGE W. BUSH,1796,GREEN,RALPH NADER,42,OTHER,OTHER,33,
NEVADA,2004,DEMOCRAT,JOHN KERRY,1694,REPUBLICAN,GEORGE W. BUSH,1752,OTHER,OTHER,31,
NEVADA,2008,DEMOCRAT,BARACK OBAMA,1474,REPUBLICAN,JOHN MCCAIN,2062,OTHER,OTHER,99,
NEVADA,2012,DEMOCRAT,BARACK OBAMA,1314,REPUBLICAN,MITT ROMNEY,1996,OTHER,OTHER,74,
NEVADA,2016,DEMOCRAT,HILLARY CLINTON,1157,REPUBLICAN,DONALD TRUMP,2000,OTHER,OTHER,89,
NEVADA,2020,DEMOCRAT,JOSEPH R BIDEN JR,148,DEMOCRAT,JOSEPH R BIDEN JR,627,DEMOCRAT,JOSEPH R BIDEN JR,301,DEMOCRAT,JOSEPH R BIDEN JR,0,GREEN,OTHER,0,GREEN,OTHER,4,GREEN,OTHER,22,GREEN,OTHER,0,LIBERTARIAN,JO JORGENSEN,2,LIBERTARIAN,JO JORGENSEN,3,LIBERTARIAN,JO JORGENSEN,3,LIBERTARIAN,JO JORGENSEN,0,OTHER,OTHER,4,OTHER,OTHER,56,OTHER,OTHER,55,OTHER,OTHER,0,REPUBLICAN,DONALD J TRUMP,145,REPUBLICAN,DONALD J TRUMP,1130,REPUBLICAN,DONALD J TRUMP,858,REPUBLICAN,DONALD J TRUMP,0,
NEWTON,2000,DEMOCRAT,AL GORE,1205,REPUBLICAN,GEORGE W. BUSH,2529,GREEN,RALPH NADER,112,OTHER,OTHER,81,
NEWTON,2004,DEMOCRAT,JOHN KERRY,1506,REPUBLICAN,GEORGE W. BUSH,2779,OTHER,OTHER,93,
NEWTON,2008,DEMOCRAT,BARACK OBAMA,1182,REPUBLICAN,JOHN MCCAIN,2588,OTHER,OTHER,190,
NEWTON,2012,DEMOCRAT,BARACK OBAMA,993,REPUBLICAN,MITT ROMNEY,2508,OTHER,OTHER,160,
NEWTON,2016,DEMOCRAT,HILLARY CLINTON,699,REPUBLICAN,DONALD TRUMP,2875,OTHER,OTHER,179,
NEWTON,2020,DEMOCRAT,JOSEPH R BIDEN JR,127,DEMOCRAT,JOSEPH R BIDEN JR,365,DEMOCRAT,JOSEPH R BIDEN JR,213,DEMOCRAT,JOSEPH R BIDEN JR,4,GREEN,OTHER,1,GREEN,OTHER,4,GREEN,OTHER,6,GREEN,OTHER,0,LIBERTARIAN,JO JORGENSEN,1,LIBERTARIAN,JO JORGENSEN,14,LIBERTARIAN,JO JORGENSEN,8,LIBERTARIAN,JO JORGENSEN,0,OTHER,OTHER,1,OTHER,OTHER,24,OTHER,OTHER,38,OTHER,OTHER,0,REPUBLICAN,DONALD J TRUMP,144,REPUBLICAN,DONALD J TRUMP,1396,REPUBLICAN,DONALD J TRUMP,1608,REPUBLICAN,DONALD J TRUMP,44,
OUACHITA,2000,DEMOCRAT,AL GORE,5464,REPUBLICAN,GEORGE W. BUSH,4739,GREEN,RALPH NADER,100,OTHER,OTHER,92,
OUACHITA,2004,DEMOCRAT,JOHN KERRY,5188,REPUBLICAN,GEORGE W. BUSH,5345,OTHER,OTHER,117,
OUACHITA,2008,DEMOCRAT,BARACK OBAMA,4346,REPUBLICAN,JOHN MCCAIN,5427,OTHER,OTHER,187,
OUACHITA,2012,DEMOCRAT,BARACK OBAMA,4633,REPUBLICAN,MITT ROMNEY,5521,OTHER,OTHER,161,
OUACHITA,2016,DEMOCRAT,HILLARY CLINTON,4321,REPUBLICAN,DONALD TRUMP,5351,OTHER,OTHER,263,
OUACHITA,2020,DEMOCRAT,JOSEPH R BIDEN JR,672,DEMOCRAT,JOSEPH R BIDEN JR,2691,DEMOCRAT,JOSEPH R BIDEN JR,478,DEMOCRAT,JOSEPH R BIDEN JR,154,GREEN,OTHER,0,GREEN,OTHER,48,GREEN,OTHER,9,GREEN,OTHER,2,LIBERTARIAN,JO JORGENSEN,2,LIBERTARIAN,JO JORGENSEN,65,LIBERTARIAN,JO JORGENSEN,12,LIBERTARIAN,JO JORGENSEN,0,OTHER,OTHER,9,OTHER,OTHER,147,OTHER,OTHER,41,OTHER,OTHER,5,REPUBLICAN,DONALD J TRUMP,399,REPUBLICAN,DONALD J TRUMP,3686,REPUBLICAN,DONALD J TRUMP,990,REPUBLICAN,DONALD J TRUMP,219,
PERRY,2000,DEMOCRAT,AL GORE,1648,REPUBLICAN,GEORGE W. BUSH,2114,GREEN,RALPH NADER,61,OTHER,OTHER,184,
PERRY,2004,DEMOCRAT,JOHN KERRY,1921,REPUBLICAN,GEORGE W. BUSH,2435,OTHER,OTHER,75,
PERRY,2008,DEMOCRAT,BARACK OBAMA,1352,REPUBLICAN,JOHN MCCAIN,2743,OTHER,OTHER,184,
PERRY,2012,DEMOCRAT,BARACK OBAMA,1187,REPUBLICAN,MITT ROMNEY,2581,OTHER,OTHER,170,
PERRY,2016,DEMOCRAT,HILLARY CLINTON,1049,REPUBLICAN,DONALD TRUMP,3008,OTHER,OTHER,249,
PERRY,2020,DEMOCRAT,JOSEPH R BIDEN JR,123,DEMOCRAT,JOSEPH R BIDEN JR,661,DEMOCRAT,JOSEPH R BIDEN JR,222,DEMOCRAT,JOSEPH R BIDEN JR,6,GREEN,OTHER,0,GREEN,OTHER,11,GREEN,OTHER,9,GREEN,OTHER,0,LIBERTARIAN,JO JORGENSEN,2,LIBERTARIAN,JO JORGENSEN,17,LIBERTARIAN,JO JORGENSEN,16,LIBERTARIAN,JO JORGENSEN,0,OTHER,OTHER,2,OTHER,OTHER,45,OTHER,OTHER,34,OTHER,OTHER,0,REPUBLICAN,DONALD J TRUMP,84,REPUBLICAN,DONALD J TRUMP,2337,REPUBLICAN,DONALD J TRUMP,1047,REPUBLICAN,DONALD J TRUMP,11,
PHILLIPS,2000,DEMOCRAT,AL GORE,6018,REPUBLICAN,GEORGE W. BUSH,3154,GREEN,RALPH NADER,75,OTHER,OTHER,66,
PHILLIPS,2004,DEMOCRAT,JOHN KERRY,5642,REPUBLICAN,GEORGE W. BUSH,3161,OTHER,OTHER,65,
PHILLIPS,2008,DEMOCRAT,BARACK OBAMA,5695,REPUBLICAN,JOHN MCCAIN,3097,OTHER,OTHER,177,
PHILLIPS,2012,DEMOCRAT,BARACK OBAMA,5202,REPUBLICAN,MITT ROMNEY,2598,OTHER,OTHER,130,
PHILLIPS,2016,DEMOCRAT,HILLARY CLINTON,4310,REPUBLICAN,DONALD TRUMP,2446,OTHER,OTHER,197,
PHILLIPS,2020,DEMOCRAT,JOSEPH R BIDEN JR,402,DEMOCRAT,JOSEPH R BIDEN JR,2376,DEMOCRAT,JOSEPH R BIDEN JR,783,DEMOCRAT,JOSEPH R BIDEN JR,62,GREEN,OTHER,0,GREEN,OTHER,9,GREEN,OTHER,7,GREEN,OTHER,0,LIBERTARIAN,JO JORGENSEN,0,LIBERTARIAN,JO JORGENSEN,9,LIBERTARIAN,JO JORGENSEN,6,LIBERTARIAN,JO JORGENSEN,0,OTHER,OTHER,1,OTHER,OTHER,77,OTHER,OTHER,92,OTHER,OTHER,1,REPUBLICAN,DONALD J TRUMP,80,REPUBLICAN,DONALD J TRUMP,1228,REPUBLICAN,DONALD J TRUMP,1085,REPUBLICAN,DONALD J TRUMP,24,
PIKE,2000,DEMOCRAT,AL GORE,1604,REPUBLICAN,GEORGE W. BUSH,2275,GREEN,RALPH NADER,45,OTHER,OTHER,47,
PIKE,2004,DEMOCRAT,JOHN KERRY,1310,REPUBLICAN,GEORGE W. BUSH,2013,OTHER,OTHER,44,
PIKE,2008,DEMOCRAT,BARACK OBAMA,1089,REPUBLICAN,JOHN MCCAIN,2727,OTHER,OTHER,150,
PIKE,2012,DEMOCRAT,BARACK OBAMA,851,REPUBLICAN,MITT ROMNEY,2847,OTHER,OTHER,90,
PIKE,2016,DEMOCRAT,HILLARY CLINTON,685,REPUBLICAN,DONALD TRUMP,3150,OTHER,OTHER,146,
PIKE,2020,DEMOCRAT,JOSEPH R BIDEN JR,93,DEMOCRAT,JOSEPH R BIDEN JR,437,DEMOCRAT,JOSEPH R BIDEN JR,113,DEMOCRAT,JOSEPH R BIDEN JR,1,GREEN,OTHER,0,GREEN,OTHER,3,GREEN,OTHER,1,GREEN,OTHER,0,LIBERTARIAN,JO JORGENSEN,0,LIBERTARIAN,JO JORGENSEN,29,LIBERTARIAN,JO JORGENSEN,12,LIBERTARIAN,JO JORGENSEN,0,OTHER,OTHER,4,OTHER,OTHER,20,OTHER,OTHER,14,OTHER,OTHER,0,REPUBLICAN,DONALD J TRUMP,142,REPUBLICAN,DONALD J TRUMP,2511,REPUBLICAN,DONALD J TRUMP,861,REPUBLICAN,DONALD J TRUMP,5,
POINSETT,2000,DEMOCRAT,AL GORE,4102,REPUBLICAN,GEORGE W. BUSH,2988,GREEN,RALPH NADER,87,OTHER,OTHER,58,
POINSETT,2004,DEMOCRAT,JOHN KERRY,4069,REPUBLICAN,GEORGE W. BUSH,3555,OTHER,OTHER,99,
POINSETT,2008,DEMOCRAT,BARACK OBAMA,2742,REPUBLICAN,JOHN MCCAIN,4903,OTHER,OTHER,283,
POINSETT,2012,DEMOCRAT,BARACK OBAMA,2390,REPUBLICAN,MITT ROMNEY,4974,OTHER,OTHER,196,
POINSETT,2016,DEMOCRAT,HILLARY CLINTON,1880,REPUBLICAN,DONALD TRUMP,5502,OTHER,OTHER,340,
POINSETT,2020,DEMOCRAT,JOSEPH R BIDEN JR,144,DEMOCRAT,JOSEPH R BIDEN JR,706,DEMOCRAT,JOSEPH R BIDEN JR,538,DEMOCRAT,JOSEPH R BIDEN JR,36,GREEN,OTHER,1,GREEN,OTHER,6,GREEN,OTHER,3,GREEN,OTHER,0,LIBERTARIAN,JO JORGENSEN,0,LIBERTARIAN,JO JORGENSEN,22,LIBERTARIAN,JO JORGENSEN,17,LIBERTARIAN,JO JORGENSEN,1,OTHER,OTHER,3,OTHER,OTHER,73,OTHER,OTHER,53,OTHER,OTHER,0,REPUBLICAN,DONALD J TRUMP,149,REPUBLICAN,DONALD J TRUMP,3135,REPUBLICAN,DONALD J TRUMP,2568,REPUBLICAN,DONALD J TRUMP,66,
POLK,2000,DEMOCRAT,AL GORE,2315,REPUBLICAN,GEORGE W. BUSH,4600,GREEN,RALPH NADER,130,OTHER,OTHER,148,
POLK,2004,DEMOCRAT,JOHN KERRY,2473,REPUBLICAN,GEORGE W. BUSH,5192,OTHER,OTHER,134,
POLK,2008,DEMOCRAT,BARACK OBAMA,1957,REPUBLICAN,JOHN MCCAIN,5473,OTHER,OTHER,251,
POLK,2012,DEMOCRAT,BARACK OBAMA,1556,REPUBLICAN,MITT ROMNEY,5955,OTHER,OTHER,215,
POLK,2016,DEMOCRAT,HILLARY CLINTON,1212,REPUBLICAN,DONALD TRUMP,6618,OTHER,OTHER,401,
POLK,2020,DEMOCRAT,JOSEPH R BIDEN JR,263,DEMOCRAT,JOSEPH R BIDEN JR,799,DEMOCRAT,JOSEPH R BIDEN JR,180,DEMOCRAT,JOSEPH R BIDEN JR,4,GREEN,OTHER,0,GREEN,OTHER,7,GREEN,OTHER,3,GREEN,OTHER,0,LIBERTARIAN,JO JORGENSEN,3,LIBERTARIAN,JO JORGENSEN,51,LIBERTARIAN,JO JORGENSEN,29,LIBERTARIAN,JO JORGENSEN,0,OTHER,OTHER,7,OTHER,OTHER,70,OTHER,OTHER,39,OTHER,OTHER,0,REPUBLICAN,DONALD J TRUMP,377,REPUBLICAN,DONALD J TRUMP,4739,REPUBLICAN,DONALD J TRUMP,1902,REPUBLICAN,DONALD J TRUMP,17,
POPE,2000,DEMOCRAT,AL GORE,6669,REPUBLICAN,GEORGE W. BUSH,11244,GREEN,RALPH NADER,259,OTHER,OTHER,250,
POPE,2004,DEMOCRAT,JOHN KERRY,7100,REPUBLICAN,GEORGE W. BUSH,13614,OTHER,OTHER,188,
POPE,2008,DEMOCRAT,BARACK OBAMA,6002,REPUBLICAN,JOHN MCCAIN,15568,OTHER,OTHER,509,
POPE,2012,DEMOCRAT,BARACK OBAMA,5126,REPUBLICAN,MITT ROMNEY,14763,OTHER,OTHER,550,
POPE,2016,DEMOCRAT,HILLARY CLINTON,5000,REPUBLICAN,DONALD TRUMP,16256,OTHER,OTHER,1313,
POPE,2020,DEMOCRAT,JOSEPH R BIDEN JR,1009,DEMOCRAT,JOSEPH R BIDEN JR,4048,DEMOCRAT,JOSEPH R BIDEN JR,715,DEMOCRAT,JOSEPH R BIDEN JR,0,GREEN,OTHER,6,GREEN,OTHER,34,GREEN,OTHER,14,GREEN,OTHER,0,LIBERTARIAN,JO JORGENSEN,17,LIBERTARIAN,JO JORGENSEN,170,LIBERTARIAN,JO JORGENSEN,53,LIBERTARIAN,JO JORGENSEN,0,OTHER,OTHER,15,OTHER,OTHER,190,OTHER,OTHER,80,OTHER,OTHER,0,REPUBLICAN,DONALD J TRUMP,930,REPUBLICAN,DONALD J TRUMP,14281,REPUBLICAN,DONALD J TRUMP,2870,REPUBLICAN,DONALD J TRUMP,0,
PRAIRIE,2000,DEMOCRAT,AL GORE,1563,REPUBLICAN,GEORGE W. BUSH,1862,GREEN,RALPH NADER,29,OTHER,OTHER,53,
PRAIRIE,2004,DEMOCRAT,JOHN KERRY,1562,REPUBLICAN,GEORGE W. BUSH,2030,OTHER,OTHER,32,
PRAIRIE,2008,DEMOCRAT,BARACK OBAMA,1048,REPUBLICAN,JOHN MCCAIN,2223,OTHER,OTHER,110,
PRAIRIE,2012,DEMOCRAT,BARACK OBAMA,880,REPUBLICAN,MITT ROMNEY,2153,OTHER,OTHER,108,
PRAIRIE,2016,DEMOCRAT,HILLARY CLINTON,814,REPUBLICAN,DONALD TRUMP,2505,OTHER,OTHER,125,
PRAIRIE,2020,DEMOCRAT,JOSEPH R BIDEN JR,62,DEMOCRAT,JOSEPH R BIDEN JR,380,DEMOCRAT,JOSEPH R BIDEN JR,204,DEMOCRAT,JOSEPH R BIDEN JR,8,GREEN,OTHER,0,GREEN,OTHER,0,GREEN,OTHER,3,GREEN,OTHER,0,LIBERTARIAN,JO JORGENSEN,0,LIBERTARIAN,JO JORGENSEN,7,LIBERTARIAN,JO JORGENSEN,9,LIBERTARIAN,JO JORGENSEN,0,OTHER,OTHER,0,OTHER,OTHER,17,OTHER,OTHER,19,OTHER,OTHER,0,REPUBLICAN,DONALD J TRUMP,62,REPUBLICAN,DONALD J TRUMP,1510,REPUBLICAN,DONALD J TRUMP,1192,REPUBLICAN,DONALD J TRUMP,22,
PULASKI,2000,DEMOCRAT,AL GORE,68320,REPUBLICAN,GEORGE W. BUSH,55866,GREEN,RALPH NADER,1756,OTHER,OTHER,1209,
PULASKI,2004,DEMOCRAT,JOHN KERRY,82755,REPUBLICAN,GEORGE W. BUSH,67617,OTHER,OTHER,1386,
PULASKI,2008,DEMOCRAT,BARACK OBAMA,88854,REPUBLICAN,JOHN MCCAIN,70212,OTHER,OTHER,2277,
PULASKI,2012,DEMOCRAT,BARACK OBAMA,87248,REPUBLICAN,MITT ROMNEY,68984,OTHER,OTHER,3149,
PULASKI,2016,DEMOCRAT,HILLARY CLINTON,89574,REPUBLICAN,DONALD TRUMP,61257,OTHER,OTHER,8945,
PULASKI,2020,DEMOCRAT,JOSEPH R BIDEN JR,17172,DEMOCRAT,JOSEPH R BIDEN JR,67553,DEMOCRAT,JOSEPH R BIDEN JR,16357,DEMOCRAT,JOSEPH R BIDEN JR,865,GREEN,OTHER,42,GREEN,OTHER,264,GREEN,OTHER,129,GREEN,OTHER,5,LIBERTARIAN,JO JORGENSEN,144,LIBERTARIAN,JO JORGENSEN,1002,LIBERTARIAN,JO JORGENSEN,516,LIBERTARIAN,JO JORGENSEN,6,OTHER,OTHER,177,OTHER,OTHER,1360,OTHER,OTHER,665,OTHER,OTHER,12,REPUBLICAN,DONALD J TRUMP,5859,REPUBLICAN,DONALD J TRUMP,40576,REPUBLICAN,DONALD J TRUMP,16917,REPUBLICAN,DONALD J TRUMP,335,
RANDOLPH,2000,DEMOCRAT,AL GORE,3019,REPUBLICAN,GEORGE W. BUSH,2673,GREEN,RALPH NADER,84,OTHER,OTHER,101,
RANDOLPH,2004,DEMOCRAT,JOHN KERRY,3412,REPUBLICAN,GEORGE W. BUSH,3158,OTHER,OTHER,97,
RANDOLPH,2008,DEMOCRAT,BARACK OBAMA,2469,REPUBLICAN,JOHN MCCAIN,3615,OTHER,OTHER,235,
RANDOLPH,2012,DEMOCRAT,BARACK OBAMA,2046,REPUBLICAN,MITT ROMNEY,3701,OTHER,OTHER,209,
RANDOLPH,2016,DEMOCRAT,HILLARY CLINTON,1425,REPUBLICAN,DONALD TRUMP,4509,OTHER,OTHER,445,
RANDOLPH,2020,DEMOCRAT,JOSEPH R BIDEN JR,193,DEMOCRAT,JOSEPH R BIDEN JR,807,DEMOCRAT,JOSEPH R BIDEN JR,213,DEMOCRAT,JOSEPH R BIDEN JR,2,GREEN,OTHER,0,GREEN,OTHER,7,GREEN,OTHER,3,GREEN,OTHER,0,LIBERTARIAN,JO JORGENSEN,0,LIBERTARIAN,JO JORGENSEN,40,LIBERTARIAN,JO JORGENSEN,15,LIBERTARIAN,JO JORGENSEN,0,OTHER,OTHER,11,OTHER,OTHER,99,OTHER,OTHER,66,OTHER,OTHER,1,REPUBLICAN,DONALD J TRUMP,218,REPUBLICAN,DONALD J TRUMP,3714,REPUBLICAN,DONALD J TRUMP,1411,REPUBLICAN,DONALD J TRUMP,12,
ST. FRANCIS,2000,DEMOCRAT,AL GORE,4986,REPUBLICAN,GEORGE W. BUSH,3414,GREEN,RALPH NADER,42,OTHER,OTHER,54,
ST. FRANCIS,2004,DEMOCRAT,JOHN KERRY,5684,REPUBLICAN,GEORGE W. BUSH,3815,OTHER,OTHER,89,
ST. FRANCIS,2008,DEMOCRAT,BARACK OBAMA,5486,REPUBLICAN,JOHN MCCAIN,3917,OTHER,OTHER,102,
ST. FRANCIS,2012,DEMOCRAT,BARACK OBAMA,4910,REPUBLICAN,MITT ROMNEY,3368,OTHER,OTHER,84,
ST. FRANCIS,2016,DEMOCRAT,HILLARY CLINTON,4031,REPUBLICAN,DONALD TRUMP,3195,OTHER,OTHER,204,
ST. FRANCIS,2020,DEMOCRAT,JOSEPH R BIDEN JR,419,DEMOCRAT,JOSEPH R BIDEN JR,2335,DEMOCRAT,JOSEPH R BIDEN JR,850,DEMOCRAT,JOSEPH R BIDEN JR,0,GREEN,OTHER,0,GREEN,OTHER,14,GREEN,OTHER,7,GREEN,OTHER,0,LIBERTARIAN,JO JORGENSEN,3,LIBERTARIAN,JO JORGENSEN,17,LIBERTARIAN,JO JORGENSEN,17,LIBERTARIAN,JO JORGENSEN,0,OTHER,OTHER,2,OTHER,OTHER,118,OTHER,OTHER,84,OTHER,OTHER,0,REPUBLICAN,DONALD J TRUMP,128,REPUBLICAN,DONALD J TRUMP,1979,REPUBLICAN,DONALD J TRUMP,1135,REPUBLICAN,DONALD J TRUMP,0,
SALINE,2000,DEMOCRAT,AL GORE,12700,REPUBLICAN,GEORGE W. BUSH,18617,GREEN,RALPH NADER,533,OTHER,OTHER,541,
SALINE,2004,DEMOCRAT,JOHN KERRY,14153,REPUBLICAN,GEORGE W. BUSH,24864,OTHER,OTHER,359,
SALINE,2008,DEMOCRAT,BARACK OBAMA,12695,REPUBLICAN,JOHN MCCAIN,30981,OTHER,OTHER,977,
SALINE,2012,DEMOCRAT,BARACK OBAMA,12869,REPUBLICAN,MITT ROMNEY,32963,OTHER,OTHER,1230,
SALINE,2016,DEMOCRAT,HILLARY CLINTON,13256,REPUBLICAN,DONALD TRUMP,35863,OTHER,OTHER,2981,
SALINE,2020,DEMOCRAT,JOSEPH R BIDEN JR,2494,DEMOCRAT,JOSEPH R BIDEN JR,11704,DEMOCRAT,JOSEPH R BIDEN JR,1862,DEMOCRAT,JOSEPH R BIDEN JR,0,GREEN,OTHER,11,GREEN,OTHER,72,GREEN,OTHER,35,GREEN,OTHER,0,LIBERTARIAN,JO JORGENSEN,42,LIBERTARIAN,JO JORGENSEN,408,LIBERTARIAN,JO JORGENSEN,145,LIBERTARIAN,JO JORGENSEN,0,OTHER,OTHER,40,OTHER,OTHER,430,OTHER,OTHER,160,OTHER,OTHER,0,REPUBLICAN,DONALD J TRUMP,1852,REPUBLICAN,DONALD J TRUMP,30778,REPUBLICAN,DONALD J TRUMP,6926,REPUBLICAN,DONALD J TRUMP,0,
SCOTT,2000,DEMOCRAT,AL GORE,1444,REPUBLICAN,GEORGE W. BUSH,2399,GREEN,RALPH NADER,48,OTHER,OTHER,90,
SCOTT,2004,DEMOCRAT,JOHN KERRY,1473,REPUBLICAN,GEORGE W. BUSH,2514,OTHER,OTHER,51,
SCOTT,2008,DEMOCRAT,BARACK OBAMA,1053,REPUBLICAN,JOHN MCCAIN,2791,OTHER,OTHER,151,
SCOTT,2012,DEMOCRAT,BARACK OBAMA,897,REPUBLICAN,MITT ROMNEY,2631,OTHER,OTHER,112,
SCOTT,2016,DEMOCRAT,HILLARY CLINTON,602,REPUBLICAN,DONALD TRUMP,2731,OTHER,OTHER,177,
SCOTT,2020,DEMOCRAT,JOSEPH R BIDEN JR,76,DEMOCRAT,JOSEPH R BIDEN JR,288,DEMOCRAT,JOSEPH R BIDEN JR,119,DEMOCRAT,JOSEPH R BIDEN JR,0,GREEN,OTHER,0,GREEN,OTHER,3,GREEN,OTHER,2,GREEN,OTHER,0,LIBERTARIAN,JO JORGENSEN,2,LIBERTARIAN,JO JORGENSEN,14,LIBERTARIAN,JO JORGENSEN,15,LIBERTARIAN,JO JORGENSEN,0,OTHER,OTHER,0,OTHER,OTHER,42,OTHER,OTHER,28,OTHER,OTHER,0,REPUBLICAN,DONALD J TRUMP,129,REPUBLICAN,DONALD J TRUMP,1593,REPUBLICAN,DONALD J TRUMP,1240,REPUBLICAN,DONALD J TRUMP,0,
SEARCY,2000,DEMOCRAT,AL GORE,1229,REPUBLICAN,GEORGE W. BUSH,2610,GREEN,RALPH NADER,83,OTHER,OTHER,136,
SEARCY,2004,DEMOCRAT,JOHN KERRY,1370,REPUBLICAN,GEORGE W. BUSH,2565,OTHER,OTHER,57,
SEARCY,2008,DEMOCRAT,BARACK OBAMA,961,REPUBLICAN,JOHN MCCAIN,2726,OTHER,OTHER,160,
SEARCY,2012,DEMOCRAT,BARACK OBAMA,814,REPUBLICAN,MITT ROMNEY,2699,OTHER,OTHER,181,
SEARCY,2016,DEMOCRAT,HILLARY CLINTON,601,REPUBLICAN,DONALD TRUMP,2955,OTHER,OTHER,172,
SEARCY,2020,DEMOCRAT,JOSEPH R BIDEN JR,115,DEMOCRAT,JOSEPH R BIDEN JR,345,DEMOCRAT,JOSEPH R BIDEN JR,127,DEMOCRAT,JOSEPH R BIDEN JR,1,GREEN,OTHER,0,GREEN,OTHER,1,GREEN,OTHER,3,GREEN,OTHER,0,LIBERTARIAN,JO JORGENSEN,2,LIBERTARIAN,JO JORGENSEN,16,LIBERTARIAN,JO JORGENSEN,12,LIBERTARIAN,JO JORGENSEN,0,OTHER,OTHER,1,OTHER,OTHER,18,OTHER,OTHER,13,OTHER,OTHER,0,REPUBLICAN,DONALD J TRUMP,142,REPUBLICAN,DONALD J TRUMP,2233,REPUBLICAN,DONALD J TRUMP,990,REPUBLICAN,DONALD J TRUMP,0,
SEBASTIAN,2000,DEMOCRAT,AL GORE,15555,REPUBLICAN,GEORGE W. BUSH,23483,GREEN,RALPH NADER,503,OTHER,OTHER,618,
SEBASTIAN,2004,DEMOCRAT,JOHN KERRY,16479,REPUBLICAN,GEORGE W. BUSH,27303,OTHER,OTHER,429,
SEBASTIAN,2008,DEMOCRAT,BARACK OBAMA,13673,REPUBLICAN,JOHN MCCAIN,28637,OTHER,OTHER,902,
SEBASTIAN,2012,DEMOCRAT,BARACK OBAMA,13092,REPUBLICAN,MITT ROMNEY,29169,OTHER,OTHER,1101,
SEBASTIAN,2016,DEMOCRAT,HILLARY CLINTON,12300,REPUBLICAN,DONALD TRUMP,29127,OTHER,OTHER,3210,
SEBASTIAN,2020,DEMOCRAT,JOSEPH R BIDEN JR,2230,DEMOCRAT,JOSEPH R BIDEN JR,9978,DEMOCRAT,JOSEPH R BIDEN JR,2279,DEMOCRAT,JOSEPH R BIDEN JR,0,GREEN,OTHER,6,GREEN,OTHER,61,GREEN,OTHER,31,GREEN,OTHER,0,LIBERTARIAN,JO JORGENSEN,38,LIBERTARIAN,JO JORGENSEN,541,LIBERTARIAN,JO JORGENSEN,225,LIBERTARIAN,JO JORGENSEN,0,OTHER,OTHER,21,OTHER,OTHER,355,OTHER,OTHER,177,OTHER,OTHER,0,REPUBLICAN,DONALD J TRUMP,1601,REPUBLICAN,DONALD J TRUMP,22808,REPUBLICAN,DONALD J TRUMP,6789,REPUBLICAN,DONALD J TRUMP,0,
SEVIER,2000,DEMOCRAT,AL GORE,2095,REPUBLICAN,GEORGE W. BUSH,2111,GREEN,RALPH NADER,55,OTHER,OTHER,32,
SEVIER,2004,DEMOCRAT,JOHN KERRY,2035,REPUBLICAN,GEORGE W. BUSH,2516,OTHER,OTHER,50,
SEVIER,2008,DEMOCRAT,BARACK OBAMA,1291,REPUBLICAN,JOHN MCCAIN,3125,OTHER,OTHER,164,
SEVIER,2012,DEMOCRAT,BARACK OBAMA,1042,REPUBLICAN,MITT ROMNEY,3136,OTHER,OTHER,152,
SEVIER,2016,DEMOCRAT,HILLARY CLINTON,1075,REPUBLICAN,DONALD TRUMP,3282,OTHER,OTHER,205,
SEVIER,2020,DEMOCRAT,JOSEPH R BIDEN JR,142,DEMOCRAT,JOSEPH R BIDEN JR,672,DEMOCRAT,JOSEPH R BIDEN JR,295,DEMOCRAT,JOSEPH R BIDEN JR,7,GREEN,OTHER,0,GREEN,OTHER,5,GREEN,OTHER,5,GREEN,OTHER,0,LIBERTARIAN,JO JORGENSEN,3,LIBERTARIAN,JO JORGENSEN,30,LIBERTARIAN,JO JORGENSEN,21,LIBERTARIAN,JO JORGENSEN,1,OTHER,OTHER,0,OTHER,OTHER,72,OTHER,OTHER,65,OTHER,OTHER,0,REPUBLICAN,DONALD J TRUMP,164,REPUBLICAN,DONALD J TRUMP,2368,REPUBLICAN,DONALD J TRUMP,1343,REPUBLICAN,DONALD J TRUMP,9,
SHARP,2000,DEMOCRAT,AL GORE,3236,REPUBLICAN,GEORGE W. BUSH,3698,GREEN,RALPH NADER,115,OTHER,OTHER,77,
SHARP,2004,DEMOCRAT,JOHN KERRY,3265,REPUBLICAN,GEORGE W. BUSH,4097,OTHER,OTHER,108,
SHARP,2008,DEMOCRAT,BARACK OBAMA,2436,REPUBLICAN,JOHN MCCAIN,4535,OTHER,OTHER,281,
SHARP,2012,DEMOCRAT,BARACK OBAMA,2092,REPUBLICAN,MITT ROMNEY,4921,OTHER,OTHER,270,
SHARP,2016,DEMOCRAT,HILLARY CLINTON,1472,REPUBLICAN,DONALD TRUMP,5407,OTHER,OTHER,370,
SHARP,2020,DEMOCRAT,JOSEPH R BIDEN JR,283,DEMOCRAT,JOSEPH R BIDEN JR,896,DEMOCRAT,JOSEPH R BIDEN JR,216,DEMOCRAT,JOSEPH R BIDEN JR,3,GREEN,OTHER,0,GREEN,OTHER,24,GREEN,OTHER,5,GREEN,OTHER,0,LIBERTARIAN,JO JORGENSEN,0,LIBERTARIAN,JO JORGENSEN,40,LIBERTARIAN,JO JORGENSEN,12,LIBERTARIAN,JO JORGENSEN,0,OTHER,OTHER,2,OTHER,OTHER,101,OTHER,OTHER,46,OTHER,OTHER,0,REPUBLICAN,DONALD J TRUMP,311,REPUBLICAN,DONALD J TRUMP,4208,REPUBLICAN,DONALD J TRUMP,1414,REPUBLICAN,DONALD J TRUMP,5,
STONE,2000,DEMOCRAT,AL GORE,2043,REPUBLICAN,GEORGE W. BUSH,2623,GREEN,RALPH NADER,98,OTHER,OTHER,96,
STONE,2004,DEMOCRAT,JOHN KERRY,2255,REPUBLICAN,GEORGE W. BUSH,3188,OTHER,OTHER,106,
STONE,2008,DEMOCRAT,BARACK OBAMA,1598,REPUBLICAN,JOHN MCCAIN,3534,OTHER,OTHER,192,
STONE,2012,DEMOCRAT,BARACK OBAMA,1356,REPUBLICAN,MITT ROMNEY,3776,OTHER,OTHER,222,
STONE,2016,DEMOCRAT,HILLARY CLINTON,1203,REPUBLICAN,DONALD TRUMP,4113,OTHER,OTHER,302,
STONE,2020,DEMOCRAT,JOSEPH R BIDEN JR,232,DEMOCRAT,JOSEPH R BIDEN JR,706,DEMOCRAT,JOSEPH R BIDEN JR,242,DEMOCRAT,JOSEPH R BIDEN JR,0,GREEN,OTHER,4,GREEN,OTHER,10,GREEN,OTHER,5,GREEN,OTHER,0,LIBERTARIAN,JO JORGENSEN,0,LIBERTARIAN,JO JORGENSEN,20,LIBERTARIAN,JO JORGENSEN,27,LIBERTARIAN,JO JORGENSEN,0,OTHER,OTHER,4,OTHER,OTHER,47,OTHER,OTHER,25,OTHER,OTHER,0,REPUBLICAN,DONALD J TRUMP,197,REPUBLICAN,DONALD J TRUMP,2888,REPUBLICAN,DONALD J TRUMP,1531,REPUBLICAN,DONALD J TRUMP,0,
UNION,2000,DEMOCRAT,AL GORE,6261,REPUBLICAN,GEORGE W. BUSH,8647,GREEN,RALPH NADER,130,OTHER,OTHER,571,
UNION,2004,DEMOCRAT,JOHN KERRY,7071,REPUBLICAN,GEORGE W. BUSH,10502,OTHER,OTHER,259,
UNION,2008,DEMOCRAT,BARACK OBAMA,6190,REPUBLICAN,JOHN MCCAIN,10677,OTHER,OTHER,312,
UNION,2012,DEMOCRAT,BARACK OBAMA,6196,REPUBLICAN,MITT ROMNEY,10699,OTHER,OTHER,282,
UNION,2016,DEMOCRAT,HILLARY CLINTON,5855,REPUBLICAN,DONALD TRUMP,10456,OTHER,OTHER,583,
UNION,2020,DEMOCRAT,JOSEPH R BIDEN JR,801,DEMOCRAT,JOSEPH R BIDEN JR,3088,DEMOCRAT,JOSEPH R BIDEN JR,1670,DEMOCRAT,JOSEPH R BIDEN JR,25,GREEN,OTHER,2,GREEN,OTHER,15,GREEN,OTHER,19,GREEN,OTHER,0,LIBERTARIAN,JO JORGENSEN,2,LIBERTARIAN,JO JORGENSEN,90,LIBERTARIAN,JO JORGENSEN,89,LIBERTARIAN,JO JORGENSEN,1,OTHER,OTHER,7,OTHER,OTHER,162,OTHER,OTHER,157,OTHER,OTHER,1,REPUBLICAN,DONALD J TRUMP,543,REPUBLICAN,DONALD J TRUMP,5398,REPUBLICAN,DONALD J TRUMP,4505,REPUBLICAN,DONALD J TRUMP,32,
VAN BUREN,2000,DEMOCRAT,AL GORE,3202,REPUBLICAN,GEORGE W. BUSH,3485,GREEN,RALPH NADER,153,OTHER,OTHER,144,
VAN BUREN,2004,DEMOCRAT,JOHN KERRY,3310,REPUBLICAN,GEORGE W. BUSH,3988,OTHER,OTHER,76,
VAN BUREN,2008,DEMOCRAT,BARACK OBAMA,2151,REPUBLICAN,JOHN MCCAIN,4276,OTHER,OTHER,276,
VAN BUREN,2012,DEMOCRAT,BARACK OBAMA,1832,REPUBLICAN,MITT ROMNEY,4365,OTHER,OTHER,233,
VAN BUREN,2016,DEMOCRAT,HILLARY CLINTON,1549,REPUBLICAN,DONALD TRUMP,5382,OTHER,OTHER,408,
VAN BUREN,2020,DEMOCRAT,JOSEPH R BIDEN JR,361,DEMOCRAT,JOSEPH R BIDEN JR,992,DEMOCRAT,JOSEPH R BIDEN JR,213,DEMOCRAT,JOSEPH R BIDEN JR,27,GREEN,OTHER,0,GREEN,OTHER,14,GREEN,OTHER,5,GREEN,OTHER,0,LIBERTARIAN,JO JORGENSEN,3,LIBERTARIAN,JO JORGENSEN,27,LIBERTARIAN,JO JORGENSEN,23,LIBERTARIAN,JO JORGENSEN,1,OTHER,OTHER,6,OTHER,OTHER,66,OTHER,OTHER,32,OTHER,OTHER,3,REPUBLICAN,DONALD J TRUMP,315,REPUBLICAN,DONALD J TRUMP,4350,REPUBLICAN,DONALD J TRUMP,1297,REPUBLICAN,DONALD J TRUMP,72,
WASHINGTON,2000,DEMOCRAT,AL GORE,21425,REPUBLICAN,GEORGE W. BUSH,28231,GREEN,RALPH NADER,1208,OTHER,OTHER,595,
WASHINGTON,2004,DEMOCRAT,JOHN KERRY,27597,REPUBLICAN,GEORGE W. BUSH,35726,OTHER,OTHER,780,
WASHINGTON,2008,DEMOCRAT,BARACK OBAMA,29021,REPUBLICAN,JOHN MCCAIN,37963,OTHER,OTHER,1396,
WASHINGTON,2012,DEMOCRAT,BARACK OBAMA,28236,REPUBLICAN,MITT ROMNEY,39688,OTHER,OTHER,2536,
WASHINGTON,2016,DEMOCRAT,HILLARY CLINTON,33366,REPUBLICAN,DONALD TRUMP,41476,OTHER,OTHER,7019,
WASHINGTON,2020,DEMOCRAT,JOSEPH R BIDEN JR,8817,DEMOCRAT,JOSEPH R BIDEN JR,28415,DEMOCRAT,JOSEPH R BIDEN JR,6592,DEMOCRAT,JOSEPH R BIDEN JR,0,GREEN,OTHER,50,GREEN,OTHER,166,GREEN,OTHER,97,GREEN,OTHER,0,LIBERTARIAN,JO JORGENSEN,148,LIBERTARIAN,JO JORGENSEN,797,LIBERTARIAN,JO JORGENSEN,469,LIBERTARIAN,JO JORGENSEN,0,OTHER,OTHER,126,OTHER,OTHER,700,OTHER,OTHER,385,OTHER,OTHER,0,REPUBLICAN,DONALD J TRUMP,3894,REPUBLICAN,DONALD J TRUMP,31520,REPUBLICAN,DONALD J TRUMP,12090,REPUBLICAN,DONALD J TRUMP,0,
WHITE,2000,DEMOCRAT,AL GORE,8342,REPUBLICAN,GEORGE W. BUSH,13170,GREEN,RALPH NADER,243,OTHER,OTHER,395,
WHITE,2004,DEMOCRAT,JOHN KERRY,9129,REPUBLICAN,GEORGE W. BUSH,17001,OTHER,OTHER,295,
WHITE,2008,DEMOCRAT,BARACK OBAMA,6732,REPUBLICAN,JOHN MCCAIN,19467,OTHER,OTHER,756,
WHITE,2012,DEMOCRAT,BARACK OBAMA,5765,REPUBLICAN,MITT ROMNEY,20011,OTHER,OTHER,738,
WHITE,2016,DEMOCRAT,HILLARY CLINTON,5170,REPUBLICAN,DONALD TRUMP,21077,OTHER,OTHER,972,
WHITE,2020,DEMOCRAT,JOSEPH R BIDEN JR,969,DEMOCRAT,JOSEPH R BIDEN JR,3690,DEMOCRAT,JOSEPH R BIDEN JR,1319,DEMOCRAT,JOSEPH R BIDEN JR,0,GREEN,OTHER,0,GREEN,OTHER,27,GREEN,OTHER,13,GREEN,OTHER,0,LIBERTARIAN,JO JORGENSEN,20,LIBERTARIAN,JO JORGENSEN,250,LIBERTARIAN,JO JORGENSEN,125,LIBERTARIAN,JO JORGENSEN,0,OTHER,OTHER,15,OTHER,OTHER,155,OTHER,OTHER,120,OTHER,OTHER,0,REPUBLICAN,DONALD J TRUMP,1032,REPUBLICAN,DONALD J TRUMP,15954,REPUBLICAN,DONALD J TRUMP,7196,REPUBLICAN,DONALD J TRUMP,0,
WOODRUFF,2000,DEMOCRAT,AL GORE,1699,REPUBLICAN,GEORGE W. BUSH,898,GREEN,RALPH NADER,19,OTHER,OTHER,35,
WOODRUFF,2004,DEMOCRAT,JOHN KERRY,1972,REPUBLICAN,GEORGE W. BUSH,1021,OTHER,OTHER,33,
WOODRUFF,2008,DEMOCRAT,BARACK OBAMA,1412,REPUBLICAN,JOHN MCCAIN,1206,OTHER,OTHER,143,
WOODRUFF,2012,DEMOCRAT,BARACK OBAMA,1340,REPUBLICAN,MITT ROMNEY,1227,OTHER,OTHER,118,
WOODRUFF,2016,DEMOCRAT,HILLARY CLINTON,1118,REPUBLICAN,DONALD TRUMP,1347,OTHER,OTHER,106,
WOODRUFF,2020,DEMOCRAT,JOSEPH R BIDEN JR,60,DEMOCRAT,JOSEPH R BIDEN JR,475,DEMOCRAT,JOSEPH R BIDEN JR,314,DEMOCRAT,JOSEPH R BIDEN JR,7,GREEN,OTHER,1,GREEN,OTHER,1,GREEN,OTHER,4,GREEN,OTHER,0,LIBERTARIAN,JO JORGENSEN,1,LIBERTARIAN,JO JORGENSEN,5,LIBERTARIAN,JO JORGENSEN,8,LIBERTARIAN,JO JORGENSEN,0,OTHER,OTHER,0,OTHER,OTHER,39,OTHER,OTHER,18,OTHER,OTHER,0,REPUBLICAN,DONALD J TRUMP,46,REPUBLICAN,DONALD J TRUMP,771,REPUBLICAN,DONALD J TRUMP,726,REPUBLICAN,DONALD J TRUMP,0,
YELL,2000,DEMOCRAT,AL GORE,3062,REPUBLICAN,GEORGE W. BUSH,3223,GREEN,RALPH NADER,78,OTHER,OTHER,116,
YELL,2004,DEMOCRAT,JOHN KERRY,2913,REPUBLICAN,GEORGE W. BUSH,3678,OTHER,OTHER,68,
YELL,2008,DEMOCRAT,BARACK OBAMA,2003,REPUBLICAN,JOHN MCCAIN,3808,OTHER,OTHER,225,
YELL,2012,DEMOCRAT,BARACK OBAMA,1722,REPUBLICAN,MITT ROMNEY,4042,OTHER,OTHER,210,
YELL,2016,DEMOCRAT,HILLARY CLINTON,1480,REPUBLICAN,DONALD TRUMP,4608,OTHER,OTHER,351,
YELL,2020,DEMOCRAT,JOSEPH R BIDEN JR,136,DEMOCRAT,JOSEPH R BIDEN JR,868,DEMOCRAT,JOSEPH R BIDEN JR,271,DEMOCRAT,JOSEPH R BIDEN JR,9,GREEN,OTHER,0,GREEN,OTHER,6,GREEN,OTHER,8,GREEN,OTHER,0,LIBERTARIAN,JO JORGENSEN,0,LIBERTARIAN,JO JORGENSEN,48,LIBERTARIAN,JO JORGENSEN,18,LIBERTARIAN,JO JORGENSEN,0,OTHER,OTHER,5,OTHER,OTHER,108,OTHER,OTHER,38,OTHER,OTHER,0,REPUBLICAN,DONALD J TRUMP,181,REPUBLICAN,DONALD J TRUMP,3507,REPUBLICAN,DONALD J TRUMP,1518,REPUBLICAN,DONALD J TRUMP,20,
