ALAMEDA,2000,DEMOCRAT,AL GORE,342889,REPUBLICAN,GEORGE W. BUSH,119279,GREEN,RALPH NADER,27499,OTHER,OTHER,4669,
ALAMEDA,2004,DEMOCRAT,JOHN KERRY,422585,REPUBLICAN,GEORGE W. BUSH,130911,OTHER,OTHER,7246,
ALAMEDA,2008,DEMOCRAT,BARACK OBAMA,489106,REPUBLICAN,JOHN MCCAIN,119555,OTHER,OTHER,12368,
ALAMEDA,2012,DEMOCRAT,BARACK OBAMA,469684,REPUBLICAN,MITT ROMNEY,108182,OTHER,OTHER,17776,
ALAMEDA,2016,DEMOCRAT,HILLARY CLINTON,514842,REPUBLICAN,DONALD TRUMP,95922,OTHER,OTHER,43502,
ALAMEDA,2020,DEMOCRAT,JOSEPH R BIDEN JR,617659,GREEN,OTHER,4664,LIBERTARIAN,JO JORGENSEN,6295,OTHER,OTHER,5143,REPUBLICAN,DONALD J TRUMP,136309,
ALPINE,2000,DEMOCRAT,AL GORE,265,REPUBLICAN,GEORGE W. BUSH,281,GREEN,RALPH NADER,25,OTHER,OTHER,15,
ALPINE,2004,DEMOCRAT,JOHN KERRY,373,REPUBLICAN,GEORGE W. BUSH,311,OTHER,OTHER,15,
ALPINE,2008,DEMOCRAT,BARACK OBAMA,422,REPUBLICAN,JOHN MCCAIN,252,OTHER,OTHER,18,
ALPINE,2012,DEMOCRAT,BARACK OBAMA,389,REPUBLICAN,MITT ROMNEY,236,OTHER,OTHER,28,
ALPINE,2016,DEMOCRAT,HILLARY CLINTON,334,REPUBLICAN,DONALD TRUMP,217,OTHER,OTHER,51,
ALPINE,2020,DEMOCRAT,JOSEPH R BIDEN JR,476,GREEN,OTHER,4,LIBERTARIAN,JO JORGENSEN,15,OTHER,OTHER,2,REPUBLICAN,DONALD J TRUMP,244,
AMADOR,2000,DEMOCRAT,AL GORE,5906,REPUBLICAN,GEORGE W. BUSH,8766,GREEN,RALPH NADER,584,OTHER,OTHER,208,
AMADOR,2004,DEMOCRAT,JOHN KERRY,6211,REPUBLICAN,GEORGE W. BUSH,10479,OTHER,OTHER,189,
AMADOR,2008,DEMOCRAT,BARACK OBAMA,7813,REPUBLICAN,JOHN MCCAIN,10561,OTHER,OTHER,436,
AMADOR,2012,DEMOCRAT,BARACK OBAMA,6830,REPUBLICAN,MITT ROMNEY,10281,OTHER,OTHER,538,
AMADOR,2016,DEMOCRAT,HILLARY CLINTON,6004,REPUBLICAN,DONALD TRUMP,10485,OTHER,OTHER,1245,
AMADOR,2020,DEMOCRAT,JOSEPH R BIDEN JR,8153,GREEN,OTHER,110,LIBERTARIAN,JO JORGENSEN,349,OTHER,OTHER,107,REPUBLICAN,DONALD J TRUMP,13585,
BUTTE,2000,DEMOCRAT,AL GORE,31338,REPUBLICAN,GEORGE W. BUSH,45584,GREEN,RALPH NADER,5727,OTHER,OTHER,1072,
BUTTE,2004,DEMOCRAT,JOHN KERRY,42448,REPUBLICAN,GEORGE W. BUSH,51662,OTHER,OTHER,1625,
BUTTE,2008,DEMOCRAT,BARACK OBAMA,49013,REPUBLICAN,JOHN MCCAIN,46706,OTHER,OTHER,2606,
BUTTE,2012,DEMOCRAT,BARACK OBAMA,42669,REPUBLICAN,MITT ROMNEY,44479,OTHER,OTHER,3604,
BUTTE,2016,DEMOCRAT,HILLARY CLINTON,41567,REPUBLICAN,DONALD TRUMP,45144,OTHER,OTHER,8853,
BUTTE,2020,DEMOCRAT,JOSEPH R BIDEN JR,50426,GREEN,OTHER,507,LIBERTARIAN,JO JORGENSEN,1774,OTHER,OTHER,629,REPUBLICAN,DONALD J TRUMP,48730,
CALAVERAS,2000,DEMOCRAT,AL GORE,7093,REPUBLICAN,GEORGE W. BUSH,10599,GREEN,RALPH NADER,863,OTHER,OTHER,321,
CALAVERAS,2004,DEMOCRAT,JOHN KERRY,8286,REPUBLICAN,GEORGE W. BUSH,13601,OTHER,OTHER,419,
CALAVERAS,2008,DEMOCRAT,BARACK OBAMA,9813,REPUBLICAN,JOHN MCCAIN,12835,OTHER,OTHER,658,
CALAVERAS,2012,DEMOCRAT,BARACK OBAMA,8670,REPUBLICAN,MITT ROMNEY,12365,OTHER,OTHER,751,
CALAVERAS,2016,DEMOCRAT,HILLARY CLINTON,7944,REPUBLICAN,DONALD TRUMP,13511,OTHER,OTHER,1681,
CALAVERAS,2020,DEMOCRAT,JOSEPH R BIDEN JR,10046,GREEN,OTHER,125,LIBERTARIAN,JO JORGENSEN,359,OTHER,OTHER,116,REPUBLICAN,DONALD J TRUMP,16518,
COLUSA,2000,DEMOCRAT,AL GORE,1745,REPUBLICAN,GEORGE W. BUSH,3629,GREEN,RALPH NADER,151,OTHER,OTHER,65,
COLUSA,2004,DEMOCRAT,JOHN KERRY,1947,REPUBLICAN,GEORGE W. BUSH,4142,OTHER,OTHER,77,
COLUSA,2008,DEMOCRAT,BARACK OBAMA,2569,REPUBLICAN,JOHN MCCAIN,3733,OTHER,OTHER,127,
COLUSA,2012,DEMOCRAT,BARACK OBAMA,2314,REPUBLICAN,MITT ROMNEY,3601,OTHER,OTHER,119,
COLUSA,2016,DEMOCRAT,HILLARY CLINTON,2661,REPUBLICAN,DONALD TRUMP,3551,OTHER,OTHER,420,
COLUSA,2020,DEMOCRAT,JOSEPH R BIDEN JR,3239,GREEN,OTHER,25,LIBERTARIAN,JO JORGENSEN,81,OTHER,OTHER,57,REPUBLICAN,DONALD J TRUMP,4559,
CONTRA COSTA,2000,DEMOCRAT,AL GORE,224338,REPUBLICAN,GEORGE W. BUSH,141373,GREEN,RALPH NADER,13067,OTHER,OTHER,2700,
CONTRA COSTA,2004,DEMOCRAT,JOHN KERRY,257254,REPUBLICAN,GEORGE W. BUSH,150608,OTHER,OTHER,4277,
CONTRA COSTA,2008,DEMOCRAT,BARACK OBAMA,306983,REPUBLICAN,JOHN MCCAIN,136436,OTHER,OTHER,8231,
CONTRA COSTA,2012,DEMOCRAT,BARACK OBAMA,290824,REPUBLICAN,MITT ROMNEY,136517,OTHER,OTHER,10885,
CONTRA COSTA,2016,DEMOCRAT,HILLARY CLINTON,319287,REPUBLICAN,DONALD TRUMP,115956,OTHER,OTHER,30932,
CONTRA COSTA,2020,DEMOCRAT,JOSEPH R BIDEN JR,416386,GREEN,OTHER,2618,LIBERTARIAN,JO JORGENSEN,6116,OTHER,OTHER,3319,REPUBLICAN,DONALD J TRUMP,152877,
DEL NORTE,2000,DEMOCRAT,AL GORE,3117,REPUBLICAN,GEORGE W. BUSH,4526,GREEN,RALPH NADER,485,OTHER,OTHER,166,
DEL NORTE,2004,DEMOCRAT,JOHN KERRY,3892,REPUBLICAN,GEORGE W. BUSH,5356,OTHER,OTHER,173,
DEL NORTE,2008,DEMOCRAT,BARACK OBAMA,4323,REPUBLICAN,JOHN MCCAIN,4967,OTHER,OTHER,241,
DEL NORTE,2012,DEMOCRAT,BARACK OBAMA,3791,REPUBLICAN,MITT ROMNEY,4614,OTHER,OTHER,365,
DEL NORTE,2016,DEMOCRAT,HILLARY CLINTON,3485,REPUBLICAN,DONALD TRUMP,5134,OTHER,OTHER,939,
DEL NORTE,2020,DEMOCRAT,JOSEPH R BIDEN JR,4677,GREEN,OTHER,78,LIBERTARIAN,JO JORGENSEN,150,OTHER,OTHER,87,REPUBLICAN,DONALD J TRUMP,6461,
EL DORADO,2000,DEMOCRAT,AL GORE,26220,REPUBLICAN,GEORGE W. BUSH,42045,GREEN,RALPH NADER,3013,OTHER,OTHER,858,
EL DORADO,2004,DEMOCRAT,JOHN KERRY,32242,REPUBLICAN,GEORGE W. BUSH,52878,OTHER,OTHER,1158,
EL DORADO,2008,DEMOCRAT,BARACK OBAMA,40529,REPUBLICAN,JOHN MCCAIN,50314,OTHER,OTHER,2083,
EL DORADO,2012,DEMOCRAT,BARACK OBAMA,35166,REPUBLICAN,MITT ROMNEY,50973,OTHER,OTHER,2635,
EL DORADO,2016,DEMOCRAT,HILLARY CLINTON,36404,REPUBLICAN,DONALD TRUMP,49247,OTHER,OTHER,7940,
EL DORADO,2020,DEMOCRAT,JOSEPH R BIDEN JR,51621,GREEN,OTHER,460,LIBERTARIAN,JO JORGENSEN,1871,OTHER,OTHER,369,REPUBLICAN,DONALD J TRUMP,61838,
FRESNO,2000,DEMOCRAT,AL GORE,95059,REPUBLICAN,GEORGE W. BUSH,117342,GREEN,RALPH NADER,6541,OTHER,OTHER,1893,
FRESNO,2004,DEMOCRAT,JOHN KERRY,103154,REPUBLICAN,GEORGE W. BUSH,141988,OTHER,OTHER,2018,
FRESNO,2008,DEMOCRAT,BARACK OBAMA,136706,REPUBLICAN,JOHN MCCAIN,131015,OTHER,OTHER,4568,
FRESNO,2012,DEMOCRAT,BARACK OBAMA,129129,REPUBLICAN,MITT ROMNEY,124490,OTHER,OTHER,5208,
FRESNO,2016,DEMOCRAT,HILLARY CLINTON,141341,REPUBLICAN,DONALD TRUMP,124049,OTHER,OTHER,16929,
FRESNO,2020,DEMOCRAT,JOSEPH R BIDEN JR,193025,GREEN,OTHER,1474,LIBERTARIAN,JO JORGENSEN,4031,OTHER,OTHER,1923,REPUBLICAN,DONALD J TRUMP,164464,
GLENN,2000,DEMOCRAT,AL GORE,2498,REPUBLICAN,GEORGE W. BUSH,5795,GREEN,RALPH NADER,268,OTHER,OTHER,150,
GLENN,2004,DEMOCRAT,JOHN KERRY,2995,REPUBLICAN,GEORGE W. BUSH,6308,OTHER,OTHER,132,
GLENN,2008,DEMOCRAT,BARACK OBAMA,3734,REPUBLICAN,JOHN MCCAIN,5910,OTHER,OTHER,235,
GLENN,2012,DEMOCRAT,BARACK OBAMA,3301,REPUBLICAN,MITT ROMNEY,5632,OTHER,OTHER,278,
GLENN,2016,DEMOCRAT,HILLARY CLINTON,3065,REPUBLICAN,DONALD TRUMP,5788,OTHER,OTHER,617,
GLENN,2020,DEMOCRAT,JOSEPH R BIDEN JR,3995,GREEN,OTHER,34,LIBERTARIAN,JO JORGENSEN,128,OTHER,OTHER,77,REPUBLICAN,DONALD J TRUMP,7063,
HUMBOLDT,2000,DEMOCRAT,AL GORE,24851,REPUBLICAN,GEORGE W. BUSH,23219,GREEN,RALPH NADER,7100,OTHER,OTHER,802,
HUMBOLDT,2004,DEMOCRAT,JOHN KERRY,37988,REPUBLICAN,GEORGE W. BUSH,25714,OTHER,OTHER,1808,
HUMBOLDT,2008,DEMOCRAT,BARACK OBAMA,39692,REPUBLICAN,JOHN MCCAIN,21713,OTHER,OTHER,2322,
HUMBOLDT,2012,DEMOCRAT,BARACK OBAMA,34457,REPUBLICAN,MITT ROMNEY,18825,OTHER,OTHER,4188,
HUMBOLDT,2016,DEMOCRAT,HILLARY CLINTON,33200,REPUBLICAN,DONALD TRUMP,18373,OTHER,OTHER,7673,
HUMBOLDT,2020,DEMOCRAT,JOSEPH R BIDEN JR,44768,GREEN,OTHER,625,LIBERTARIAN,JO JORGENSEN,1132,OTHER,OTHER,548,REPUBLICAN,DONALD J TRUMP,21770,
IMPERIAL,2000,DEMOCRAT,AL GORE,15489,REPUBLICAN,GEORGE W. BUSH,12524,GREEN,RALPH NADER,608,OTHER,OTHER,316,
IMPERIAL,2004,DEMOCRAT,JOHN KERRY,13955,REPUBLICAN,GEORGE W. BUSH,11628,OTHER,OTHER,319,
IMPERIAL,2008,DEMOCRAT,BARACK OBAMA,24162,REPUBLICAN,JOHN MCCAIN,14008,OTHER,OTHER,650,
IMPERIAL,2012,DEMOCRAT,BARACK OBAMA,25136,REPUBLICAN,MITT ROMNEY,12777,OTHER,OTHER,652,
IMPERIAL,2016,DEMOCRAT,HILLARY CLINTON,32667,REPUBLICAN,DONALD TRUMP,12704,OTHER,OTHER,2720,
IMPERIAL,2020,DEMOCRAT,JOSEPH R BIDEN JR,34678,GREEN,OTHER,234,LIBERTARIAN,JO JORGENSEN,390,OTHER,OTHER,594,REPUBLICAN,DONALD J TRUMP,20847,
INYO,2000,DEMOCRAT,AL GORE,2652,REPUBLICAN,GEORGE W. BUSH,4713,GREEN,RALPH NADER,344,OTHER,OTHER,106,
INYO,2004,DEMOCRAT,JOHN KERRY,3021,REPUBLICAN,GEORGE W. BUSH,4559,OTHER,OTHER,138,
INYO,2008,DEMOCRAT,BARACK OBAMA,3743,REPUBLICAN,JOHN MCCAIN,4523,OTHER,OTHER,267,
INYO,2012,DEMOCRAT,BARACK OBAMA,3422,REPUBLICAN,MITT ROMNEY,4340,OTHER,OTHER,274,
INYO,2016,DEMOCRAT,HILLARY CLINTON,3155,REPUBLICAN,DONALD TRUMP,4248,OTHER,OTHER,683,
INYO,2020,DEMOCRAT,JOSEPH R BIDEN JR,4634,GREEN,OTHER,45,LIBERTARIAN,JO JORGENSEN,128,OTHER,OTHER,57,REPUBLICAN,DONALD J TRUMP,4620,
KERN,2000,DEMOCRAT,AL GORE,66003,REPUBLICAN,GEORGE W. BUSH,110663,GREEN,RALPH NADER,3474,OTHER,OTHER,2168,
KERN,2004,DEMOCRAT,JOHN KERRY,68603,REPUBLICAN,GEORGE W. BUSH,140417,OTHER,OTHER,1838,
KERN,2008,DEMOCRAT,BARACK OBAMA,93457,REPUBLICAN,JOHN MCCAIN,134793,OTHER,OTHER,4600,
KERN,2012,DEMOCRAT,BARACK OBAMA,89495,REPUBLICAN,MITT ROMNEY,126618,OTHER,OTHER,5359,
KERN,2016,DEMOCRAT,HILLARY CLINTON,98689,REPUBLICAN,DONALD TRUMP,129584,OTHER,OTHER,15890,
KERN,2020,DEMOCRAT,JOSEPH R BIDEN JR,133366,GREEN,OTHER,1074,LIBERTARIAN,JO JORGENSEN,3942,OTHER,OTHER,2426,REPUBLICAN,DONALD J TRUMP,164484,
KINGS,2000,DEMOCRAT,AL GORE,11041,REPUBLICAN,GEORGE W. BUSH,16377,GREEN,RALPH NADER,567,OTHER,OTHER,350,
KINGS,2004,DEMOCRAT,JOHN KERRY,10833,REPUBLICAN,GEORGE W. BUSH,21003,OTHER,OTHER,257,
KINGS,2008,DEMOCRAT,BARACK OBAMA,14747,REPUBLICAN,JOHN MCCAIN,19710,OTHER,OTHER,651,
KINGS,2012,DEMOCRAT,BARACK OBAMA,12979,REPUBLICAN,MITT ROMNEY,17671,OTHER,OTHER,768,
KINGS,2016,DEMOCRAT,HILLARY CLINTON,13617,REPUBLICAN,DONALD TRUMP,18093,OTHER,OTHER,2205,
KINGS,2020,DEMOCRAT,JOSEPH R BIDEN JR,18699,GREEN,OTHER,125,LIBERTARIAN,JO JORGENSEN,604,OTHER,OTHER,361,REPUBLICAN,DONALD J TRUMP,24072,
LAKE,2000,DEMOCRAT,AL GORE,10717,REPUBLICAN,GEORGE W. BUSH,8699,GREEN,RALPH NADER,1265,OTHER,OTHER,238,
LAKE,2004,DEMOCRAT,JOHN KERRY,9679,REPUBLICAN,GEORGE W. BUSH,8185,OTHER,OTHER,302,
LAKE,2008,DEMOCRAT,BARACK OBAMA,14854,REPUBLICAN,JOHN MCCAIN,9935,OTHER,OTHER,753,
LAKE,2012,DEMOCRAT,BARACK OBAMA,13163,REPUBLICAN,MITT ROMNEY,9200,OTHER,OTHER,1028,
LAKE,2016,DEMOCRAT,HILLARY CLINTON,11496,REPUBLICAN,DONALD TRUMP,10599,OTHER,OTHER,2401,
LAKE,2020,DEMOCRAT,JOSEPH R BIDEN JR,14941,GREEN,OTHER,207,LIBERTARIAN,JO JORGENSEN,374,OTHER,OTHER,167,REPUBLICAN,DONALD J TRUMP,13123,
LASSEN,2000,DEMOCRAT,AL GORE,2982,REPUBLICAN,GEORGE W. BUSH,7080,GREEN,RALPH NADER,339,OTHER,OTHER,185,
LASSEN,2004,DEMOCRAT,JOHN KERRY,3158,REPUBLICAN,GEORGE W. BUSH,8126,OTHER,OTHER,153,
LASSEN,2008,DEMOCRAT,BARACK OBAMA,3586,REPUBLICAN,JOHN MCCAIN,7483,OTHER,OTHER,318,
LASSEN,2012,DEMOCRAT,BARACK OBAMA,3053,REPUBLICAN,MITT ROMNEY,7296,OTHER,OTHER,334,
LASSEN,2016,DEMOCRAT,HILLARY CLINTON,2224,REPUBLICAN,DONALD TRUMP,7574,OTHER,OTHER,726,
LASSEN,2020,DEMOCRAT,JOSEPH R BIDEN JR,2799,GREEN,OTHER,31,LIBERTARIAN,JO JORGENSEN,141,OTHER,OTHER,46,REPUBLICAN,DONALD J TRUMP,8970,
LOS ANGELES,2000,DEMOCRAT,AL GORE,1710505,REPUBLICAN,GEORGE W. BUSH,871930,GREEN,RALPH NADER,83731,OTHER,OTHER,28988,
LOS ANGELES,2004,DEMOCRAT,JOHN KERRY,1907736,REPUBLICAN,GEORGE W. BUSH,1076225,OTHER,OTHER,37686,
LOS ANGELES,2008,DEMOCRAT,BARACK OBAMA,2295853,REPUBLICAN,JOHN MCCAIN,956425,OTHER,OTHER,65970,
LOS ANGELES,2012,DEMOCRAT,BARACK OBAMA,2216903,REPUBLICAN,MITT ROMNEY,885333,OTHER,OTHER,78831,
LOS ANGELES,2016,DEMOCRAT,HILLARY CLINTON,2464364,REPUBLICAN,DONALD TRUMP,769743,OTHER,OTHER,200201,
LOS ANGELES,2020,DEMOCRAT,JOSEPH R BIDEN JR,3028885,GREEN,OTHER,21660,LIBERTARIAN,JO JORGENSEN,35452,OTHER,OTHER,32838,REPUBLICAN,DONALD J TRUMP,1145530,
MADERA,2000,DEMOCRAT,AL GORE,11650,REPUBLICAN,GEORGE W. BUSH,20283,GREEN,RALPH NADER,1080,OTHER,OTHER,382,
MADERA,2004,DEMOCRAT,JOHN KERRY,13481,REPUBLICAN,GEORGE W. BUSH,24871,OTHER,OTHER,428,
MADERA,2008,DEMOCRAT,BARACK OBAMA,17952,REPUBLICAN,JOHN MCCAIN,23583,OTHER,OTHER,820,
MADERA,2012,DEMOCRAT,BARACK OBAMA,16018,REPUBLICAN,MITT ROMNEY,22852,OTHER,OTHER,996,
MADERA,2016,DEMOCRAT,HILLARY CLINTON,17029,REPUBLICAN,DONALD TRUMP,23357,OTHER,OTHER,2726,
MADERA,2020,DEMOCRAT,JOSEPH R BIDEN JR,23168,GREEN,OTHER,217,LIBERTARIAN,JO JORGENSEN,621,OTHER,OTHER,348,REPUBLICAN,DONALD J TRUMP,29378,
MARIN,2000,DEMOCRAT,AL GORE,79135,REPUBLICAN,GEORGE W. BUSH,34872,GREEN,RALPH NADER,8289,OTHER,OTHER,859,
MARIN,2004,DEMOCRAT,JOHN KERRY,99070,REPUBLICAN,GEORGE W. BUSH,34378,OTHER,OTHER,1471,
MARIN,2008,DEMOCRAT,BARACK OBAMA,109320,REPUBLICAN,JOHN MCCAIN,28384,OTHER,OTHER,2493,
MARIN,2012,DEMOCRAT,BARACK OBAMA,99896,REPUBLICAN,MITT ROMNEY,30880,OTHER,OTHER,3740,
MARIN,2016,DEMOCRAT,HILLARY CLINTON,108707,REPUBLICAN,DONALD TRUMP,21771,OTHER,OTHER,8795,
MARIN,2020,DEMOCRAT,JOSEPH R BIDEN JR,128288,GREEN,OTHER,724,LIBERTARIAN,JO JORGENSEN,1536,OTHER,OTHER,670,REPUBLICAN,DONALD J TRUMP,24612,
MARIPOSA,2000,DEMOCRAT,AL GORE,2816,REPUBLICAN,GEORGE W. BUSH,4727,GREEN,RALPH NADER,379,OTHER,OTHER,152,
MARIPOSA,2004,DEMOCRAT,JOHN KERRY,3251,REPUBLICAN,GEORGE W. BUSH,5215,OTHER,OTHER,172,
MARIPOSA,2008,DEMOCRAT,BARACK OBAMA,4100,REPUBLICAN,JOHN MCCAIN,5298,OTHER,OTHER,253,
MARIPOSA,2012,DEMOCRAT,BARACK OBAMA,3498,REPUBLICAN,MITT ROMNEY,5140,OTHER,OTHER,362,
MARIPOSA,2016,DEMOCRAT,HILLARY CLINTON,3122,REPUBLICAN,DONALD TRUMP,5185,OTHER,OTHER,570,
MARIPOSA,2020,DEMOCRAT,JOSEPH R BIDEN JR,4088,GREEN,OTHER,39,LIBERTARIAN,JO JORGENSEN,155,OTHER,OTHER,48,REPUBLICAN,DONALD J TRUMP,5950,
MENDOCINO,2000,DEMOCRAT,AL GORE,16634,REPUBLICAN,GEORGE W. BUSH,12272,GREEN,RALPH NADER,5051,OTHER,OTHER,453,
MENDOCINO,2004,DEMOCRAT,JOHN KERRY,24385,REPUBLICAN,GEORGE W. BUSH,12955,OTHER,OTHER,839,
MENDOCINO,2008,DEMOCRAT,BARACK OBAMA,27843,REPUBLICAN,JOHN MCCAIN,10721,OTHER,OTHER,1452,
MENDOCINO,2012,DEMOCRAT,BARACK OBAMA,23193,REPUBLICAN,MITT ROMNEY,9658,OTHER,OTHER,2166,
MENDOCINO,2016,DEMOCRAT,HILLARY CLINTON,22079,REPUBLICAN,DONALD TRUMP,10888,OTHER,OTHER,4510,
MENDOCINO,2020,DEMOCRAT,JOSEPH R BIDEN JR,28782,GREEN,OTHER,394,LIBERTARIAN,JO JORGENSEN,591,OTHER,OTHER,306,REPUBLICAN,DONALD J TRUMP,13267,
MERCED,2000,DEMOCRAT,AL GORE,22726,REPUBLICAN,GEORGE W. BUSH,26102,GREEN,RALPH NADER,1166,OTHER,OTHER,424,
MERCED,2004,DEMOCRAT,JOHN KERRY,24491,REPUBLICAN,GEORGE W. BUSH,32773,OTHER,OTHER,681,
MERCED,2008,DEMOCRAT,BARACK OBAMA,34031,REPUBLICAN,JOHN MCCAIN,28704,OTHER,OTHER,1073,
MERCED,2012,DEMOCRAT,BARACK OBAMA,33005,REPUBLICAN,MITT ROMNEY,27581,OTHER,OTHER,1471,
MERCED,2016,DEMOCRAT,HILLARY CLINTON,37317,REPUBLICAN,DONALD TRUMP,28725,OTHER,OTHER,4747,
MERCED,2020,DEMOCRAT,JOSEPH R BIDEN JR,48991,GREEN,OTHER,388,LIBERTARIAN,JO JORGENSEN,941,OTHER,OTHER,837,REPUBLICAN,DONALD J TRUMP,39397,
MODOC,2000,DEMOCRAT,AL GORE,945,REPUBLICAN,GEORGE W. BUSH,2969,GREEN,RALPH NADER,122,OTHER,OTHER,71,
MODOC,2004,DEMOCRAT,JOHN KERRY,1149,REPUBLICAN,GEORGE W. BUSH,3235,OTHER,OTHER,72,
MODOC,2008,DEMOCRAT,BARACK OBAMA,1313,REPUBLICAN,JOHN MCCAIN,2981,OTHER,OTHER,126,
MODOC,2012,DEMOCRAT,BARACK OBAMA,1111,REPUBLICAN,MITT ROMNEY,2777,OTHER,OTHER,98,
MODOC,2016,DEMOCRAT,HILLARY CLINTON,877,REPUBLICAN,DONALD TRUMP,2696,OTHER,OTHER,215,
MODOC,2020,DEMOCRAT,JOSEPH R BIDEN JR,1150,GREEN,OTHER,15,LIBERTARIAN,JO JORGENSEN,39,OTHER,OTHER,30,REPUBLICAN,DONALD J TRUMP,3109,
MONO,2000,DEMOCRAT,AL GORE,1788,REPUBLICAN,GEORGE W. BUSH,2296,GREEN,RALPH NADER,230,OTHER,OTHER,57,
MONO,2004,DEMOCRAT,JOHN KERRY,2628,REPUBLICAN,GEORGE W. BUSH,2621,OTHER,OTHER,81,
MONO,2008,DEMOCRAT,BARACK OBAMA,3093,REPUBLICAN,JOHN MCCAIN,2354,OTHER,OTHER,124,
MONO,2012,DEMOCRAT,BARACK OBAMA,2733,REPUBLICAN,MITT ROMNEY,2285,OTHER,OTHER,163,
MONO,2016,DEMOCRAT,HILLARY CLINTON,2773,REPUBLICAN,DONALD TRUMP,2111,OTHER,OTHER,392,
MONO,2020,DEMOCRAT,JOSEPH R BIDEN JR,4013,GREEN,OTHER,42,LIBERTARIAN,JO JORGENSEN,126,OTHER,OTHER,44,REPUBLICAN,DONALD J TRUMP,2513,
MONTEREY,2000,DEMOCRAT,AL GORE,67618,REPUBLICAN,GEORGE W. BUSH,43761,GREEN,RALPH NADER,5059,OTHER,OTHER,1096,
MONTEREY,2004,DEMOCRAT,JOHN KERRY,75241,REPUBLICAN,GEORGE W. BUSH,47838,OTHER,OTHER,1465,
MONTEREY,2008,DEMOCRAT,BARACK OBAMA,88453,REPUBLICAN,JOHN MCCAIN,38797,OTHER,OTHER,2533,
MONTEREY,2012,DEMOCRAT,BARACK OBAMA,82920,REPUBLICAN,MITT ROMNEY,37390,OTHER,OTHER,3208,
MONTEREY,2016,DEMOCRAT,HILLARY CLINTON,89088,REPUBLICAN,DONALD TRUMP,34895,OTHER,OTHER,9425,
MONTEREY,2020,DEMOCRAT,JOSEPH R BIDEN JR,113953,GREEN,OTHER,749,LIBERTARIAN,JO JORGENSEN,1820,OTHER,OTHER,1102,REPUBLICAN,DONALD J TRUMP,46299,
NAPA,2000,DEMOCRAT,AL GORE,28097,REPUBLICAN,GEORGE W. BUSH,20633,GREEN,RALPH NADER,2471,OTHER,OTHER,523,
NAPA,2004,DEMOCRAT,JOHN KERRY,33666,REPUBLICAN,GEORGE W. BUSH,22059,OTHER,OTHER,740,
NAPA,2008,DEMOCRAT,BARACK OBAMA,38849,REPUBLICAN,JOHN MCCAIN,19484,OTHER,OTHER,1309,
NAPA,2012,DEMOCRAT,BARACK OBAMA,35870,REPUBLICAN,MITT ROMNEY,19526,OTHER,OTHER,1572,
NAPA,2016,DEMOCRAT,HILLARY CLINTON,39199,REPUBLICAN,DONALD TRUMP,17411,OTHER,OTHER,4762,
NAPA,2020,DEMOCRAT,JOSEPH R BIDEN JR,49817,GREEN,OTHER,310,LIBERTARIAN,JO JORGENSEN,914,OTHER,OTHER,433,REPUBLICAN,DONALD J TRUMP,20676,
NEVADA,2000,DEMOCRAT,AL GORE,17670,REPUBLICAN,GEORGE W. BUSH,25998,GREEN,RALPH NADER,3287,OTHER,OTHER,524,
NEVADA,2004,DEMOCRAT,JOHN KERRY,24220,REPUBLICAN,GEORGE W. BUSH,28790,OTHER,OTHER,729,
NEVADA,2008,DEMOCRAT,BARACK OBAMA,28617,REPUBLICAN,JOHN MCCAIN,25663,OTHER,OTHER,1367,
NEVADA,2012,DEMOCRAT,BARACK OBAMA,24663,REPUBLICAN,MITT ROMNEY,24986,OTHER,OTHER,2027,
NEVADA,2016,DEMOCRAT,HILLARY CLINTON,26053,REPUBLICAN,DONALD TRUMP,23365,OTHER,OTHER,5517,
NEVADA,2020,DEMOCRAT,JOSEPH R BIDEN JR,36359,GREEN,OTHER,345,LIBERTARIAN,JO JORGENSEN,919,OTHER,OTHER,348,REPUBLICAN,DONALD J TRUMP,26779,
ORANGE,2000,DEMOCRAT,AL GORE,391819,REPUBLICAN,GEORGE W. BUSH,541299,GREEN,RALPH NADER,26833,OTHER,OTHER,10954,
ORANGE,2004,DEMOCRAT,JOHN KERRY,419239,REPUBLICAN,GEORGE W. BUSH,641832,OTHER,OTHER,12225,
ORANGE,2008,DEMOCRAT,BARACK OBAMA,549558,REPUBLICAN,JOHN MCCAIN,579064,OTHER,OTHER,25065,
ORANGE,2012,DEMOCRAT,BARACK OBAMA,512440,REPUBLICAN,MITT ROMNEY,582332,OTHER,OTHER,27892,
ORANGE,2016,DEMOCRAT,HILLARY CLINTON,609961,REPUBLICAN,DONALD TRUMP,507148,OTHER,OTHER,80412,
ORANGE,2020,DEMOCRAT,JOSEPH R BIDEN JR,814009,GREEN,OTHER,5819,LIBERTARIAN,JO JORGENSEN,17325,OTHER,OTHER,8462,REPUBLICAN,DONALD J TRUMP,676498,
PLACER,2000,DEMOCRAT,AL GORE,42449,REPUBLICAN,GEORGE W. BUSH,69835,GREEN,RALPH NADER,4449,OTHER,OTHER,1066,
PLACER,2004,DEMOCRAT,JOHN KERRY,55573,REPUBLICAN,GEORGE W. BUSH,95969,OTHER,OTHER,1403,
PLACER,2008,DEMOCRAT,BARACK OBAMA,75112,REPUBLICAN,JOHN MCCAIN,94647,OTHER,OTHER,3348,
PLACER,2012,DEMOCRAT,BARACK OBAMA,66818,REPUBLICAN,MITT ROMNEY,99921,OTHER,OTHER,4583,
PLACER,2016,DEMOCRAT,HILLARY CLINTON,73509,REPUBLICAN,DONALD TRUMP,95138,OTHER,OTHER,14192,
PLACER,2020,DEMOCRAT,JOSEPH R BIDEN JR,106869,GREEN,OTHER,779,LIBERTARIAN,JO JORGENSEN,3948,OTHER,OTHER,1000,REPUBLICAN,DONALD J TRUMP,122488,
PLUMAS,2000,DEMOCRAT,AL GORE,3458,REPUBLICAN,GEORGE W. BUSH,6343,GREEN,RALPH NADER,456,OTHER,OTHER,144,
PLUMAS,2004,DEMOCRAT,JOHN KERRY,4129,REPUBLICAN,GEORGE W. BUSH,6905,OTHER,OTHER,144,
PLUMAS,2008,DEMOCRAT,BARACK OBAMA,4715,REPUBLICAN,JOHN MCCAIN,6035,OTHER,OTHER,278,
PLUMAS,2012,DEMOCRAT,BARACK OBAMA,4026,REPUBLICAN,MITT ROMNEY,5721,OTHER,OTHER,300,
PLUMAS,2016,DEMOCRAT,HILLARY CLINTON,3459,REPUBLICAN,DONALD TRUMP,5420,OTHER,OTHER,797,
PLUMAS,2020,DEMOCRAT,JOSEPH R BIDEN JR,4561,GREEN,OTHER,39,LIBERTARIAN,JO JORGENSEN,153,OTHER,OTHER,62,REPUBLICAN,DONALD J TRUMP,6445,
RIVERSIDE,2000,DEMOCRAT,AL GORE,202576,REPUBLICAN,GEORGE W. BUSH,231955,GREEN,RALPH NADER,11678,OTHER,OTHER,4918,
RIVERSIDE,2004,DEMOCRAT,JOHN KERRY,228806,REPUBLICAN,GEORGE W. BUSH,322473,OTHER,OTHER,5603,
RIVERSIDE,2008,DEMOCRAT,BARACK OBAMA,325017,REPUBLICAN,JOHN MCCAIN,310041,OTHER,OTHER,12241,
RIVERSIDE,2012,DEMOCRAT,BARACK OBAMA,329063,REPUBLICAN,MITT ROMNEY,318127,OTHER,OTHER,14717,
RIVERSIDE,2016,DEMOCRAT,HILLARY CLINTON,373695,REPUBLICAN,DONALD TRUMP,333243,OTHER,OTHER,44453,
RIVERSIDE,2020,DEMOCRAT,JOSEPH R BIDEN JR,528340,GREEN,OTHER,3372,LIBERTARIAN,JO JORGENSEN,9970,OTHER,OTHER,6330,REPUBLICAN,DONALD J TRUMP,449144,
SACRAMENTO,2000,DEMOCRAT,AL GORE,212792,REPUBLICAN,GEORGE W. BUSH,195619,GREEN,RALPH NADER,17659,OTHER,OTHER,5480,
SACRAMENTO,2004,DEMOCRAT,JOHN KERRY,236657,REPUBLICAN,GEORGE W. BUSH,235539,OTHER,OTHER,4569,
SACRAMENTO,2008,DEMOCRAT,BARACK OBAMA,316506,REPUBLICAN,JOHN MCCAIN,213583,OTHER,OTHER,11012,
SACRAMENTO,2012,DEMOCRAT,BARACK OBAMA,300503,REPUBLICAN,MITT ROMNEY,202514,OTHER,OTHER,13792,
SACRAMENTO,2016,DEMOCRAT,HILLARY CLINTON,326023,REPUBLICAN,DONALD TRUMP,189789,OTHER,OTHER,43518,
SACRAMENTO,2020,DEMOCRAT,JOSEPH R BIDEN JR,440808,GREEN,OTHER,3254,LIBERTARIAN,JO JORGENSEN,9770,OTHER,OTHER,5203,REPUBLICAN,DONALD J TRUMP,259405,
SAN BENITO,2000,DEMOCRAT,AL GORE,9131,REPUBLICAN,GEORGE W. BUSH,7015,GREEN,RALPH NADER,535,OTHER,OTHER,150,
SAN BENITO,2004,DEMOCRAT,JOHN KERRY,9851,REPUBLICAN,GEORGE W. BUSH,8698,OTHER,OTHER,176,
SAN BENITO,2008,DEMOCRAT,BARACK OBAMA,11917,REPUBLICAN,JOHN MCCAIN,7425,OTHER,OTHER,363,
SAN BENITO,2012,DEMOCRAT,BARACK OBAMA,11276,REPUBLICAN,MITT ROMNEY,7343,OTHER,OTHER,425,
SAN BENITO,2016,DEMOCRAT,HILLARY CLINTON,12521,REPUBLICAN,DONALD TRUMP,7841,OTHER,OTHER,1562,
SAN BENITO,2020,DEMOCRAT,JOSEPH R BIDEN JR,17628,GREEN,OTHER,91,LIBERTARIAN,JO JORGENSEN,345,OTHER,OTHER,176,REPUBLICAN,DONALD J TRUMP,10590,
SAN BERNARDINO,2000,DEMOCRAT,AL GORE,214749,REPUBLICAN,GEORGE W. BUSH,221757,GREEN,RALPH NADER,11775,OTHER,OTHER,6612,
SAN BERNARDINO,2004,DEMOCRAT,JOHN KERRY,227789,REPUBLICAN,GEORGE W. BUSH,289306,OTHER,OTHER,5682,
SAN BERNARDINO,2008,DEMOCRAT,BARACK OBAMA,315720,REPUBLICAN,JOHN MCCAIN,277408,OTHER,OTHER,13206,
SAN BERNARDINO,2012,DEMOCRAT,BARACK OBAMA,305109,REPUBLICAN,MITT ROMNEY,262358,OTHER,OTHER,14050,
SAN BERNARDINO,2016,DEMOCRAT,HILLARY CLINTON,340833,REPUBLICAN,DONALD TRUMP,271240,OTHER,OTHER,41910,
SAN BERNARDINO,2020,DEMOCRAT,JOSEPH R BIDEN JR,455859,GREEN,OTHER,3619,LIBERTARIAN,JO JORGENSEN,8791,OTHER,OTHER,6604,REPUBLICAN,DONALD J TRUMP,366257,
SAN DIEGO,2000,DEMOCRAT,AL GORE,437666,REPUBLICAN,GEORGE W. BUSH,475736,GREEN,RALPH NADER,33979,OTHER,OTHER,11253,
SAN DIEGO,2004,DEMOCRAT,JOHN KERRY,526437,REPUBLICAN,GEORGE W. BUSH,596033,OTHER,OTHER,11114,
SAN DIEGO,2008,DEMOCRAT,BARACK OBAMA,666581,REPUBLICAN,JOHN MCCAIN,541032,OTHER,OTHER,23434,
SAN DIEGO,2012,DEMOCRAT,BARACK OBAMA,626957,REPUBLICAN,MITT ROMNEY,536726,OTHER,OTHER,28599,
SAN DIEGO,2016,DEMOCRAT,HILLARY CLINTON,735476,REPUBLICAN,DONALD TRUMP,477766,OTHER,OTHER,93158,
SAN DIEGO,2020,DEMOCRAT,JOSEPH R BIDEN JR,964650,GREEN,OTHER,7421,LIBERTARIAN,JO JORGENSEN,21386,OTHER,OTHER,8592,REPUBLICAN,DONALD J TRUMP,600094,
SAN FRANCISCO,2000,DEMOCRAT,AL GORE,241578,REPUBLICAN,GEORGE W. BUSH,51496,GREEN,RALPH NADER,24828,OTHER,OTHER,1884,
SAN FRANCISCO,2004,DEMOCRAT,JOHN KERRY,296772,REPUBLICAN,GEORGE W. BUSH,54355,OTHER,OTHER,4802,
SAN FRANCISCO,2008,DEMOCRAT,BARACK OBAMA,322220,REPUBLICAN,JOHN MCCAIN,52292,OTHER,OTHER,8353,
SAN FRANCISCO,2012,DEMOCRAT,BARACK OBAMA,301723,REPUBLICAN,MITT ROMNEY,47076,OTHER,OTHER,12410,
SAN FRANCISCO,2016,DEMOCRAT,HILLARY CLINTON,345084,REPUBLICAN,DONALD TRUMP,37688,OTHER,OTHER,23020,
SAN FRANCISCO,2020,DEMOCRAT,JOSEPH R BIDEN JR,378156,GREEN,OTHER,2781,LIBERTARIAN,JO JORGENSEN,3299,OTHER,OTHER,2900,REPUBLICAN,DONALD J TRUMP,56417,
SAN JOAQUIN,2000,DEMOCRAT,AL GORE,79776,REPUBLICAN,GEORGE W. BUSH,81773,GREEN,RALPH NADER,4195,OTHER,OTHER,1495,
SAN JOAQUIN,2004,DEMOCRAT,JOHN KERRY,87012,REPUBLICAN,GEORGE W. BUSH,100978,OTHER,OTHER,1515,
SAN JOAQUIN,2008,DEMOCRAT,BARACK OBAMA,113974,REPUBLICAN,JOHN MCCAIN,91607,OTHER,OTHER,3768,
SAN JOAQUIN,2012,DEMOCRAT,BARACK OBAMA,114121,REPUBLICAN,MITT ROMNEY,86071,OTHER,OTHER,4505,
SAN JOAQUIN,2016,DEMOCRAT,HILLARY CLINTON,121124,REPUBLICAN,DONALD TRUMP,88936,OTHER,OTHER,14106,
SAN JOAQUIN,2020,DEMOCRAT,JOSEPH R BIDEN JR,161137,GREEN,OTHER,1064,LIBERTARIAN,JO JORGENSEN,2929,OTHER,OTHER,2264,REPUBLICAN,DONALD J TRUMP,121098,
SAN LUIS OBISPO,2000,DEMOCRAT,AL GORE,44526,REPUBLICAN,GEORGE W. BUSH,56859,GREEN,RALPH NADER,6523,OTHER,OTHER,978,
SAN LUIS OBISPO,2004,DEMOCRAT,JOHN KERRY,58742,REPUBLICAN,GEORGE W. BUSH,67995,OTHER,OTHER,1910,
SAN LUIS OBISPO,2008,DEMOCRAT,BARACK OBAMA,68176,REPUBLICAN,JOHN MCCAIN,61055,OTHER,OTHER,3422,
SAN LUIS OBISPO,2012,DEMOCRAT,BARACK OBAMA,61258,REPUBLICAN,MITT ROMNEY,59967,OTHER,OTHER,4413,
SAN LUIS OBISPO,2016,DEMOCRAT,HILLARY CLINTON,67107,REPUBLICAN,DONALD TRUMP,56164,OTHER,OTHER,11738,
SAN LUIS OBISPO,2020,DEMOCRAT,JOSEPH R BIDEN JR,88310,GREEN,OTHER,794,LIBERTARIAN,JO JORGENSEN,2408,OTHER,OTHER,766,REPUBLICAN,DONALD J TRUMP,67436,
SAN MATEO,2000,DEMOCRAT,AL GORE,166757,REPUBLICAN,GEORGE W. BUSH,80296,GREEN,RALPH NADER,10433,OTHER,OTHER,1913,
SAN MATEO,2004,DEMOCRAT,JOHN KERRY,197922,REPUBLICAN,GEORGE W. BUSH,83315,OTHER,OTHER,2840,
SAN MATEO,2008,DEMOCRAT,BARACK OBAMA,222826,REPUBLICAN,JOHN MCCAIN,75057,OTHER,OTHER,5409,
SAN MATEO,2012,DEMOCRAT,BARACK OBAMA,206085,REPUBLICAN,MITT ROMNEY,72756,OTHER,OTHER,6879,
SAN MATEO,2016,DEMOCRAT,HILLARY CLINTON,237882,REPUBLICAN,DONALD TRUMP,57929,OTHER,OTHER,18573,
SAN MATEO,2020,DEMOCRAT,JOSEPH R BIDEN JR,291496,GREEN,OTHER,1595,LIBERTARIAN,JO JORGENSEN,3554,OTHER,OTHER,2022,REPUBLICAN,DONALD J TRUMP,75584,
SANTA BARBARA,2000,DEMOCRAT,AL GORE,73411,REPUBLICAN,GEORGE W. BUSH,71493,GREEN,RALPH NADER,8664,OTHER,OTHER,1406,
SANTA BARBARA,2004,DEMOCRAT,JOHN KERRY,90314,REPUBLICAN,GEORGE W. BUSH,76806,OTHER,OTHER,2005,
SANTA BARBARA,2008,DEMOCRAT,BARACK OBAMA,105614,REPUBLICAN,JOHN MCCAIN,65585,OTHER,OTHER,3713,
SANTA BARBARA,2012,DEMOCRAT,BARACK OBAMA,94129,REPUBLICAN,MITT ROMNEY,64606,OTHER,OTHER,4585,
SANTA BARBARA,2016,DEMOCRAT,HILLARY CLINTON,107142,REPUBLICAN,DONALD TRUMP,56365,OTHER,OTHER,13279,
SANTA BARBARA,2020,DEMOCRAT,JOSEPH R BIDEN JR,129963,GREEN,OTHER,939,LIBERTARIAN,JO JORGENSEN,2416,OTHER,OTHER,1285,REPUBLICAN,DONALD J TRUMP,65736,
SANTA CLARA,2000,DEMOCRAT,AL GORE,332490,REPUBLICAN,GEORGE W. BUSH,188750,GREEN,RALPH NADER,19072,OTHER,OTHER,7817,
SANTA CLARA,2004,DEMOCRAT,JOHN KERRY,386100,REPUBLICAN,GEORGE W. BUSH,209094,OTHER,OTHER,7420,
SANTA CLARA,2008,DEMOCRAT,BARACK OBAMA,462241,REPUBLICAN,JOHN MCCAIN,190039,OTHER,OTHER,13309,
SANTA CLARA,2012,DEMOCRAT,BARACK OBAMA,450818,REPUBLICAN,MITT ROMNEY,174843,OTHER,OTHER,17430,
SANTA CLARA,2016,DEMOCRAT,HILLARY CLINTON,511684,REPUBLICAN,DONALD TRUMP,144826,OTHER,OTHER,47199,
SANTA CLARA,2020,DEMOCRAT,JOSEPH R BIDEN JR,617967,GREEN,OTHER,4040,LIBERTARIAN,JO JORGENSEN,9131,OTHER,OTHER,4991,REPUBLICAN,DONALD J TRUMP,214612,
SANTA CRUZ,2000,DEMOCRAT,AL GORE,66618,REPUBLICAN,GEORGE W. BUSH,29627,GREEN,RALPH NADER,10844,OTHER,OTHER,1261,
SANTA CRUZ,2004,DEMOCRAT,JOHN KERRY,89102,REPUBLICAN,GEORGE W. BUSH,30354,OTHER,OTHER,2277,
SANTA CRUZ,2008,DEMOCRAT,BARACK OBAMA,98745,REPUBLICAN,JOHN MCCAIN,25244,OTHER,OTHER,3494,
SANTA CRUZ,2012,DEMOCRAT,BARACK OBAMA,90805,REPUBLICAN,MITT ROMNEY,24047,OTHER,OTHER,5243,
SANTA CRUZ,2016,DEMOCRAT,HILLARY CLINTON,95249,REPUBLICAN,DONALD TRUMP,22438,OTHER,OTHER,11134,
SANTA CRUZ,2020,DEMOCRAT,JOSEPH R BIDEN JR,114246,GREEN,OTHER,1062,LIBERTARIAN,JO JORGENSEN,1704,OTHER,OTHER,888,REPUBLICAN,DONALD J TRUMP,26937,
SHASTA,2000,DEMOCRAT,AL GORE,20127,REPUBLICAN,GEORGE W. BUSH,43278,GREEN,RALPH NADER,2131,OTHER,OTHER,1008,
SHASTA,2004,DEMOCRAT,JOHN KERRY,24339,REPUBLICAN,GEORGE W. BUSH,52249,OTHER,OTHER,983,
SHASTA,2008,DEMOCRAT,BARACK OBAMA,28867,REPUBLICAN,JOHN MCCAIN,49588,OTHER,OTHER,1935,
SHASTA,2012,DEMOCRAT,BARACK OBAMA,25819,REPUBLICAN,MITT ROMNEY,48067,OTHER,OTHER,2449,
SHASTA,2016,DEMOCRAT,HILLARY CLINTON,22301,REPUBLICAN,DONALD TRUMP,51778,OTHER,OTHER,5974,
SHASTA,2020,DEMOCRAT,JOSEPH R BIDEN JR,30000,GREEN,OTHER,368,LIBERTARIAN,JO JORGENSEN,1277,OTHER,OTHER,496,REPUBLICAN,DONALD J TRUMP,60789,
SIERRA,2000,DEMOCRAT,AL GORE,540,REPUBLICAN,GEORGE W. BUSH,1172,GREEN,RALPH NADER,86,OTHER,OTHER,49,
SIERRA,2004,DEMOCRAT,JOHN KERRY,646,REPUBLICAN,GEORGE W. BUSH,1249,OTHER,OTHER,50,
SIERRA,2008,DEMOCRAT,BARACK OBAMA,743,REPUBLICAN,JOHN MCCAIN,1158,OTHER,OTHER,90,
SIERRA,2012,DEMOCRAT,BARACK OBAMA,653,REPUBLICAN,MITT ROMNEY,1056,OTHER,OTHER,86,
SIERRA,2016,DEMOCRAT,HILLARY CLINTON,601,REPUBLICAN,DONALD TRUMP,1048,OTHER,OTHER,181,
SIERRA,2020,DEMOCRAT,JOSEPH R BIDEN JR,730,GREEN,OTHER,13,LIBERTARIAN,JO JORGENSEN,27,OTHER,OTHER,19,REPUBLICAN,DONALD J TRUMP,1142,
SISKIYOU,2000,DEMOCRAT,AL GORE,6323,REPUBLICAN,GEORGE W. BUSH,12198,GREEN,RALPH NADER,872,OTHER,OTHER,426,
SISKIYOU,2004,DEMOCRAT,JOHN KERRY,7880,REPUBLICAN,GEORGE W. BUSH,12673,OTHER,OTHER,310,
SISKIYOU,2008,DEMOCRAT,BARACK OBAMA,9292,REPUBLICAN,JOHN MCCAIN,11520,OTHER,OTHER,658,
SISKIYOU,2012,DEMOCRAT,BARACK OBAMA,8046,REPUBLICAN,MITT ROMNEY,11077,OTHER,OTHER,787,
SISKIYOU,2016,DEMOCRAT,HILLARY CLINTON,7234,REPUBLICAN,DONALD TRUMP,11341,OTHER,OTHER,1917,
SISKIYOU,2020,DEMOCRAT,JOSEPH R BIDEN JR,9593,GREEN,OTHER,116,LIBERTARIAN,JO JORGENSEN,318,OTHER,OTHER,155,REPUBLICAN,DONALD J TRUMP,13290,
SOLANO,2000,DEMOCRAT,AL GORE,75116,REPUBLICAN,GEORGE W. BUSH,51604,GREEN,RALPH NADER,3869,OTHER,OTHER,1146,
SOLANO,2004,DEMOCRAT,JOHN KERRY,85096,REPUBLICAN,GEORGE W. BUSH,62301,OTHER,OTHER,1349,
SOLANO,2008,DEMOCRAT,BARACK OBAMA,102095,REPUBLICAN,JOHN MCCAIN,56035,OTHER,OTHER,2843,
SOLANO,2012,DEMOCRAT,BARACK OBAMA,96783,REPUBLICAN,MITT ROMNEY,52092,OTHER,OTHER,3569,
SOLANO,2016,DEMOCRAT,HILLARY CLINTON,102360,REPUBLICAN,DONALD TRUMP,51920,OTHER,OTHER,11833,
SOLANO,2020,DEMOCRAT,JOSEPH R BIDEN JR,131639,GREEN,OTHER,958,LIBERTARIAN,JO JORGENSEN,2475,OTHER,OTHER,1499,REPUBLICAN,DONALD J TRUMP,69306,
SONOMA,2000,DEMOCRAT,AL GORE,117295,REPUBLICAN,GEORGE W. BUSH,63529,GREEN,RALPH NADER,14324,OTHER,OTHER,1858,
SONOMA,2004,DEMOCRAT,JOHN KERRY,148261,REPUBLICAN,GEORGE W. BUSH,68204,OTHER,OTHER,3612,
SONOMA,2008,DEMOCRAT,BARACK OBAMA,168888,REPUBLICAN,JOHN MCCAIN,55127,OTHER,OTHER,5336,
SONOMA,2012,DEMOCRAT,BARACK OBAMA,153942,REPUBLICAN,MITT ROMNEY,54784,OTHER,OTHER,7782,
SONOMA,2016,DEMOCRAT,HILLARY CLINTON,160435,REPUBLICAN,DONALD TRUMP,51408,OTHER,OTHER,19410,
SONOMA,2020,DEMOCRAT,JOSEPH R BIDEN JR,199938,GREEN,OTHER,1499,LIBERTARIAN,JO JORGENSEN,3418,OTHER,OTHER,1637,REPUBLICAN,DONALD J TRUMP,61825,
STANISLAUS,2000,DEMOCRAT,AL GORE,56448,REPUBLICAN,GEORGE W. BUSH,67188,GREEN,RALPH NADER,3398,OTHER,OTHER,1233,
STANISLAUS,2004,DEMOCRAT,JOHN KERRY,58829,REPUBLICAN,GEORGE W. BUSH,85407,OTHER,OTHER,1278,
STANISLAUS,2008,DEMOCRAT,BARACK OBAMA,80279,REPUBLICAN,JOHN MCCAIN,77497,OTHER,OTHER,3239,
STANISLAUS,2012,DEMOCRAT,BARACK OBAMA,77724,REPUBLICAN,MITT ROMNEY,73459,OTHER,OTHER,4186,
STANISLAUS,2016,DEMOCRAT,HILLARY CLINTON,81647,REPUBLICAN,DONALD TRUMP,78494,OTHER,OTHER,12005,
STANISLAUS,2020,DEMOCRAT,JOSEPH R BIDEN JR,105841,GREEN,OTHER,742,LIBERTARIAN,JO JORGENSEN,2494,OTHER,OTHER,1732,REPUBLICAN,DONALD J TRUMP,104145,
SUTTER,2000,DEMOCRAT,AL GORE,8416,REPUBLICAN,GEORGE W. BUSH,17350,GREEN,RALPH NADER,594,OTHER,OTHER,204,
SUTTER,2004,DEMOCRAT,JOHN KERRY,9602,REPUBLICAN,GEORGE W. BUSH,20254,OTHER,OTHER,289,
SUTTER,2008,DEMOCRAT,BARACK OBAMA,13412,REPUBLICAN,JOHN MCCAIN,18911,OTHER,OTHER,618,
SUTTER,2012,DEMOCRAT,BARACK OBAMA,12192,REPUBLICAN,MITT ROMNEY,18122,OTHER,OTHER,712,
SUTTER,2016,DEMOCRAT,HILLARY CLINTON,13076,REPUBLICAN,DONALD TRUMP,18176,OTHER,OTHER,2271,
SUTTER,2020,DEMOCRAT,JOSEPH R BIDEN JR,17367,GREEN,OTHER,136,LIBERTARIAN,JO JORGENSEN,521,OTHER,OTHER,245,REPUBLICAN,DONALD J TRUMP,24375,
TEHAMA,2000,DEMOCRAT,AL GORE,6507,REPUBLICAN,GEORGE W. BUSH,13270,GREEN,RALPH NADER,697,OTHER,OTHER,380,
TEHAMA,2004,DEMOCRAT,JOHN KERRY,7504,REPUBLICAN,GEORGE W. BUSH,15572,OTHER,OTHER,329,
TEHAMA,2008,DEMOCRAT,BARACK OBAMA,8945,REPUBLICAN,JOHN MCCAIN,14843,OTHER,OTHER,648,
TEHAMA,2012,DEMOCRAT,BARACK OBAMA,7934,REPUBLICAN,MITT ROMNEY,14235,OTHER,OTHER,808,
TEHAMA,2016,DEMOCRAT,HILLARY CLINTON,6809,REPUBLICAN,DONALD TRUMP,15494,OTHER,OTHER,1605,
TEHAMA,2020,DEMOCRAT,JOSEPH R BIDEN JR,8911,GREEN,OTHER,90,LIBERTARIAN,JO JORGENSEN,403,OTHER,OTHER,186,REPUBLICAN,DONALD J TRUMP,19141,
TRINITY,2000,DEMOCRAT,AL GORE,1932,REPUBLICAN,GEORGE W. BUSH,3340,GREEN,RALPH NADER,396,OTHER,OTHER,129,
TRINITY,2004,DEMOCRAT,JOHN KERRY,2782,REPUBLICAN,GEORGE W. BUSH,3560,OTHER,OTHER,137,
TRINITY,2008,DEMOCRAT,BARACK OBAMA,3233,REPUBLICAN,JOHN MCCAIN,2940,OTHER,OTHER,201,
TRINITY,2012,DEMOCRAT,BARACK OBAMA,2674,REPUBLICAN,MITT ROMNEY,2716,OTHER,OTHER,284,
TRINITY,2016,DEMOCRAT,HILLARY CLINTON,2214,REPUBLICAN,DONALD TRUMP,2812,OTHER,OTHER,660,
TRINITY,2020,DEMOCRAT,JOSEPH R BIDEN JR,2851,GREEN,OTHER,50,LIBERTARIAN,JO JORGENSEN,117,OTHER,OTHER,53,REPUBLICAN,DONALD J TRUMP,3188,
TULARE,2000,DEMOCRAT,AL GORE,33006,REPUBLICAN,GEORGE W. BUSH,54070,GREEN,RALPH NADER,1834,OTHER,OTHER,908,
TULARE,2004,DEMOCRAT,JOHN KERRY,32494,REPUBLICAN,GEORGE W. BUSH,65399,OTHER,OTHER,846,
TULARE,2008,DEMOCRAT,BARACK OBAMA,43634,REPUBLICAN,JOHN MCCAIN,59765,OTHER,OTHER,1807,
TULARE,2012,DEMOCRAT,BARACK OBAMA,41752,REPUBLICAN,MITT ROMNEY,56956,OTHER,OTHER,2392,
TULARE,2016,DEMOCRAT,HILLARY CLINTON,47585,REPUBLICAN,DONALD TRUMP,58299,OTHER,OTHER,6450,
TULARE,2020,DEMOCRAT,JOSEPH R BIDEN JR,66105,GREEN,OTHER,483,LIBERTARIAN,JO JORGENSEN,1498,OTHER,OTHER,1220,REPUBLICAN,DONALD J TRUMP,77579,
TUOLUMNE,2000,DEMOCRAT,AL GORE,9359,REPUBLICAN,GEORGE W. BUSH,13172,GREEN,RALPH NADER,949,OTHER,OTHER,247,
TUOLUMNE,2004,DEMOCRAT,JOHN KERRY,10104,REPUBLICAN,GEORGE W. BUSH,15745,OTHER,OTHER,339,
TUOLUMNE,2008,DEMOCRAT,BARACK OBAMA,11532,REPUBLICAN,JOHN MCCAIN,14988,OTHER,OTHER,661,
TUOLUMNE,2012,DEMOCRAT,BARACK OBAMA,9998,REPUBLICAN,MITT ROMNEY,13880,OTHER,OTHER,809,
TUOLUMNE,2016,DEMOCRAT,HILLARY CLINTON,9123,REPUBLICAN,DONALD TRUMP,14551,OTHER,OTHER,1855,
TUOLUMNE,2020,DEMOCRAT,JOSEPH R BIDEN JR,11978,GREEN,OTHER,145,LIBERTARIAN,JO JORGENSEN,439,OTHER,OTHER,157,REPUBLICAN,DONALD J TRUMP,17689,
VENTURA,2000,DEMOCRAT,AL GORE,133258,REPUBLICAN,GEORGE W. BUSH,136173,GREEN,RALPH NADER,10235,OTHER,OTHER,3026,
VENTURA,2004,DEMOCRAT,JOHN KERRY,148859,REPUBLICAN,GEORGE W. BUSH,160314,OTHER,OTHER,3736,
VENTURA,2008,DEMOCRAT,BARACK OBAMA,187601,REPUBLICAN,JOHN MCCAIN,145853,OTHER,OTHER,6346,
VENTURA,2012,DEMOCRAT,BARACK OBAMA,170929,REPUBLICAN,MITT ROMNEY,147958,OTHER,OTHER,8087,
VENTURA,2016,DEMOCRAT,HILLARY CLINTON,194402,REPUBLICAN,DONALD TRUMP,132323,OTHER,OTHER,25001,
VENTURA,2020,DEMOCRAT,JOSEPH R BIDEN JR,251388,GREEN,OTHER,1766,LIBERTARIAN,JO JORGENSEN,5069,OTHER,OTHER,2395,REPUBLICAN,DONALD J TRUMP,162207,
YOLO,2000,DEMOCRAT,AL GORE,33747,REPUBLICAN,GEORGE W. BUSH,23057,GREEN,RALPH NADER,4107,OTHER,OTHER,525,
YOLO,2004,DEMOCRAT,JOHN KERRY,42885,REPUBLICAN,GEORGE W. BUSH,28005,OTHER,OTHER,1119,
YOLO,2008,DEMOCRAT,BARACK OBAMA,53488,REPUBLICAN,JOHN MCCAIN,24592,OTHER,OTHER,1669,
YOLO,2012,DEMOCRAT,BARACK OBAMA,48715,REPUBLICAN,MITT ROMNEY,23368,OTHER,OTHER,2392,
YOLO,2016,DEMOCRAT,HILLARY CLINTON,54752,REPUBLICAN,DONALD TRUMP,20739,OTHER,OTHER,6599,
YOLO,2020,DEMOCRAT,JOSEPH R BIDEN JR,67598,GREEN,OTHER,547,LIBERTARIAN,JO JORGENSEN,1206,OTHER,OTHER,651,REPUBLICAN,DONALD J TRUMP,27292,
YUBA,2000,DEMOCRAT,AL GORE,5546,REPUBLICAN,GEORGE W. BUSH,9838,GREEN,RALPH NADER,507,OTHER,OTHER,236,
YUBA,2004,DEMOCRAT,JOHN KERRY,5687,REPUBLICAN,GEORGE W. BUSH,12076,OTHER,OTHER,257,
YUBA,2008,DEMOCRAT,BARACK OBAMA,8866,REPUBLICAN,JOHN MCCAIN,12007,OTHER,OTHER,528,
YUBA,2012,DEMOCRAT,BARACK OBAMA,7711,REPUBLICAN,MITT ROMNEY,11275,OTHER,OTHER,714,
YUBA,2016,DEMOCRAT,HILLARY CLINTON,7910,REPUBLICAN,DONALD TRUMP,13170,OTHER,OTHER,1918,
YUBA,2020,DEMOCRAT,JOSEPH R BIDEN JR,11230,GREEN,OTHER,124,LIBERTARIAN,JO JORGENSEN,510,OTHER,OTHER,256,REPUBLICAN,DONALD J TRUMP,17676,
