ADAMS,2000,DEMOCRAT,AL GORE,3775,REPUBLICAN,GEORGE W. BUSH,8555,GREEN,RALPH NADER,45,OTHER,OTHER,215,
ADAMS,2004,DEMOCRAT,JOHN KERRY,3512,REPUBLICAN,GEORGE W. BUSH,9734,OTHER,OTHER,94,
ADAMS,2008,DEMOCRAT,BARACK OBAMA,4928,REPUBLICAN,JOHN MCCAIN,8404,OTHER,OTHER,181,
ADAMS,2012,DEMOCRAT,BARACK OBAMA,3806,REPUBLICAN,MITT ROMNEY,8937,OTHER,OTHER,268,
ADAMS,2016,DEMOCRAT,HILLARY CLINTON,2805,REPUBLICAN,DONALD TRUMP,9648,OTHER,OTHER,637,
ADAMS,2020,DEMOCRAT,JOSEPH R BIDEN JR,3236,GREEN,OTHER,0,LIBERTARIAN,JO JORGENSEN,287,OTHER,OTHER,0,REPUBLICAN,DONALD J TRUMP,10686,
ALLEN,2000,DEMOCRAT,AL GORE,41636,REPUBLICAN,GEORGE W. BUSH,70426,GREEN,RALPH NADER,556,OTHER,OTHER,1702,
ALLEN,2004,DEMOCRAT,JOHN KERRY,46710,REPUBLICAN,GEORGE W. BUSH,82013,OTHER,OTHER,886,
ALLEN,2008,DEMOCRAT,BARACK OBAMA,71263,REPUBLICAN,JOHN MCCAIN,77793,OTHER,OTHER,1268,
ALLEN,2012,DEMOCRAT,BARACK OBAMA,60036,REPUBLICAN,MITT ROMNEY,84613,OTHER,OTHER,2290,
ALLEN,2016,DEMOCRAT,HILLARY CLINTON,55382,REPUBLICAN,DONALD TRUMP,83930,OTHER,OTHER,7825,
ALLEN,2020,DEMOCRAT,JOSEPH R BIDEN JR,73189,GREEN,OTHER,29,LIBERTARIAN,JO JORGENSEN,3728,OTHER,OTHER,53,REPUBLICAN,DONALD J TRUMP,92083,
BARTHOLOMEW,2000,DEMOCRAT,AL GORE,9015,REPUBLICAN,GEORGE W. BUSH,16200,GREEN,RALPH NADER,181,OTHER,OTHER,373,
BARTHOLOMEW,2004,DEMOCRAT,JOHN KERRY,9191,REPUBLICAN,GEORGE W. BUSH,19093,OTHER,OTHER,231,
BARTHOLOMEW,2008,DEMOCRAT,BARACK OBAMA,13567,REPUBLICAN,JOHN MCCAIN,17067,OTHER,OTHER,409,
BARTHOLOMEW,2012,DEMOCRAT,BARACK OBAMA,10625,REPUBLICAN,MITT ROMNEY,18083,OTHER,OTHER,618,
BARTHOLOMEW,2016,DEMOCRAT,HILLARY CLINTON,9841,REPUBLICAN,DONALD TRUMP,20640,OTHER,OTHER,2009,
BARTHOLOMEW,2020,DEMOCRAT,JOSEPH R BIDEN JR,12934,GREEN,OTHER,9,LIBERTARIAN,JO JORGENSEN,872,OTHER,OTHER,10,REPUBLICAN,DONALD J TRUMP,22410,
BENTON,2000,DEMOCRAT,AL GORE,1328,REPUBLICAN,GEORGE W. BUSH,2441,GREEN,RALPH NADER,20,OTHER,OTHER,85,
BENTON,2004,DEMOCRAT,JOHN KERRY,1135,REPUBLICAN,GEORGE W. BUSH,2797,OTHER,OTHER,60,
BENTON,2008,DEMOCRAT,BARACK OBAMA,1563,REPUBLICAN,JOHN MCCAIN,2183,OTHER,OTHER,68,
BENTON,2012,DEMOCRAT,BARACK OBAMA,1159,REPUBLICAN,MITT ROMNEY,2329,OTHER,OTHER,90,
BENTON,2016,DEMOCRAT,HILLARY CLINTON,860,REPUBLICAN,DONALD TRUMP,2579,OTHER,OTHER,227,
BENTON,2020,DEMOCRAT,JOSEPH R BIDEN JR,1009,GREEN,OTHER,1,LIBERTARIAN,JO JORGENSEN,92,OTHER,OTHER,5,REPUBLICAN,DONALD J TRUMP,3007,
BLACKFORD,2000,DEMOCRAT,AL GORE,2103,REPUBLICAN,GEORGE W. BUSH,2699,GREEN,RALPH NADER,18,OTHER,OTHER,73,
BLACKFORD,2004,DEMOCRAT,JOHN KERRY,1903,REPUBLICAN,GEORGE W. BUSH,3447,OTHER,OTHER,30,
BLACKFORD,2008,DEMOCRAT,BARACK OBAMA,2677,REPUBLICAN,JOHN MCCAIN,2690,OTHER,OTHER,74,
BLACKFORD,2012,DEMOCRAT,BARACK OBAMA,1927,REPUBLICAN,MITT ROMNEY,2711,OTHER,OTHER,105,
BLACKFORD,2016,DEMOCRAT,HILLARY CLINTON,1243,REPUBLICAN,DONALD TRUMP,3350,OTHER,OTHER,246,
BLACKFORD,2020,DEMOCRAT,JOSEPH R BIDEN JR,1376,GREEN,OTHER,1,LIBERTARIAN,JO JORGENSEN,132,OTHER,OTHER,1,REPUBLICAN,DONALD J TRUMP,3841,
BOONE,2000,DEMOCRAT,AL GORE,4763,REPUBLICAN,GEORGE W. BUSH,13161,GREEN,RALPH NADER,196,OTHER,OTHER,276,
BOONE,2004,DEMOCRAT,JOHN KERRY,5636,REPUBLICAN,GEORGE W. BUSH,17055,OTHER,OTHER,207,
BOONE,2008,DEMOCRAT,BARACK OBAMA,9752,REPUBLICAN,JOHN MCCAIN,16622,OTHER,OTHER,273,
BOONE,2012,DEMOCRAT,BARACK OBAMA,8328,REPUBLICAN,MITT ROMNEY,18808,OTHER,OTHER,601,
BOONE,2016,DEMOCRAT,HILLARY CLINTON,10181,REPUBLICAN,DONALD TRUMP,19654,OTHER,OTHER,2343,
BOONE,2020,DEMOCRAT,JOSEPH R BIDEN JR,15244,GREEN,OTHER,7,LIBERTARIAN,JO JORGENSEN,905,OTHER,OTHER,13,REPUBLICAN,DONALD J TRUMP,22351,
BROWN,2000,DEMOCRAT,AL GORE,2608,REPUBLICAN,GEORGE W. BUSH,3871,GREEN,RALPH NADER,210,OTHER,OTHER,128,
BROWN,2004,DEMOCRAT,JOHN KERRY,2730,REPUBLICAN,GEORGE W. BUSH,4512,OTHER,OTHER,88,
BROWN,2008,DEMOCRAT,BARACK OBAMA,3854,REPUBLICAN,JOHN MCCAIN,4060,OTHER,OTHER,141,
BROWN,2012,DEMOCRAT,BARACK OBAMA,3060,REPUBLICAN,MITT ROMNEY,4332,OTHER,OTHER,212,
BROWN,2016,DEMOCRAT,HILLARY CLINTON,2518,REPUBLICAN,DONALD TRUMP,5016,OTHER,OTHER,411,
BROWN,2020,DEMOCRAT,JOSEPH R BIDEN JR,3036,GREEN,OTHER,0,LIBERTARIAN,JO JORGENSEN,168,OTHER,OTHER,0,REPUBLICAN,DONALD J TRUMP,5777,
CARROLL,2000,DEMOCRAT,AL GORE,2965,REPUBLICAN,GEORGE W. BUSH,5102,GREEN,RALPH NADER,87,OTHER,OTHER,114,
CARROLL,2004,DEMOCRAT,JOHN KERRY,2689,REPUBLICAN,GEORGE W. BUSH,5868,OTHER,OTHER,81,
CARROLL,2008,DEMOCRAT,BARACK OBAMA,3736,REPUBLICAN,JOHN MCCAIN,4858,OTHER,OTHER,142,
CARROLL,2012,DEMOCRAT,BARACK OBAMA,2635,REPUBLICAN,MITT ROMNEY,4999,OTHER,OTHER,176,
CARROLL,2016,DEMOCRAT,HILLARY CLINTON,1892,REPUBLICAN,DONALD TRUMP,6273,OTHER,OTHER,478,
CARROLL,2020,DEMOCRAT,JOSEPH R BIDEN JR,2224,GREEN,OTHER,0,LIBERTARIAN,JO JORGENSEN,185,OTHER,OTHER,0,REPUBLICAN,DONALD J TRUMP,7086,
CASS,2000,DEMOCRAT,AL GORE,5412,REPUBLICAN,GEORGE W. BUSH,9305,GREEN,RALPH NADER,0,OTHER,OTHER,389,
CASS,2004,DEMOCRAT,JOHN KERRY,4315,REPUBLICAN,GEORGE W. BUSH,9480,OTHER,OTHER,136,
CASS,2008,DEMOCRAT,BARACK OBAMA,7011,REPUBLICAN,JOHN MCCAIN,8346,OTHER,OTHER,296,
CASS,2012,DEMOCRAT,BARACK OBAMA,5371,REPUBLICAN,MITT ROMNEY,8443,OTHER,OTHER,347,
CASS,2016,DEMOCRAT,HILLARY CLINTON,3759,REPUBLICAN,DONALD TRUMP,9701,OTHER,OTHER,749,
CASS,2020,DEMOCRAT,JOSEPH R BIDEN JR,4304,GREEN,OTHER,3,LIBERTARIAN,JO JORGENSEN,333,OTHER,OTHER,6,REPUBLICAN,DONALD J TRUMP,10552,
CLARK,2000,DEMOCRAT,AL GORE,17360,REPUBLICAN,GEORGE W. BUSH,19417,GREEN,RALPH NADER,212,OTHER,OTHER,347,
CLARK,2004,DEMOCRAT,JOHN KERRY,17648,REPUBLICAN,GEORGE W. BUSH,24495,OTHER,OTHER,194,
CLARK,2008,DEMOCRAT,BARACK OBAMA,21953,REPUBLICAN,JOHN MCCAIN,25326,OTHER,OTHER,446,
CLARK,2012,DEMOCRAT,BARACK OBAMA,20807,REPUBLICAN,MITT ROMNEY,25450,OTHER,OTHER,889,
CLARK,2016,DEMOCRAT,HILLARY CLINTON,18808,REPUBLICAN,DONALD TRUMP,30035,OTHER,OTHER,2304,
CLARK,2020,DEMOCRAT,JOSEPH R BIDEN JR,23093,GREEN,OTHER,0,LIBERTARIAN,JO JORGENSEN,1108,OTHER,OTHER,0,REPUBLICAN,DONALD J TRUMP,33668,
CLAY,2000,DEMOCRAT,AL GORE,3605,REPUBLICAN,GEORGE W. BUSH,6393,GREEN,RALPH NADER,19,OTHER,OTHER,141,
CLAY,2004,DEMOCRAT,JOHN KERRY,3333,REPUBLICAN,GEORGE W. BUSH,7361,OTHER,OTHER,89,
CLAY,2008,DEMOCRAT,BARACK OBAMA,4954,REPUBLICAN,JOHN MCCAIN,6267,OTHER,OTHER,174,
CLAY,2012,DEMOCRAT,BARACK OBAMA,3460,REPUBLICAN,MITT ROMNEY,7096,OTHER,OTHER,228,
CLAY,2016,DEMOCRAT,HILLARY CLINTON,2306,REPUBLICAN,DONALD TRUMP,8531,OTHER,OTHER,445,
CLAY,2020,DEMOCRAT,JOSEPH R BIDEN JR,2552,GREEN,OTHER,6,LIBERTARIAN,JO JORGENSEN,208,OTHER,OTHER,2,REPUBLICAN,DONALD J TRUMP,9499,
CLINTON,2000,DEMOCRAT,AL GORE,3643,REPUBLICAN,GEORGE W. BUSH,7141,GREEN,RALPH NADER,40,OTHER,OTHER,167,
CLINTON,2004,DEMOCRAT,JOHN KERRY,3335,REPUBLICAN,GEORGE W. BUSH,8471,OTHER,OTHER,71,
CLINTON,2008,DEMOCRAT,BARACK OBAMA,5307,REPUBLICAN,JOHN MCCAIN,6919,OTHER,OTHER,166,
CLINTON,2012,DEMOCRAT,BARACK OBAMA,3308,REPUBLICAN,MITT ROMNEY,6338,OTHER,OTHER,237,
CLINTON,2016,DEMOCRAT,HILLARY CLINTON,2819,REPUBLICAN,DONALD TRUMP,8531,OTHER,OTHER,586,
CLINTON,2020,DEMOCRAT,JOSEPH R BIDEN JR,3361,GREEN,OTHER,6,LIBERTARIAN,JO JORGENSEN,246,OTHER,OTHER,2,REPUBLICAN,DONALD J TRUMP,9334,
CRAWFORD,2000,DEMOCRAT,AL GORE,1817,REPUBLICAN,GEORGE W. BUSH,2327,GREEN,RALPH NADER,17,OTHER,OTHER,48,
CRAWFORD,2004,DEMOCRAT,JOHN KERRY,1932,REPUBLICAN,GEORGE W. BUSH,2609,OTHER,OTHER,33,
CRAWFORD,2008,DEMOCRAT,BARACK OBAMA,2286,REPUBLICAN,JOHN MCCAIN,2393,OTHER,OTHER,65,
CRAWFORD,2012,DEMOCRAT,BARACK OBAMA,2041,REPUBLICAN,MITT ROMNEY,2421,OTHER,OTHER,128,
CRAWFORD,2016,DEMOCRAT,HILLARY CLINTON,1323,REPUBLICAN,DONALD TRUMP,3015,OTHER,OTHER,255,
CRAWFORD,2020,DEMOCRAT,JOSEPH R BIDEN JR,1355,GREEN,OTHER,0,LIBERTARIAN,JO JORGENSEN,106,OTHER,OTHER,0,REPUBLICAN,DONALD J TRUMP,3483,
DAVIESS,2000,DEMOCRAT,AL GORE,2697,REPUBLICAN,GEORGE W. BUSH,6872,GREEN,RALPH NADER,49,OTHER,OTHER,143,
DAVIESS,2004,DEMOCRAT,JOHN KERRY,2573,REPUBLICAN,GEORGE W. BUSH,7936,OTHER,OTHER,90,
DAVIESS,2008,DEMOCRAT,BARACK OBAMA,3370,REPUBLICAN,JOHN MCCAIN,7098,OTHER,OTHER,118,
DAVIESS,2012,DEMOCRAT,BARACK OBAMA,2437,REPUBLICAN,MITT ROMNEY,7638,OTHER,OTHER,175,
DAVIESS,2016,DEMOCRAT,HILLARY CLINTON,1800,REPUBLICAN,DONALD TRUMP,8545,OTHER,OTHER,423,
DAVIESS,2020,DEMOCRAT,JOSEPH R BIDEN JR,2169,GREEN,OTHER,3,LIBERTARIAN,JO JORGENSEN,204,OTHER,OTHER,2,REPUBLICAN,DONALD J TRUMP,9576,
DEARBORN,2000,DEMOCRAT,AL GORE,6020,REPUBLICAN,GEORGE W. BUSH,11452,GREEN,RALPH NADER,0,OTHER,OTHER,178,
DEARBORN,2004,DEMOCRAT,JOHN KERRY,6596,REPUBLICAN,GEORGE W. BUSH,14231,OTHER,OTHER,142,
DEARBORN,2008,DEMOCRAT,BARACK OBAMA,7123,REPUBLICAN,JOHN MCCAIN,14886,OTHER,OTHER,208,
DEARBORN,2012,DEMOCRAT,BARACK OBAMA,6528,REPUBLICAN,MITT ROMNEY,15394,OTHER,OTHER,434,
DEARBORN,2016,DEMOCRAT,HILLARY CLINTON,4883,REPUBLICAN,DONALD TRUMP,18113,OTHER,OTHER,991,
DEARBORN,2020,DEMOCRAT,JOSEPH R BIDEN JR,5446,GREEN,OTHER,12,LIBERTARIAN,JO JORGENSEN,387,OTHER,OTHER,10,REPUBLICAN,DONALD J TRUMP,19528,
DECATUR,2000,DEMOCRAT,AL GORE,2889,REPUBLICAN,GEORGE W. BUSH,6115,GREEN,RALPH NADER,11,OTHER,OTHER,156,
DECATUR,2004,DEMOCRAT,JOHN KERRY,2621,REPUBLICAN,GEORGE W. BUSH,7499,OTHER,OTHER,79,
DECATUR,2008,DEMOCRAT,BARACK OBAMA,3892,REPUBLICAN,JOHN MCCAIN,6449,OTHER,OTHER,147,
DECATUR,2012,DEMOCRAT,BARACK OBAMA,2941,REPUBLICAN,MITT ROMNEY,7119,OTHER,OTHER,248,
DECATUR,2016,DEMOCRAT,HILLARY CLINTON,2121,REPUBLICAN,DONALD TRUMP,8490,OTHER,OTHER,516,
DECATUR,2020,DEMOCRAT,JOSEPH R BIDEN JR,2439,GREEN,OTHER,0,LIBERTARIAN,JO JORGENSEN,273,OTHER,OTHER,0,REPUBLICAN,DONALD J TRUMP,9575,
DEKALB,2000,DEMOCRAT,AL GORE,4776,REPUBLICAN,GEORGE W. BUSH,8701,GREEN,RALPH NADER,71,OTHER,OTHER,237,
DEKALB,2004,DEMOCRAT,JOHN KERRY,4810,REPUBLICAN,GEORGE W. BUSH,10468,OTHER,OTHER,125,
DEKALB,2008,DEMOCRAT,BARACK OBAMA,7175,REPUBLICAN,JOHN MCCAIN,9780,OTHER,OTHER,194,
DEKALB,2012,DEMOCRAT,BARACK OBAMA,5419,REPUBLICAN,MITT ROMNEY,10587,OTHER,OTHER,322,
DEKALB,2016,DEMOCRAT,HILLARY CLINTON,3942,REPUBLICAN,DONALD TRUMP,12054,OTHER,OTHER,906,
DEKALB,2020,DEMOCRAT,JOSEPH R BIDEN JR,4966,GREEN,OTHER,0,LIBERTARIAN,JO JORGENSEN,425,OTHER,OTHER,0,REPUBLICAN,DONALD J TRUMP,14237,
DELAWARE,2000,DEMOCRAT,AL GORE,20876,REPUBLICAN,GEORGE W. BUSH,22105,GREEN,RALPH NADER,386,OTHER,OTHER,780,
DELAWARE,2004,DEMOCRAT,JOHN KERRY,20436,REPUBLICAN,GEORGE W. BUSH,27064,OTHER,OTHER,439,
DELAWARE,2008,DEMOCRAT,BARACK OBAMA,28384,REPUBLICAN,JOHN MCCAIN,20916,OTHER,OTHER,563,
DELAWARE,2012,DEMOCRAT,BARACK OBAMA,22654,REPUBLICAN,MITT ROMNEY,21251,OTHER,OTHER,1063,
DELAWARE,2016,DEMOCRAT,HILLARY CLINTON,18153,REPUBLICAN,DONALD TRUMP,24263,OTHER,OTHER,2707,
DELAWARE,2020,DEMOCRAT,JOSEPH R BIDEN JR,20474,GREEN,OTHER,0,LIBERTARIAN,JO JORGENSEN,890,OTHER,OTHER,0,REPUBLICAN,DONALD J TRUMP,26827,
DUBOIS,2000,DEMOCRAT,AL GORE,5090,REPUBLICAN,GEORGE W. BUSH,10134,GREEN,RALPH NADER,42,OTHER,OTHER,238,
DUBOIS,2004,DEMOCRAT,JOHN KERRY,5210,REPUBLICAN,GEORGE W. BUSH,11726,OTHER,OTHER,130,
DUBOIS,2008,DEMOCRAT,BARACK OBAMA,8748,REPUBLICAN,JOHN MCCAIN,9526,OTHER,OTHER,291,
DUBOIS,2012,DEMOCRAT,BARACK OBAMA,6522,REPUBLICAN,MITT ROMNEY,11654,OTHER,OTHER,366,
DUBOIS,2016,DEMOCRAT,HILLARY CLINTON,5389,REPUBLICAN,DONALD TRUMP,13365,OTHER,OTHER,1230,
DUBOIS,2020,DEMOCRAT,JOSEPH R BIDEN JR,6292,GREEN,OTHER,0,LIBERTARIAN,JO JORGENSEN,432,OTHER,OTHER,13,REPUBLICAN,DONALD J TRUMP,15033,
ELKHART,2000,DEMOCRAT,AL GORE,16402,REPUBLICAN,GEORGE W. BUSH,36756,GREEN,RALPH NADER,642,OTHER,OTHER,682,
ELKHART,2004,DEMOCRAT,JOHN KERRY,17966,REPUBLICAN,GEORGE W. BUSH,42967,OTHER,OTHER,447,
ELKHART,2008,DEMOCRAT,BARACK OBAMA,31398,REPUBLICAN,JOHN MCCAIN,39396,OTHER,OTHER,664,
ELKHART,2012,DEMOCRAT,BARACK OBAMA,24399,REPUBLICAN,MITT ROMNEY,42378,OTHER,OTHER,1075,
ELKHART,2016,DEMOCRAT,HILLARY CLINTON,20740,REPUBLICAN,DONALD TRUMP,41867,OTHER,OTHER,3023,
ELKHART,2020,DEMOCRAT,JOSEPH R BIDEN JR,26108,GREEN,OTHER,37,LIBERTARIAN,JO JORGENSEN,1241,OTHER,OTHER,29,REPUBLICAN,DONALD J TRUMP,46972,
FAYETTE,2000,DEMOCRAT,AL GORE,3415,REPUBLICAN,GEORGE W. BUSH,5060,GREEN,RALPH NADER,31,OTHER,OTHER,141,
FAYETTE,2004,DEMOCRAT,JOHN KERRY,3626,REPUBLICAN,GEORGE W. BUSH,5761,OTHER,OTHER,81,
FAYETTE,2008,DEMOCRAT,BARACK OBAMA,4389,REPUBLICAN,JOHN MCCAIN,4917,OTHER,OTHER,156,
FAYETTE,2012,DEMOCRAT,BARACK OBAMA,3555,REPUBLICAN,MITT ROMNEY,5045,OTHER,OTHER,237,
FAYETTE,2016,DEMOCRAT,HILLARY CLINTON,2252,REPUBLICAN,DONALD TRUMP,6839,OTHER,OTHER,439,
FAYETTE,2020,DEMOCRAT,JOSEPH R BIDEN JR,2237,GREEN,OTHER,0,LIBERTARIAN,JO JORGENSEN,144,OTHER,OTHER,0,REPUBLICAN,DONALD J TRUMP,7755,
FLOYD,2000,DEMOCRAT,AL GORE,13209,REPUBLICAN,GEORGE W. BUSH,16486,GREEN,RALPH NADER,52,OTHER,OTHER,283,
FLOYD,2004,DEMOCRAT,JOHN KERRY,13857,REPUBLICAN,GEORGE W. BUSH,19877,OTHER,OTHER,156,
FLOYD,2008,DEMOCRAT,BARACK OBAMA,16263,REPUBLICAN,JOHN MCCAIN,19957,OTHER,OTHER,317,
FLOYD,2012,DEMOCRAT,BARACK OBAMA,14812,REPUBLICAN,MITT ROMNEY,19878,OTHER,OTHER,615,
FLOYD,2016,DEMOCRAT,HILLARY CLINTON,13945,REPUBLICAN,DONALD TRUMP,21432,OTHER,OTHER,2048,
FLOYD,2020,DEMOCRAT,JOSEPH R BIDEN JR,17511,GREEN,OTHER,24,LIBERTARIAN,JO JORGENSEN,850,OTHER,OTHER,17,REPUBLICAN,DONALD J TRUMP,23400,
FOUNTAIN,2000,DEMOCRAT,AL GORE,2717,REPUBLICAN,GEORGE W. BUSH,4408,GREEN,RALPH NADER,18,OTHER,OTHER,138,
FOUNTAIN,2004,DEMOCRAT,JOHN KERRY,2477,REPUBLICAN,GEORGE W. BUSH,5260,OTHER,OTHER,67,
FOUNTAIN,2008,DEMOCRAT,BARACK OBAMA,3094,REPUBLICAN,JOHN MCCAIN,4158,OTHER,OTHER,158,
FOUNTAIN,2012,DEMOCRAT,BARACK OBAMA,2237,REPUBLICAN,MITT ROMNEY,4664,OTHER,OTHER,210,
FOUNTAIN,2016,DEMOCRAT,HILLARY CLINTON,1476,REPUBLICAN,DONALD TRUMP,5662,OTHER,OTHER,354,
FOUNTAIN,2020,DEMOCRAT,JOSEPH R BIDEN JR,1629,GREEN,OTHER,2,LIBERTARIAN,JO JORGENSEN,200,OTHER,OTHER,1,REPUBLICAN,DONALD J TRUMP,6154,
FRANKLIN,2000,DEMOCRAT,AL GORE,2591,REPUBLICAN,GEORGE W. BUSH,5587,GREEN,RALPH NADER,25,OTHER,OTHER,136,
FRANKLIN,2004,DEMOCRAT,JOHN KERRY,2925,REPUBLICAN,GEORGE W. BUSH,6977,OTHER,OTHER,90,
FRANKLIN,2008,DEMOCRAT,BARACK OBAMA,3404,REPUBLICAN,JOHN MCCAIN,7018,OTHER,OTHER,188,
FRANKLIN,2012,DEMOCRAT,BARACK OBAMA,2909,REPUBLICAN,MITT ROMNEY,7424,OTHER,OTHER,227,
FRANKLIN,2016,DEMOCRAT,HILLARY CLINTON,1969,REPUBLICAN,DONALD TRUMP,8669,OTHER,OTHER,375,
FRANKLIN,2020,DEMOCRAT,JOSEPH R BIDEN JR,2137,GREEN,OTHER,1,LIBERTARIAN,JO JORGENSEN,169,OTHER,OTHER,2,REPUBLICAN,DONALD J TRUMP,9691,
FULTON,2000,DEMOCRAT,AL GORE,2960,REPUBLICAN,GEORGE W. BUSH,5218,GREEN,RALPH NADER,37,OTHER,OTHER,112,
FULTON,2004,DEMOCRAT,JOHN KERRY,2607,REPUBLICAN,GEORGE W. BUSH,6027,OTHER,OTHER,69,
FULTON,2008,DEMOCRAT,BARACK OBAMA,3702,REPUBLICAN,JOHN MCCAIN,5147,OTHER,OTHER,157,
FULTON,2012,DEMOCRAT,BARACK OBAMA,2621,REPUBLICAN,MITT ROMNEY,5317,OTHER,OTHER,188,
FULTON,2016,DEMOCRAT,HILLARY CLINTON,1960,REPUBLICAN,DONALD TRUMP,6010,OTHER,OTHER,404,
FULTON,2020,DEMOCRAT,JOSEPH R BIDEN JR,2280,GREEN,OTHER,3,LIBERTARIAN,JO JORGENSEN,170,OTHER,OTHER,0,REPUBLICAN,DONALD J TRUMP,6694,
GIBSON,2000,DEMOCRAT,AL GORE,5802,REPUBLICAN,GEORGE W. BUSH,7734,GREEN,RALPH NADER,77,OTHER,OTHER,159,
GIBSON,2004,DEMOCRAT,JOHN KERRY,5378,REPUBLICAN,GEORGE W. BUSH,9133,OTHER,OTHER,103,
GIBSON,2008,DEMOCRAT,BARACK OBAMA,6455,REPUBLICAN,JOHN MCCAIN,8449,OTHER,OTHER,191,
GIBSON,2012,DEMOCRAT,BARACK OBAMA,4928,REPUBLICAN,MITT ROMNEY,9487,OTHER,OTHER,306,
GIBSON,2016,DEMOCRAT,HILLARY CLINTON,3721,REPUBLICAN,DONALD TRUMP,11081,OTHER,OTHER,682,
GIBSON,2020,DEMOCRAT,JOSEPH R BIDEN JR,4023,GREEN,OTHER,0,LIBERTARIAN,JO JORGENSEN,321,OTHER,OTHER,0,REPUBLICAN,DONALD J TRUMP,11817,
GRANT,2000,DEMOCRAT,AL GORE,9712,REPUBLICAN,GEORGE W. BUSH,16153,GREEN,RALPH NADER,84,OTHER,OTHER,437,
GRANT,2004,DEMOCRAT,JOHN KERRY,8509,REPUBLICAN,GEORGE W. BUSH,18769,OTHER,OTHER,182,
GRANT,2008,DEMOCRAT,BARACK OBAMA,11293,REPUBLICAN,JOHN MCCAIN,14734,OTHER,OTHER,272,
GRANT,2012,DEMOCRAT,BARACK OBAMA,9589,REPUBLICAN,MITT ROMNEY,15151,OTHER,OTHER,545,
GRANT,2016,DEMOCRAT,HILLARY CLINTON,7010,REPUBLICAN,DONALD TRUMP,17008,OTHER,OTHER,1294,
GRANT,2020,DEMOCRAT,JOSEPH R BIDEN JR,8015,GREEN,OTHER,4,LIBERTARIAN,JO JORGENSEN,584,OTHER,OTHER,13,REPUBLICAN,DONALD J TRUMP,18543,
GREENE,2000,DEMOCRAT,AL GORE,4898,REPUBLICAN,GEORGE W. BUSH,7452,GREEN,RALPH NADER,57,OTHER,OTHER,212,
GREENE,2004,DEMOCRAT,JOHN KERRY,4606,REPUBLICAN,GEORGE W. BUSH,8609,OTHER,OTHER,137,
GREENE,2008,DEMOCRAT,BARACK OBAMA,5709,REPUBLICAN,JOHN MCCAIN,7691,OTHER,OTHER,229,
GREENE,2012,DEMOCRAT,BARACK OBAMA,4350,REPUBLICAN,MITT ROMNEY,8457,OTHER,OTHER,304,
GREENE,2016,DEMOCRAT,HILLARY CLINTON,2929,REPUBLICAN,DONALD TRUMP,10277,OTHER,OTHER,595,
GREENE,2020,DEMOCRAT,JOSEPH R BIDEN JR,3389,GREEN,OTHER,1,LIBERTARIAN,JO JORGENSEN,290,OTHER,OTHER,1,REPUBLICAN,DONALD J TRUMP,11103,
HAMILTON,2000,DEMOCRAT,AL GORE,18002,REPUBLICAN,GEORGE W. BUSH,56372,GREEN,RALPH NADER,669,OTHER,OTHER,883,
HAMILTON,2004,DEMOCRAT,JOHN KERRY,26388,REPUBLICAN,GEORGE W. BUSH,77887,OTHER,OTHER,631,
HAMILTON,2008,DEMOCRAT,BARACK OBAMA,49704,REPUBLICAN,JOHN MCCAIN,78401,OTHER,OTHER,959,
HAMILTON,2012,DEMOCRAT,BARACK OBAMA,43796,REPUBLICAN,MITT ROMNEY,90747,OTHER,OTHER,2320,
HAMILTON,2016,DEMOCRAT,HILLARY CLINTON,57263,REPUBLICAN,DONALD TRUMP,87404,OTHER,OTHER,9589,
HAMILTON,2020,DEMOCRAT,JOSEPH R BIDEN JR,88390,GREEN,OTHER,57,LIBERTARIAN,JO JORGENSEN,3894,OTHER,OTHER,71,REPUBLICAN,DONALD J TRUMP,101587,
HANCOCK,2000,DEMOCRAT,AL GORE,6503,REPUBLICAN,GEORGE W. BUSH,15943,GREEN,RALPH NADER,126,OTHER,OTHER,378,
HANCOCK,2004,DEMOCRAT,JOHN KERRY,6912,REPUBLICAN,GEORGE W. BUSH,20771,OTHER,OTHER,184,
HANCOCK,2008,DEMOCRAT,BARACK OBAMA,11874,REPUBLICAN,JOHN MCCAIN,22008,OTHER,OTHER,371,
HANCOCK,2012,DEMOCRAT,BARACK OBAMA,9319,REPUBLICAN,MITT ROMNEY,22796,OTHER,OTHER,728,
HANCOCK,2016,DEMOCRAT,HILLARY CLINTON,8904,REPUBLICAN,DONALD TRUMP,25074,OTHER,OTHER,2203,
HANCOCK,2020,DEMOCRAT,JOSEPH R BIDEN JR,12895,GREEN,OTHER,2,LIBERTARIAN,JO JORGENSEN,1016,OTHER,OTHER,2,REPUBLICAN,DONALD J TRUMP,28996,
HARRISON,2000,DEMOCRAT,AL GORE,5870,REPUBLICAN,GEORGE W. BUSH,8711,GREEN,RALPH NADER,101,OTHER,OTHER,214,
HARRISON,2004,DEMOCRAT,JOHN KERRY,6171,REPUBLICAN,GEORGE W. BUSH,11015,OTHER,OTHER,124,
HARRISON,2008,DEMOCRAT,BARACK OBAMA,7288,REPUBLICAN,JOHN MCCAIN,10551,OTHER,OTHER,252,
HARRISON,2012,DEMOCRAT,BARACK OBAMA,6607,REPUBLICAN,MITT ROMNEY,10640,OTHER,OTHER,424,
HARRISON,2016,DEMOCRAT,HILLARY CLINTON,4783,REPUBLICAN,DONALD TRUMP,12943,OTHER,OTHER,832,
HARRISON,2020,DEMOCRAT,JOSEPH R BIDEN JR,5343,GREEN,OTHER,3,LIBERTARIAN,JO JORGENSEN,323,OTHER,OTHER,2,REPUBLICAN,DONALD J TRUMP,14565,
HENDRICKS,2000,DEMOCRAT,AL GORE,10786,REPUBLICAN,GEORGE W. BUSH,28651,GREEN,RALPH NADER,164,OTHER,OTHER,620,
HENDRICKS,2004,DEMOCRAT,JOHN KERRY,13548,REPUBLICAN,GEORGE W. BUSH,38430,OTHER,OTHER,324,
HENDRICKS,2008,DEMOCRAT,BARACK OBAMA,24548,REPUBLICAN,JOHN MCCAIN,39728,OTHER,OTHER,679,
HENDRICKS,2012,DEMOCRAT,BARACK OBAMA,21112,REPUBLICAN,MITT ROMNEY,44312,OTHER,OTHER,1220,
HENDRICKS,2016,DEMOCRAT,HILLARY CLINTON,22600,REPUBLICAN,DONALD TRUMP,48337,OTHER,OTHER,4622,
HENDRICKS,2020,DEMOCRAT,JOSEPH R BIDEN JR,32604,GREEN,OTHER,18,LIBERTARIAN,JO JORGENSEN,2052,OTHER,OTHER,29,REPUBLICAN,DONALD J TRUMP,53802,
HENRY,2000,DEMOCRAT,AL GORE,7647,REPUBLICAN,GEORGE W. BUSH,10321,GREEN,RALPH NADER,9,OTHER,OTHER,338,
HENRY,2004,DEMOCRAT,JOHN KERRY,7176,REPUBLICAN,GEORGE W. BUSH,13137,OTHER,OTHER,191,
HENRY,2008,DEMOCRAT,BARACK OBAMA,10059,REPUBLICAN,JOHN MCCAIN,10896,OTHER,OTHER,364,
HENRY,2012,DEMOCRAT,BARACK OBAMA,7613,REPUBLICAN,MITT ROMNEY,10838,OTHER,OTHER,556,
HENRY,2016,DEMOCRAT,HILLARY CLINTON,5124,REPUBLICAN,DONALD TRUMP,13895,OTHER,OTHER,1136,
HENRY,2020,DEMOCRAT,JOSEPH R BIDEN JR,5544,GREEN,OTHER,4,LIBERTARIAN,JO JORGENSEN,434,OTHER,OTHER,5,REPUBLICAN,DONALD J TRUMP,15043,
HOWARD,2000,DEMOCRAT,AL GORE,12899,REPUBLICAN,GEORGE W. BUSH,20331,GREEN,RALPH NADER,343,OTHER,OTHER,522,
HOWARD,2004,DEMOCRAT,JOHN KERRY,12998,REPUBLICAN,GEORGE W. BUSH,23714,OTHER,OTHER,309,
HOWARD,2008,DEMOCRAT,BARACK OBAMA,17871,REPUBLICAN,JOHN MCCAIN,20248,OTHER,OTHER,505,
HOWARD,2012,DEMOCRAT,BARACK OBAMA,15135,REPUBLICAN,MITT ROMNEY,20327,OTHER,OTHER,828,
HOWARD,2016,DEMOCRAT,HILLARY CLINTON,11215,REPUBLICAN,DONALD TRUMP,23675,OTHER,OTHER,1953,
HOWARD,2020,DEMOCRAT,JOSEPH R BIDEN JR,13303,GREEN,OTHER,12,LIBERTARIAN,JO JORGENSEN,858,OTHER,OTHER,8,REPUBLICAN,DONALD J TRUMP,26449,
HUNTINGTON,2000,DEMOCRAT,AL GORE,4119,REPUBLICAN,GEORGE W. BUSH,10113,GREEN,RALPH NADER,162,OTHER,OTHER,226,
HUNTINGTON,2004,DEMOCRAT,JOHN KERRY,3877,REPUBLICAN,GEORGE W. BUSH,11617,OTHER,OTHER,133,
HUNTINGTON,2008,DEMOCRAT,BARACK OBAMA,5843,REPUBLICAN,JOHN MCCAIN,10291,OTHER,OTHER,194,
HUNTINGTON,2012,DEMOCRAT,BARACK OBAMA,4596,REPUBLICAN,MITT ROMNEY,10862,OTHER,OTHER,307,
HUNTINGTON,2016,DEMOCRAT,HILLARY CLINTON,3506,REPUBLICAN,DONALD TRUMP,11649,OTHER,OTHER,888,
HUNTINGTON,2020,DEMOCRAT,JOSEPH R BIDEN JR,4255,GREEN,OTHER,7,LIBERTARIAN,JO JORGENSEN,408,OTHER,OTHER,12,REPUBLICAN,DONALD J TRUMP,13147,
JACKSON,2000,DEMOCRAT,AL GORE,5330,REPUBLICAN,GEORGE W. BUSH,9054,GREEN,RALPH NADER,27,OTHER,OTHER,191,
JACKSON,2004,DEMOCRAT,JOHN KERRY,5092,REPUBLICAN,GEORGE W. BUSH,11083,OTHER,OTHER,134,
JACKSON,2008,DEMOCRAT,BARACK OBAMA,7354,REPUBLICAN,JOHN MCCAIN,9726,OTHER,OTHER,294,
JACKSON,2012,DEMOCRAT,BARACK OBAMA,5838,REPUBLICAN,MITT ROMNEY,10419,OTHER,OTHER,455,
JACKSON,2016,DEMOCRAT,HILLARY CLINTON,3843,REPUBLICAN,DONALD TRUMP,12859,OTHER,OTHER,871,
JACKSON,2020,DEMOCRAT,JOSEPH R BIDEN JR,4302,GREEN,OTHER,0,LIBERTARIAN,JO JORGENSEN,381,OTHER,OTHER,0,REPUBLICAN,DONALD J TRUMP,14555,
JASPER,2000,DEMOCRAT,AL GORE,3744,REPUBLICAN,GEORGE W. BUSH,7212,GREEN,RALPH NADER,71,OTHER,OTHER,140,
JASPER,2004,DEMOCRAT,JOHN KERRY,3678,REPUBLICAN,GEORGE W. BUSH,8056,OTHER,OTHER,110,
JASPER,2008,DEMOCRAT,BARACK OBAMA,5044,REPUBLICAN,JOHN MCCAIN,7669,OTHER,OTHER,162,
JASPER,2012,DEMOCRAT,BARACK OBAMA,4672,REPUBLICAN,MITT ROMNEY,7955,OTHER,OTHER,269,
JASPER,2016,DEMOCRAT,HILLARY CLINTON,3329,REPUBLICAN,DONALD TRUMP,9382,OTHER,OTHER,667,
JASPER,2020,DEMOCRAT,JOSEPH R BIDEN JR,3798,GREEN,OTHER,4,LIBERTARIAN,JO JORGENSEN,288,OTHER,OTHER,2,REPUBLICAN,DONALD J TRUMP,11383,
JAY,2000,DEMOCRAT,AL GORE,3167,REPUBLICAN,GEORGE W. BUSH,4687,GREEN,RALPH NADER,15,OTHER,OTHER,161,
JAY,2004,DEMOCRAT,JOHN KERRY,2740,REPUBLICAN,GEORGE W. BUSH,5427,OTHER,OTHER,65,
JAY,2008,DEMOCRAT,BARACK OBAMA,3748,REPUBLICAN,JOHN MCCAIN,4401,OTHER,OTHER,166,
JAY,2012,DEMOCRAT,BARACK OBAMA,3063,REPUBLICAN,MITT ROMNEY,4645,OTHER,OTHER,193,
JAY,2016,DEMOCRAT,HILLARY CLINTON,1889,REPUBLICAN,DONALD TRUMP,5697,OTHER,OTHER,400,
JAY,2020,DEMOCRAT,JOSEPH R BIDEN JR,1926,GREEN,OTHER,3,LIBERTARIAN,JO JORGENSEN,169,OTHER,OTHER,2,REPUBLICAN,DONALD J TRUMP,6361,
JEFFERSON,2000,DEMOCRAT,AL GORE,5117,REPUBLICAN,GEORGE W. BUSH,6582,GREEN,RALPH NADER,84,OTHER,OTHER,148,
JEFFERSON,2004,DEMOCRAT,JOHN KERRY,5117,REPUBLICAN,GEORGE W. BUSH,7763,OTHER,OTHER,91,
JEFFERSON,2008,DEMOCRAT,BARACK OBAMA,6255,REPUBLICAN,JOHN MCCAIN,7053,OTHER,OTHER,182,
JEFFERSON,2012,DEMOCRAT,BARACK OBAMA,5728,REPUBLICAN,MITT ROMNEY,7096,OTHER,OTHER,302,
JEFFERSON,2016,DEMOCRAT,HILLARY CLINTON,4326,REPUBLICAN,DONALD TRUMP,8546,OTHER,OTHER,672,
JEFFERSON,2020,DEMOCRAT,JOSEPH R BIDEN JR,4731,GREEN,OTHER,6,LIBERTARIAN,JO JORGENSEN,296,OTHER,OTHER,1,REPUBLICAN,DONALD J TRUMP,9663,
JENNINGS,2000,DEMOCRAT,AL GORE,3549,REPUBLICAN,GEORGE W. BUSH,5732,GREEN,RALPH NADER,47,OTHER,OTHER,166,
JENNINGS,2004,DEMOCRAT,JOHN KERRY,3538,REPUBLICAN,GEORGE W. BUSH,6864,OTHER,OTHER,115,
JENNINGS,2008,DEMOCRAT,BARACK OBAMA,5312,REPUBLICAN,JOHN MCCAIN,6261,OTHER,OTHER,266,
JENNINGS,2012,DEMOCRAT,BARACK OBAMA,3821,REPUBLICAN,MITT ROMNEY,6120,OTHER,OTHER,309,
JENNINGS,2016,DEMOCRAT,HILLARY CLINTON,2364,REPUBLICAN,DONALD TRUMP,8224,OTHER,OTHER,562,
JENNINGS,2020,DEMOCRAT,JOSEPH R BIDEN JR,2523,GREEN,OTHER,0,LIBERTARIAN,JO JORGENSEN,238,OTHER,OTHER,0,REPUBLICAN,DONALD J TRUMP,9490,
JOHNSON,2000,DEMOCRAT,AL GORE,11952,REPUBLICAN,GEORGE W. BUSH,29404,GREEN,RALPH NADER,178,OTHER,OTHER,750,
JOHNSON,2004,DEMOCRAT,JOHN KERRY,13109,REPUBLICAN,GEORGE W. BUSH,37765,OTHER,OTHER,381,
JOHNSON,2008,DEMOCRAT,BARACK OBAMA,21553,REPUBLICAN,JOHN MCCAIN,36487,OTHER,OTHER,604,
JOHNSON,2012,DEMOCRAT,BARACK OBAMA,17260,REPUBLICAN,MITT ROMNEY,39513,OTHER,OTHER,1191,
JOHNSON,2016,DEMOCRAT,HILLARY CLINTON,17318,REPUBLICAN,DONALD TRUMP,45456,OTHER,OTHER,3726,
JOHNSON,2020,DEMOCRAT,JOSEPH R BIDEN JR,24736,GREEN,OTHER,30,LIBERTARIAN,JO JORGENSEN,1618,OTHER,OTHER,15,REPUBLICAN,DONALD J TRUMP,51219,
KNOX,2000,DEMOCRAT,AL GORE,6300,REPUBLICAN,GEORGE W. BUSH,8485,GREEN,RALPH NADER,76,OTHER,OTHER,193,
KNOX,2004,DEMOCRAT,JOHN KERRY,5649,REPUBLICAN,GEORGE W. BUSH,9990,OTHER,OTHER,107,
KNOX,2008,DEMOCRAT,BARACK OBAMA,7569,REPUBLICAN,JOHN MCCAIN,8639,OTHER,OTHER,216,
KNOX,2012,DEMOCRAT,BARACK OBAMA,5228,REPUBLICAN,MITT ROMNEY,9612,OTHER,OTHER,305,
KNOX,2016,DEMOCRAT,HILLARY CLINTON,3772,REPUBLICAN,DONALD TRUMP,11077,OTHER,OTHER,667,
KNOX,2020,DEMOCRAT,JOSEPH R BIDEN JR,4067,GREEN,OTHER,4,LIBERTARIAN,JO JORGENSEN,282,OTHER,OTHER,3,REPUBLICAN,DONALD J TRUMP,11655,
KOSCIUSKO,2000,DEMOCRAT,AL GORE,5785,REPUBLICAN,GEORGE W. BUSH,19040,GREEN,RALPH NADER,92,OTHER,OTHER,367,
KOSCIUSKO,2004,DEMOCRAT,JOHN KERRY,5977,REPUBLICAN,GEORGE W. BUSH,22136,OTHER,OTHER,247,
KOSCIUSKO,2008,DEMOCRAT,BARACK OBAMA,9236,REPUBLICAN,JOHN MCCAIN,20488,OTHER,OTHER,410,
KOSCIUSKO,2012,DEMOCRAT,BARACK OBAMA,6862,REPUBLICAN,MITT ROMNEY,22558,OTHER,OTHER,640,
KOSCIUSKO,2016,DEMOCRAT,HILLARY CLINTON,6313,REPUBLICAN,DONALD TRUMP,23935,OTHER,OTHER,1836,
KOSCIUSKO,2020,DEMOCRAT,JOSEPH R BIDEN JR,8364,GREEN,OTHER,5,LIBERTARIAN,JO JORGENSEN,903,OTHER,OTHER,16,REPUBLICAN,DONALD J TRUMP,26499,
LAGRANGE,2000,DEMOCRAT,AL GORE,2733,REPUBLICAN,GEORGE W. BUSH,5437,GREEN,RALPH NADER,51,OTHER,OTHER,112,
LAGRANGE,2004,DEMOCRAT,JOHN KERRY,2523,REPUBLICAN,GEORGE W. BUSH,6430,OTHER,OTHER,50,
LAGRANGE,2008,DEMOCRAT,BARACK OBAMA,3663,REPUBLICAN,JOHN MCCAIN,5702,OTHER,OTHER,126,
LAGRANGE,2012,DEMOCRAT,BARACK OBAMA,2898,REPUBLICAN,MITT ROMNEY,6231,OTHER,OTHER,187,
LAGRANGE,2016,DEMOCRAT,HILLARY CLINTON,2080,REPUBLICAN,DONALD TRUMP,7025,OTHER,OTHER,461,
LAGRANGE,2020,DEMOCRAT,JOSEPH R BIDEN JR,2355,GREEN,OTHER,0,LIBERTARIAN,JO JORGENSEN,168,OTHER,OTHER,0,REPUBLICAN,DONALD J TRUMP,8110,
LAKE,2000,DEMOCRAT,AL GORE,109078,REPUBLICAN,GEORGE W. BUSH,63389,GREEN,RALPH NADER,1659,OTHER,OTHER,1868,
LAKE,2004,DEMOCRAT,JOHN KERRY,114743,REPUBLICAN,GEORGE W. BUSH,71903,OTHER,OTHER,1376,
LAKE,2008,DEMOCRAT,BARACK OBAMA,139301,REPUBLICAN,JOHN MCCAIN,67742,OTHER,OTHER,1714,
LAKE,2012,DEMOCRAT,BARACK OBAMA,130897,REPUBLICAN,MITT ROMNEY,68431,OTHER,OTHER,2430,
LAKE,2016,DEMOCRAT,HILLARY CLINTON,116935,REPUBLICAN,DONALD TRUMP,75625,OTHER,OTHER,8645,
LAKE,2020,DEMOCRAT,JOSEPH R BIDEN JR,124870,GREEN,OTHER,76,LIBERTARIAN,JO JORGENSEN,3212,OTHER,OTHER,38,REPUBLICAN,DONALD J TRUMP,91760,
LAPORTE,2000,DEMOCRAT,AL GORE,19736,REPUBLICAN,GEORGE W. BUSH,18994,GREEN,RALPH NADER,413,OTHER,OTHER,604,
LAPORTE,2004,DEMOCRAT,JOHN KERRY,21114,REPUBLICAN,GEORGE W. BUSH,20916,OTHER,OTHER,576,
LAPORTE,2008,DEMOCRAT,BARACK OBAMA,28258,REPUBLICAN,JOHN MCCAIN,17918,OTHER,OTHER,743,
LAPORTE,2012,DEMOCRAT,BARACK OBAMA,24107,REPUBLICAN,MITT ROMNEY,18615,OTHER,OTHER,959,
LAPORTE,2016,DEMOCRAT,HILLARY CLINTON,19798,REPUBLICAN,DONALD TRUMP,22687,OTHER,OTHER,2718,
LAPORTE,2020,DEMOCRAT,JOSEPH R BIDEN JR,22427,GREEN,OTHER,0,LIBERTARIAN,JO JORGENSEN,968,OTHER,OTHER,0,REPUBLICAN,DONALD J TRUMP,25997,
LAWRENCE,2000,DEMOCRAT,AL GORE,5071,REPUBLICAN,GEORGE W. BUSH,10677,GREEN,RALPH NADER,101,OTHER,OTHER,293,
LAWRENCE,2004,DEMOCRAT,JOHN KERRY,5346,REPUBLICAN,GEORGE W. BUSH,12207,OTHER,OTHER,145,
LAWRENCE,2008,DEMOCRAT,BARACK OBAMA,7208,REPUBLICAN,JOHN MCCAIN,11018,OTHER,OTHER,308,
LAWRENCE,2012,DEMOCRAT,BARACK OBAMA,5779,REPUBLICAN,MITT ROMNEY,11622,OTHER,OTHER,421,
LAWRENCE,2016,DEMOCRAT,HILLARY CLINTON,4210,REPUBLICAN,DONALD TRUMP,14035,OTHER,OTHER,907,
LAWRENCE,2020,DEMOCRAT,JOSEPH R BIDEN JR,4961,GREEN,OTHER,0,LIBERTARIAN,JO JORGENSEN,463,OTHER,OTHER,0,REPUBLICAN,DONALD J TRUMP,15601,
MADISON,2000,DEMOCRAT,AL GORE,23403,REPUBLICAN,GEORGE W. BUSH,27956,GREEN,RALPH NADER,0,OTHER,OTHER,857,
MADISON,2004,DEMOCRAT,JOHN KERRY,21882,REPUBLICAN,GEORGE W. BUSH,32526,OTHER,OTHER,447,
MADISON,2008,DEMOCRAT,BARACK OBAMA,30152,REPUBLICAN,JOHN MCCAIN,26403,OTHER,OTHER,785,
MADISON,2012,DEMOCRAT,BARACK OBAMA,24407,REPUBLICAN,MITT ROMNEY,26769,OTHER,OTHER,1194,
MADISON,2016,DEMOCRAT,HILLARY CLINTON,18595,REPUBLICAN,DONALD TRUMP,32376,OTHER,OTHER,2938,
MADISON,2020,DEMOCRAT,JOSEPH R BIDEN JR,19524,GREEN,OTHER,12,LIBERTARIAN,JO JORGENSEN,1026,OTHER,OTHER,16,REPUBLICAN,DONALD J TRUMP,31215,
MARION,2000,DEMOCRAT,AL GORE,134189,REPUBLICAN,GEORGE W. BUSH,137810,GREEN,RALPH NADER,2967,OTHER,OTHER,4937,
MARION,2004,DEMOCRAT,JOHN KERRY,162249,REPUBLICAN,GEORGE W. BUSH,156072,OTHER,OTHER,2517,
MARION,2008,DEMOCRAT,BARACK OBAMA,241987,REPUBLICAN,JOHN MCCAIN,134313,OTHER,OTHER,3062,
MARION,2012,DEMOCRAT,BARACK OBAMA,216336,REPUBLICAN,MITT ROMNEY,136509,OTHER,OTHER,6164,
MARION,2016,DEMOCRAT,HILLARY CLINTON,212899,REPUBLICAN,DONALD TRUMP,130360,OTHER,OTHER,19113,
MARION,2020,DEMOCRAT,JOSEPH R BIDEN JR,247772,GREEN,OTHER,254,LIBERTARIAN,JO JORGENSEN,7228,OTHER,OTHER,190,REPUBLICAN,DONALD J TRUMP,134175,
MARSHALL,2000,DEMOCRAT,AL GORE,5541,REPUBLICAN,GEORGE W. BUSH,10266,GREEN,RALPH NADER,109,OTHER,OTHER,234,
MARSHALL,2004,DEMOCRAT,JOHN KERRY,5593,REPUBLICAN,GEORGE W. BUSH,12074,OTHER,OTHER,147,
MARSHALL,2008,DEMOCRAT,BARACK OBAMA,7889,REPUBLICAN,JOHN MCCAIN,10406,OTHER,OTHER,255,
MARSHALL,2012,DEMOCRAT,BARACK OBAMA,6137,REPUBLICAN,MITT ROMNEY,11260,OTHER,OTHER,368,
MARSHALL,2016,DEMOCRAT,HILLARY CLINTON,4798,REPUBLICAN,DONALD TRUMP,12288,OTHER,OTHER,996,
MARSHALL,2020,DEMOCRAT,JOSEPH R BIDEN JR,5712,GREEN,OTHER,4,LIBERTARIAN,JO JORGENSEN,362,OTHER,OTHER,5,REPUBLICAN,DONALD J TRUMP,13844,
MARTIN,2000,DEMOCRAT,AL GORE,1518,REPUBLICAN,GEORGE W. BUSH,3008,GREEN,RALPH NADER,14,OTHER,OTHER,69,
MARTIN,2004,DEMOCRAT,JOHN KERRY,1522,REPUBLICAN,GEORGE W. BUSH,3414,OTHER,OTHER,60,
MARTIN,2008,DEMOCRAT,BARACK OBAMA,1706,REPUBLICAN,JOHN MCCAIN,3122,OTHER,OTHER,75,
MARTIN,2012,DEMOCRAT,BARACK OBAMA,1351,REPUBLICAN,MITT ROMNEY,3262,OTHER,OTHER,130,
MARTIN,2016,DEMOCRAT,HILLARY CLINTON,881,REPUBLICAN,DONALD TRUMP,3697,OTHER,OTHER,231,
MARTIN,2020,DEMOCRAT,JOSEPH R BIDEN JR,1011,GREEN,OTHER,0,LIBERTARIAN,JO JORGENSEN,104,OTHER,OTHER,0,REPUBLICAN,DONALD J TRUMP,4029,
MIAMI,2000,DEMOCRAT,AL GORE,4155,REPUBLICAN,GEORGE W. BUSH,8401,GREEN,RALPH NADER,44,OTHER,OTHER,328,
MIAMI,2004,DEMOCRAT,JOHN KERRY,3886,REPUBLICAN,GEORGE W. BUSH,9600,OTHER,OTHER,142,
MIAMI,2008,DEMOCRAT,BARACK OBAMA,5564,REPUBLICAN,JOHN MCCAIN,8312,OTHER,OTHER,237,
MIAMI,2012,DEMOCRAT,BARACK OBAMA,4222,REPUBLICAN,MITT ROMNEY,8174,OTHER,OTHER,385,
MIAMI,2016,DEMOCRAT,HILLARY CLINTON,2766,REPUBLICAN,DONALD TRUMP,9975,OTHER,OTHER,741,
MIAMI,2020,DEMOCRAT,JOSEPH R BIDEN JR,3235,GREEN,OTHER,5,LIBERTARIAN,JO JORGENSEN,306,OTHER,OTHER,2,REPUBLICAN,DONALD J TRUMP,10925,
MONROE,2000,DEMOCRAT,AL GORE,17523,REPUBLICAN,GEORGE W. BUSH,19147,GREEN,RALPH NADER,2991,OTHER,OTHER,559,
MONROE,2004,DEMOCRAT,JOHN KERRY,26965,REPUBLICAN,GEORGE W. BUSH,22834,OTHER,OTHER,668,
MONROE,2008,DEMOCRAT,BARACK OBAMA,41450,REPUBLICAN,JOHN MCCAIN,21118,OTHER,OTHER,647,
MONROE,2012,DEMOCRAT,BARACK OBAMA,33436,REPUBLICAN,MITT ROMNEY,22481,OTHER,OTHER,1306,
MONROE,2016,DEMOCRAT,HILLARY CLINTON,34216,REPUBLICAN,DONALD TRUMP,20592,OTHER,OTHER,3646,
MONROE,2020,DEMOCRAT,JOSEPH R BIDEN JR,39861,GREEN,OTHER,88,LIBERTARIAN,JO JORGENSEN,1105,OTHER,OTHER,26,REPUBLICAN,DONALD J TRUMP,22071,
MONTGOMERY,2000,DEMOCRAT,AL GORE,3899,REPUBLICAN,GEORGE W. BUSH,8891,GREEN,RALPH NADER,132,OTHER,OTHER,179,
MONTGOMERY,2004,DEMOCRAT,JOHN KERRY,3536,REPUBLICAN,GEORGE W. BUSH,10901,OTHER,OTHER,111,
MONTGOMERY,2008,DEMOCRAT,BARACK OBAMA,6013,REPUBLICAN,JOHN MCCAIN,9060,OTHER,OTHER,212,
MONTGOMERY,2012,DEMOCRAT,BARACK OBAMA,4271,REPUBLICAN,MITT ROMNEY,9824,OTHER,OTHER,345,
MONTGOMERY,2016,DEMOCRAT,HILLARY CLINTON,3362,REPUBLICAN,DONALD TRUMP,11059,OTHER,OTHER,735,
MONTGOMERY,2020,DEMOCRAT,JOSEPH R BIDEN JR,4213,GREEN,OTHER,0,LIBERTARIAN,JO JORGENSEN,326,OTHER,OTHER,0,REPUBLICAN,DONALD J TRUMP,12659,
MORGAN,2000,DEMOCRAT,AL GORE,6228,REPUBLICAN,GEORGE W. BUSH,15286,GREEN,RALPH NADER,151,OTHER,OTHER,371,
MORGAN,2004,DEMOCRAT,JOHN KERRY,6650,REPUBLICAN,GEORGE W. BUSH,19197,OTHER,OTHER,182,
MORGAN,2008,DEMOCRAT,BARACK OBAMA,10330,REPUBLICAN,JOHN MCCAIN,18129,OTHER,OTHER,352,
MORGAN,2012,DEMOCRAT,BARACK OBAMA,7969,REPUBLICAN,MITT ROMNEY,19591,OTHER,OTHER,706,
MORGAN,2016,DEMOCRAT,HILLARY CLINTON,6040,REPUBLICAN,DONALD TRUMP,23674,OTHER,OTHER,1566,
MORGAN,2020,DEMOCRAT,JOSEPH R BIDEN JR,7781,GREEN,OTHER,2,LIBERTARIAN,JO JORGENSEN,862,OTHER,OTHER,2,REPUBLICAN,DONALD J TRUMP,27512,
NEWTON,2000,DEMOCRAT,AL GORE,2101,REPUBLICAN,GEORGE W. BUSH,3250,GREEN,RALPH NADER,28,OTHER,OTHER,131,
NEWTON,2004,DEMOCRAT,JOHN KERRY,2032,REPUBLICAN,GEORGE W. BUSH,3757,OTHER,OTHER,59,
NEWTON,2008,DEMOCRAT,BARACK OBAMA,2625,REPUBLICAN,JOHN MCCAIN,3301,OTHER,OTHER,119,
NEWTON,2012,DEMOCRAT,BARACK OBAMA,2212,REPUBLICAN,MITT ROMNEY,3291,OTHER,OTHER,151,
NEWTON,2016,DEMOCRAT,HILLARY CLINTON,1404,REPUBLICAN,DONALD TRUMP,4077,OTHER,OTHER,314,
NEWTON,2020,DEMOCRAT,JOSEPH R BIDEN JR,1509,GREEN,OTHER,0,LIBERTARIAN,JO JORGENSEN,140,OTHER,OTHER,0,REPUBLICAN,DONALD J TRUMP,4942,
NOBLE,2000,DEMOCRAT,AL GORE,4822,REPUBLICAN,GEORGE W. BUSH,9103,GREEN,RALPH NADER,66,OTHER,OTHER,225,
NOBLE,2004,DEMOCRAT,JOHN KERRY,4703,REPUBLICAN,GEORGE W. BUSH,10859,OTHER,OTHER,117,
NOBLE,2008,DEMOCRAT,BARACK OBAMA,7064,REPUBLICAN,JOHN MCCAIN,9673,OTHER,OTHER,237,
NOBLE,2012,DEMOCRAT,BARACK OBAMA,5229,REPUBLICAN,MITT ROMNEY,10680,OTHER,OTHER,335,
NOBLE,2016,DEMOCRAT,HILLARY CLINTON,3904,REPUBLICAN,DONALD TRUMP,12198,OTHER,OTHER,788,
NOBLE,2020,DEMOCRAT,JOSEPH R BIDEN JR,4660,GREEN,OTHER,0,LIBERTARIAN,JO JORGENSEN,335,OTHER,OTHER,0,REPUBLICAN,DONALD J TRUMP,14195,
OHIO,2000,DEMOCRAT,AL GORE,951,REPUBLICAN,GEORGE W. BUSH,1515,GREEN,RALPH NADER,6,OTHER,OTHER,20,
OHIO,2004,DEMOCRAT,JOHN KERRY,1139,REPUBLICAN,GEORGE W. BUSH,1796,OTHER,OTHER,23,
OHIO,2008,DEMOCRAT,BARACK OBAMA,1158,REPUBLICAN,JOHN MCCAIN,1713,OTHER,OTHER,47,
OHIO,2012,DEMOCRAT,BARACK OBAMA,994,REPUBLICAN,MITT ROMNEY,1759,OTHER,OTHER,66,
OHIO,2016,DEMOCRAT,HILLARY CLINTON,686,REPUBLICAN,DONALD TRUMP,2118,OTHER,OTHER,117,
OHIO,2020,DEMOCRAT,JOSEPH R BIDEN JR,668,GREEN,OTHER,0,LIBERTARIAN,JO JORGENSEN,353,OTHER,OTHER,0,REPUBLICAN,DONALD J TRUMP,2054,
ORANGE,2000,DEMOCRAT,AL GORE,2601,REPUBLICAN,GEORGE W. BUSH,4687,GREEN,RALPH NADER,46,OTHER,OTHER,124,
ORANGE,2004,DEMOCRAT,JOHN KERRY,2885,REPUBLICAN,GEORGE W. BUSH,5683,OTHER,OTHER,84,
ORANGE,2008,DEMOCRAT,BARACK OBAMA,3390,REPUBLICAN,JOHN MCCAIN,4536,OTHER,OTHER,160,
ORANGE,2012,DEMOCRAT,BARACK OBAMA,2939,REPUBLICAN,MITT ROMNEY,4617,OTHER,OTHER,220,
ORANGE,2016,DEMOCRAT,HILLARY CLINTON,2048,REPUBLICAN,DONALD TRUMP,5803,OTHER,OTHER,341,
ORANGE,2020,DEMOCRAT,JOSEPH R BIDEN JR,2224,GREEN,OTHER,0,LIBERTARIAN,JO JORGENSEN,174,OTHER,OTHER,2,REPUBLICAN,DONALD J TRUMP,6432,
OWEN,2000,DEMOCRAT,AL GORE,2253,REPUBLICAN,GEORGE W. BUSH,4019,GREEN,RALPH NADER,85,OTHER,OTHER,146,
OWEN,2004,DEMOCRAT,JOHN KERRY,2536,REPUBLICAN,GEORGE W. BUSH,5000,OTHER,OTHER,68,
OWEN,2008,DEMOCRAT,BARACK OBAMA,3570,REPUBLICAN,JOHN MCCAIN,4415,OTHER,OTHER,185,
OWEN,2012,DEMOCRAT,BARACK OBAMA,2823,REPUBLICAN,MITT ROMNEY,5062,OTHER,OTHER,228,
OWEN,2016,DEMOCRAT,HILLARY CLINTON,1946,REPUBLICAN,DONALD TRUMP,6153,OTHER,OTHER,458,
OWEN,2020,DEMOCRAT,JOSEPH R BIDEN JR,2420,GREEN,OTHER,0,LIBERTARIAN,JO JORGENSEN,198,OTHER,OTHER,0,REPUBLICAN,DONALD J TRUMP,7286,
PARKE,2000,DEMOCRAT,AL GORE,2481,REPUBLICAN,GEORGE W. BUSH,3841,GREEN,RALPH NADER,20,OTHER,OTHER,105,
PARKE,2004,DEMOCRAT,JOHN KERRY,2362,REPUBLICAN,GEORGE W. BUSH,4550,OTHER,OTHER,59,
PARKE,2008,DEMOCRAT,BARACK OBAMA,2924,REPUBLICAN,JOHN MCCAIN,3909,OTHER,OTHER,131,
PARKE,2012,DEMOCRAT,BARACK OBAMA,2110,REPUBLICAN,MITT ROMNEY,4234,OTHER,OTHER,171,
PARKE,2016,DEMOCRAT,HILLARY CLINTON,1441,REPUBLICAN,DONALD TRUMP,4863,OTHER,OTHER,278,
PARKE,2020,DEMOCRAT,JOSEPH R BIDEN JR,1503,GREEN,OTHER,0,LIBERTARIAN,JO JORGENSEN,110,OTHER,OTHER,0,REPUBLICAN,DONALD J TRUMP,5400,
PERRY,2000,DEMOCRAT,AL GORE,3823,REPUBLICAN,GEORGE W. BUSH,3461,GREEN,RALPH NADER,26,OTHER,OTHER,77,
PERRY,2004,DEMOCRAT,JOHN KERRY,4131,REPUBLICAN,GEORGE W. BUSH,4137,OTHER,OTHER,47,
PERRY,2008,DEMOCRAT,BARACK OBAMA,5141,REPUBLICAN,JOHN MCCAIN,3202,OTHER,OTHER,147,
PERRY,2012,DEMOCRAT,BARACK OBAMA,4316,REPUBLICAN,MITT ROMNEY,3403,OTHER,OTHER,156,
PERRY,2016,DEMOCRAT,HILLARY CLINTON,3062,REPUBLICAN,DONALD TRUMP,4556,OTHER,OTHER,437,
PERRY,2020,DEMOCRAT,JOSEPH R BIDEN JR,3203,GREEN,OTHER,0,LIBERTARIAN,JO JORGENSEN,174,OTHER,OTHER,0,REPUBLICAN,DONALD J TRUMP,5345,
PIKE,2000,DEMOCRAT,AL GORE,2605,REPUBLICAN,GEORGE W. BUSH,3566,GREEN,RALPH NADER,3,OTHER,OTHER,128,
PIKE,2004,DEMOCRAT,JOHN KERRY,2418,REPUBLICAN,GEORGE W. BUSH,3745,OTHER,OTHER,49,
PIKE,2008,DEMOCRAT,BARACK OBAMA,2700,REPUBLICAN,JOHN MCCAIN,3221,OTHER,OTHER,107,
PIKE,2012,DEMOCRAT,BARACK OBAMA,2125,REPUBLICAN,MITT ROMNEY,3627,OTHER,OTHER,174,
PIKE,2016,DEMOCRAT,HILLARY CLINTON,1297,REPUBLICAN,DONALD TRUMP,4398,OTHER,OTHER,282,
PIKE,2020,DEMOCRAT,JOSEPH R BIDEN JR,1415,GREEN,OTHER,0,LIBERTARIAN,JO JORGENSEN,113,OTHER,OTHER,0,REPUBLICAN,DONALD J TRUMP,4692,
PORTER,2000,DEMOCRAT,AL GORE,26790,REPUBLICAN,GEORGE W. BUSH,31157,GREEN,RALPH NADER,592,OTHER,OTHER,839,
PORTER,2004,DEMOCRAT,JOHN KERRY,29388,REPUBLICAN,GEORGE W. BUSH,34794,OTHER,OTHER,691,
PORTER,2008,DEMOCRAT,BARACK OBAMA,39178,REPUBLICAN,JOHN MCCAIN,33857,OTHER,OTHER,881,
PORTER,2012,DEMOCRAT,BARACK OBAMA,37252,REPUBLICAN,MITT ROMNEY,34406,OTHER,OTHER,1381,
PORTER,2016,DEMOCRAT,HILLARY CLINTON,33676,REPUBLICAN,DONALD TRUMP,38832,OTHER,OTHER,4682,
PORTER,2020,DEMOCRAT,JOSEPH R BIDEN JR,39746,GREEN,OTHER,66,LIBERTARIAN,JO JORGENSEN,1656,OTHER,OTHER,33,REPUBLICAN,DONALD J TRUMP,45008,
POSEY,2000,DEMOCRAT,AL GORE,4430,REPUBLICAN,GEORGE W. BUSH,6498,GREEN,RALPH NADER,52,OTHER,OTHER,130,
POSEY,2004,DEMOCRAT,JOHN KERRY,4085,REPUBLICAN,GEORGE W. BUSH,7833,OTHER,OTHER,68,
POSEY,2008,DEMOCRAT,BARACK OBAMA,5828,REPUBLICAN,JOHN MCCAIN,6804,OTHER,OTHER,139,
POSEY,2012,DEMOCRAT,BARACK OBAMA,4533,REPUBLICAN,MITT ROMNEY,7430,OTHER,OTHER,263,
POSEY,2016,DEMOCRAT,HILLARY CLINTON,3521,REPUBLICAN,DONALD TRUMP,8404,OTHER,OTHER,542,
POSEY,2020,DEMOCRAT,JOSEPH R BIDEN JR,3811,GREEN,OTHER,2,LIBERTARIAN,JO JORGENSEN,214,OTHER,OTHER,3,REPUBLICAN,DONALD J TRUMP,9206,
PULASKI,2000,DEMOCRAT,AL GORE,1919,REPUBLICAN,GEORGE W. BUSH,3497,GREEN,RALPH NADER,17,OTHER,OTHER,85,
PULASKI,2004,DEMOCRAT,JOHN KERRY,1750,REPUBLICAN,GEORGE W. BUSH,3797,OTHER,OTHER,67,
PULASKI,2008,DEMOCRAT,BARACK OBAMA,2466,REPUBLICAN,JOHN MCCAIN,3388,OTHER,OTHER,110,
PULASKI,2012,DEMOCRAT,BARACK OBAMA,1899,REPUBLICAN,MITT ROMNEY,3366,OTHER,OTHER,134,
PULASKI,2016,DEMOCRAT,HILLARY CLINTON,1327,REPUBLICAN,DONALD TRUMP,3854,OTHER,OTHER,278,
PULASKI,2020,DEMOCRAT,JOSEPH R BIDEN JR,1463,GREEN,OTHER,0,LIBERTARIAN,JO JORGENSEN,97,OTHER,OTHER,0,REPUBLICAN,DONALD J TRUMP,4246,
PUTNAM,2000,DEMOCRAT,AL GORE,4123,REPUBLICAN,GEORGE W. BUSH,7352,GREEN,RALPH NADER,144,OTHER,OTHER,252,
PUTNAM,2004,DEMOCRAT,JOHN KERRY,4103,REPUBLICAN,GEORGE W. BUSH,8908,OTHER,OTHER,125,
PUTNAM,2008,DEMOCRAT,BARACK OBAMA,6334,REPUBLICAN,JOHN MCCAIN,8086,OTHER,OTHER,226,
PUTNAM,2012,DEMOCRAT,BARACK OBAMA,4507,REPUBLICAN,MITT ROMNEY,9005,OTHER,OTHER,317,
PUTNAM,2016,DEMOCRAT,HILLARY CLINTON,3356,REPUBLICAN,DONALD TRUMP,10637,OTHER,OTHER,722,
PUTNAM,2020,DEMOCRAT,JOSEPH R BIDEN JR,3946,GREEN,OTHER,0,LIBERTARIAN,JO JORGENSEN,371,OTHER,OTHER,2,REPUBLICAN,DONALD J TRUMP,12278,
RANDOLPH,2000,DEMOCRAT,AL GORE,3906,REPUBLICAN,GEORGE W. BUSH,6020,GREEN,RALPH NADER,20,OTHER,OTHER,186,
RANDOLPH,2004,DEMOCRAT,JOHN KERRY,3812,REPUBLICAN,GEORGE W. BUSH,7172,OTHER,OTHER,108,
RANDOLPH,2008,DEMOCRAT,BARACK OBAMA,4839,REPUBLICAN,JOHN MCCAIN,5788,OTHER,OTHER,181,
RANDOLPH,2012,DEMOCRAT,BARACK OBAMA,3769,REPUBLICAN,MITT ROMNEY,6218,OTHER,OTHER,202,
RANDOLPH,2016,DEMOCRAT,HILLARY CLINTON,2446,REPUBLICAN,DONALD TRUMP,7517,OTHER,OTHER,495,
RANDOLPH,2020,DEMOCRAT,JOSEPH R BIDEN JR,2513,GREEN,OTHER,1,LIBERTARIAN,JO JORGENSEN,243,OTHER,OTHER,1,REPUBLICAN,DONALD J TRUMP,8312,
RIPLEY,2000,DEMOCRAT,AL GORE,3498,REPUBLICAN,GEORGE W. BUSH,6988,GREEN,RALPH NADER,23,OTHER,OTHER,166,
RIPLEY,2004,DEMOCRAT,JOHN KERRY,3510,REPUBLICAN,GEORGE W. BUSH,8224,OTHER,OTHER,100,
RIPLEY,2008,DEMOCRAT,BARACK OBAMA,4187,REPUBLICAN,JOHN MCCAIN,7794,OTHER,OTHER,207,
RIPLEY,2012,DEMOCRAT,BARACK OBAMA,3241,REPUBLICAN,MITT ROMNEY,7484,OTHER,OTHER,258,
RIPLEY,2016,DEMOCRAT,HILLARY CLINTON,2471,REPUBLICAN,DONALD TRUMP,9806,OTHER,OTHER,533,
RIPLEY,2020,DEMOCRAT,JOSEPH R BIDEN JR,2774,GREEN,OTHER,4,LIBERTARIAN,JO JORGENSEN,229,OTHER,OTHER,3,REPUBLICAN,DONALD J TRUMP,11261,
RUSH,2000,DEMOCRAT,AL GORE,2370,REPUBLICAN,GEORGE W. BUSH,4749,GREEN,RALPH NADER,21,OTHER,OTHER,144,
RUSH,2004,DEMOCRAT,JOHN KERRY,2000,REPUBLICAN,GEORGE W. BUSH,5363,OTHER,OTHER,58,
RUSH,2008,DEMOCRAT,BARACK OBAMA,3229,REPUBLICAN,JOHN MCCAIN,4271,OTHER,OTHER,129,
RUSH,2012,DEMOCRAT,BARACK OBAMA,2221,REPUBLICAN,MITT ROMNEY,4633,OTHER,OTHER,172,
RUSH,2016,DEMOCRAT,HILLARY CLINTON,1525,REPUBLICAN,DONALD TRUMP,5292,OTHER,OTHER,397,
RUSH,2020,DEMOCRAT,JOSEPH R BIDEN JR,1754,GREEN,OTHER,0,LIBERTARIAN,JO JORGENSEN,143,OTHER,OTHER,0,REPUBLICAN,DONALD J TRUMP,6035,
ST. JOSEPH,2000,DEMOCRAT,AL GORE,47703,REPUBLICAN,GEORGE W. BUSH,47581,GREEN,RALPH NADER,905,OTHER,OTHER,1285,
ST. JOSEPH,2004,DEMOCRAT,JOHN KERRY,52637,REPUBLICAN,GEORGE W. BUSH,55254,OTHER,OTHER,728,
ST. JOSEPH,2008,DEMOCRAT,BARACK OBAMA,68710,REPUBLICAN,JOHN MCCAIN,48510,OTHER,OTHER,1169,
ST. JOSEPH,2012,DEMOCRAT,BARACK OBAMA,56460,REPUBLICAN,MITT ROMNEY,52578,OTHER,OTHER,1666,
ST. JOSEPH,2016,DEMOCRAT,HILLARY CLINTON,52252,REPUBLICAN,DONALD TRUMP,52021,OTHER,OTHER,5787,
ST. JOSEPH,2020,DEMOCRAT,JOSEPH R BIDEN JR,59896,GREEN,OTHER,55,LIBERTARIAN,JO JORGENSEN,1925,OTHER,OTHER,198,REPUBLICAN,DONALD J TRUMP,53164,
SCOTT,2000,DEMOCRAT,AL GORE,3915,REPUBLICAN,GEORGE W. BUSH,3761,GREEN,RALPH NADER,40,OTHER,OTHER,130,
SCOTT,2004,DEMOCRAT,JOHN KERRY,3822,REPUBLICAN,GEORGE W. BUSH,4793,OTHER,OTHER,62,
SCOTT,2008,DEMOCRAT,BARACK OBAMA,4271,REPUBLICAN,JOHN MCCAIN,4445,OTHER,OTHER,161,
SCOTT,2012,DEMOCRAT,BARACK OBAMA,3998,REPUBLICAN,MITT ROMNEY,4539,OTHER,OTHER,183,
SCOTT,2016,DEMOCRAT,HILLARY CLINTON,2642,REPUBLICAN,DONALD TRUMP,6074,OTHER,OTHER,385,
SCOTT,2020,DEMOCRAT,JOSEPH R BIDEN JR,2701,GREEN,OTHER,1,LIBERTARIAN,JO JORGENSEN,134,OTHER,OTHER,0,REPUBLICAN,DONALD J TRUMP,7331,
SHELBY,2000,DEMOCRAT,AL GORE,5374,REPUBLICAN,GEORGE W. BUSH,9590,GREEN,RALPH NADER,71,OTHER,OTHER,275,
SHELBY,2004,DEMOCRAT,JOHN KERRY,4519,REPUBLICAN,GEORGE W. BUSH,11397,OTHER,OTHER,111,
SHELBY,2008,DEMOCRAT,BARACK OBAMA,6987,REPUBLICAN,JOHN MCCAIN,10333,OTHER,OTHER,254,
SHELBY,2012,DEMOCRAT,BARACK OBAMA,5359,REPUBLICAN,MITT ROMNEY,10978,OTHER,OTHER,423,
SHELBY,2016,DEMOCRAT,HILLARY CLINTON,4247,REPUBLICAN,DONALD TRUMP,12718,OTHER,OTHER,1029,
SHELBY,2020,DEMOCRAT,JOSEPH R BIDEN JR,5023,GREEN,OTHER,0,LIBERTARIAN,JO JORGENSEN,400,OTHER,OTHER,0,REPUBLICAN,DONALD J TRUMP,14568,
SPENCER,2000,DEMOCRAT,AL GORE,3752,REPUBLICAN,GEORGE W. BUSH,5096,GREEN,RALPH NADER,42,OTHER,OTHER,97,
SPENCER,2004,DEMOCRAT,JOHN KERRY,3920,REPUBLICAN,GEORGE W. BUSH,5934,OTHER,OTHER,70,
SPENCER,2008,DEMOCRAT,BARACK OBAMA,5039,REPUBLICAN,JOHN MCCAIN,5001,OTHER,OTHER,141,
SPENCER,2012,DEMOCRAT,BARACK OBAMA,4026,REPUBLICAN,MITT ROMNEY,5515,OTHER,OTHER,187,
SPENCER,2016,DEMOCRAT,HILLARY CLINTON,2861,REPUBLICAN,DONALD TRUMP,6572,OTHER,OTHER,546,
SPENCER,2020,DEMOCRAT,JOSEPH R BIDEN JR,3213,GREEN,OTHER,0,LIBERTARIAN,JO JORGENSEN,199,OTHER,OTHER,0,REPUBLICAN,DONALD J TRUMP,7357,
STARKE,2000,DEMOCRAT,AL GORE,4136,REPUBLICAN,GEORGE W. BUSH,4349,GREEN,RALPH NADER,27,OTHER,OTHER,189,
STARKE,2004,DEMOCRAT,JOHN KERRY,3987,REPUBLICAN,GEORGE W. BUSH,4846,OTHER,OTHER,104,
STARKE,2008,DEMOCRAT,BARACK OBAMA,4778,REPUBLICAN,JOHN MCCAIN,4473,OTHER,OTHER,215,
STARKE,2012,DEMOCRAT,BARACK OBAMA,3809,REPUBLICAN,MITT ROMNEY,4738,OTHER,OTHER,207,
STARKE,2016,DEMOCRAT,HILLARY CLINTON,2489,REPUBLICAN,DONALD TRUMP,6367,OTHER,OTHER,370,
STARKE,2020,DEMOCRAT,JOSEPH R BIDEN JR,2650,GREEN,OTHER,0,LIBERTARIAN,JO JORGENSEN,174,OTHER,OTHER,0,REPUBLICAN,DONALD J TRUMP,7466,
STEUBEN,2000,DEMOCRAT,AL GORE,4103,REPUBLICAN,GEORGE W. BUSH,6953,GREEN,RALPH NADER,40,OTHER,OTHER,181,
STEUBEN,2004,DEMOCRAT,JOHN KERRY,4345,REPUBLICAN,GEORGE W. BUSH,8433,OTHER,OTHER,127,
STEUBEN,2008,DEMOCRAT,BARACK OBAMA,6284,REPUBLICAN,JOHN MCCAIN,7674,OTHER,OTHER,188,
STEUBEN,2012,DEMOCRAT,BARACK OBAMA,4853,REPUBLICAN,MITT ROMNEY,8547,OTHER,OTHER,295,
STEUBEN,2016,DEMOCRAT,HILLARY CLINTON,3744,REPUBLICAN,DONALD TRUMP,10133,OTHER,OTHER,689,
STEUBEN,2020,DEMOCRAT,JOSEPH R BIDEN JR,4513,GREEN,OTHER,7,LIBERTARIAN,JO JORGENSEN,312,OTHER,OTHER,3,REPUBLICAN,DONALD J TRUMP,11327,
SULLIVAN,2000,DEMOCRAT,AL GORE,3833,REPUBLICAN,GEORGE W. BUSH,4319,GREEN,RALPH NADER,4,OTHER,OTHER,106,
SULLIVAN,2004,DEMOCRAT,JOHN KERRY,3341,REPUBLICAN,GEORGE W. BUSH,4999,OTHER,OTHER,54,
SULLIVAN,2008,DEMOCRAT,BARACK OBAMA,4284,REPUBLICAN,JOHN MCCAIN,4343,OTHER,OTHER,155,
SULLIVAN,2012,DEMOCRAT,BARACK OBAMA,3191,REPUBLICAN,MITT ROMNEY,4902,OTHER,OTHER,197,
SULLIVAN,2016,DEMOCRAT,HILLARY CLINTON,2113,REPUBLICAN,DONALD TRUMP,6138,OTHER,OTHER,308,
SULLIVAN,2020,DEMOCRAT,JOSEPH R BIDEN JR,2153,GREEN,OTHER,0,LIBERTARIAN,JO JORGENSEN,150,OTHER,OTHER,0,REPUBLICAN,DONALD J TRUMP,6691,
SWITZERLAND,2000,DEMOCRAT,AL GORE,1336,REPUBLICAN,GEORGE W. BUSH,1831,GREEN,RALPH NADER,15,OTHER,OTHER,57,
SWITZERLAND,2004,DEMOCRAT,JOHN KERRY,1479,REPUBLICAN,GEORGE W. BUSH,2161,OTHER,OTHER,31,
SWITZERLAND,2008,DEMOCRAT,BARACK OBAMA,1638,REPUBLICAN,JOHN MCCAIN,1940,OTHER,OTHER,62,
SWITZERLAND,2012,DEMOCRAT,BARACK OBAMA,1437,REPUBLICAN,MITT ROMNEY,1872,OTHER,OTHER,88,
SWITZERLAND,2016,DEMOCRAT,HILLARY CLINTON,930,REPUBLICAN,DONALD TRUMP,2558,OTHER,OTHER,211,
SWITZERLAND,2020,DEMOCRAT,JOSEPH R BIDEN JR,964,GREEN,OTHER,0,LIBERTARIAN,JO JORGENSEN,55,OTHER,OTHER,2,REPUBLICAN,DONALD J TRUMP,3133,
TIPPECANOE,2000,DEMOCRAT,AL GORE,18220,REPUBLICAN,GEORGE W. BUSH,26106,GREEN,RALPH NADER,1054,OTHER,OTHER,915,
TIPPECANOE,2004,DEMOCRAT,JOHN KERRY,20818,REPUBLICAN,GEORGE W. BUSH,30897,OTHER,OTHER,645,
TIPPECANOE,2008,DEMOCRAT,BARACK OBAMA,37781,REPUBLICAN,JOHN MCCAIN,29822,OTHER,OTHER,833,
TIPPECANOE,2012,DEMOCRAT,BARACK OBAMA,26711,REPUBLICAN,MITT ROMNEY,28757,OTHER,OTHER,1428,
TIPPECANOE,2016,DEMOCRAT,HILLARY CLINTON,27282,REPUBLICAN,DONALD TRUMP,30768,OTHER,OTHER,4465,
TIPPECANOE,2020,DEMOCRAT,JOSEPH R BIDEN JR,35017,GREEN,OTHER,10,LIBERTARIAN,JO JORGENSEN,1832,OTHER,OTHER,8,REPUBLICAN,DONALD J TRUMP,34581,
TIPTON,2000,DEMOCRAT,AL GORE,2392,REPUBLICAN,GEORGE W. BUSH,4784,GREEN,RALPH NADER,6,OTHER,OTHER,134,
TIPTON,2004,DEMOCRAT,JOHN KERRY,2203,REPUBLICAN,GEORGE W. BUSH,5628,OTHER,OTHER,61,
TIPTON,2008,DEMOCRAT,BARACK OBAMA,3250,REPUBLICAN,JOHN MCCAIN,4452,OTHER,OTHER,125,
TIPTON,2012,DEMOCRAT,BARACK OBAMA,2432,REPUBLICAN,MITT ROMNEY,4773,OTHER,OTHER,160,
TIPTON,2016,DEMOCRAT,HILLARY CLINTON,1587,REPUBLICAN,DONALD TRUMP,5589,OTHER,OTHER,334,
TIPTON,2020,DEMOCRAT,JOSEPH R BIDEN JR,1834,GREEN,OTHER,1,LIBERTARIAN,JO JORGENSEN,171,OTHER,OTHER,0,REPUBLICAN,DONALD J TRUMP,6110,
UNION,2000,DEMOCRAT,AL GORE,927,REPUBLICAN,GEORGE W. BUSH,1838,GREEN,RALPH NADER,11,OTHER,OTHER,52,
UNION,2004,DEMOCRAT,JOHN KERRY,1045,REPUBLICAN,GEORGE W. BUSH,2266,OTHER,OTHER,33,
UNION,2008,DEMOCRAT,BARACK OBAMA,1224,REPUBLICAN,JOHN MCCAIN,2061,OTHER,OTHER,63,
UNION,2012,DEMOCRAT,BARACK OBAMA,1018,REPUBLICAN,MITT ROMNEY,2022,OTHER,OTHER,60,
UNION,2016,DEMOCRAT,HILLARY CLINTON,715,REPUBLICAN,DONALD TRUMP,2445,OTHER,OTHER,131,
UNION,2020,DEMOCRAT,JOSEPH R BIDEN JR,736,GREEN,OTHER,0,LIBERTARIAN,JO JORGENSEN,59,OTHER,OTHER,0,REPUBLICAN,DONALD J TRUMP,2688,
VANDERBURGH,2000,DEMOCRAT,AL GORE,29222,REPUBLICAN,GEORGE W. BUSH,35846,GREEN,RALPH NADER,381,OTHER,OTHER,772,
VANDERBURGH,2004,DEMOCRAT,JOHN KERRY,28767,REPUBLICAN,GEORGE W. BUSH,41463,OTHER,OTHER,424,
VANDERBURGH,2008,DEMOCRAT,BARACK OBAMA,39423,REPUBLICAN,JOHN MCCAIN,37512,OTHER,OTHER,721,
VANDERBURGH,2012,DEMOCRAT,BARACK OBAMA,31725,REPUBLICAN,MITT ROMNEY,39389,OTHER,OTHER,1290,
VANDERBURGH,2016,DEMOCRAT,HILLARY CLINTON,28530,REPUBLICAN,DONALD TRUMP,40496,OTHER,OTHER,3481,
VANDERBURGH,2020,DEMOCRAT,JOSEPH R BIDEN JR,34415,GREEN,OTHER,45,LIBERTARIAN,JO JORGENSEN,1322,OTHER,OTHER,36,REPUBLICAN,DONALD J TRUMP,41844,
VERMILLION,2000,DEMOCRAT,AL GORE,3370,REPUBLICAN,GEORGE W. BUSH,3130,GREEN,RALPH NADER,13,OTHER,OTHER,120,
VERMILLION,2004,DEMOCRAT,JOHN KERRY,3424,REPUBLICAN,GEORGE W. BUSH,3536,OTHER,OTHER,57,
VERMILLION,2008,DEMOCRAT,BARACK OBAMA,4003,REPUBLICAN,JOHN MCCAIN,3010,OTHER,OTHER,122,
VERMILLION,2012,DEMOCRAT,BARACK OBAMA,2979,REPUBLICAN,MITT ROMNEY,3426,OTHER,OTHER,176,
VERMILLION,2016,DEMOCRAT,HILLARY CLINTON,2081,REPUBLICAN,DONALD TRUMP,4513,OTHER,OTHER,345,
VERMILLION,2020,DEMOCRAT,JOSEPH R BIDEN JR,2145,GREEN,OTHER,0,LIBERTARIAN,JO JORGENSEN,151,OTHER,OTHER,1,REPUBLICAN,DONALD J TRUMP,5184,
VIGO,2000,DEMOCRAT,AL GORE,17570,REPUBLICAN,GEORGE W. BUSH,18021,GREEN,RALPH NADER,158,OTHER,OTHER,479,
VIGO,2004,DEMOCRAT,JOHN KERRY,18426,REPUBLICAN,GEORGE W. BUSH,20988,OTHER,OTHER,330,
VIGO,2008,DEMOCRAT,BARACK OBAMA,25040,REPUBLICAN,JOHN MCCAIN,18121,OTHER,OTHER,545,
VIGO,2012,DEMOCRAT,BARACK OBAMA,19712,REPUBLICAN,MITT ROMNEY,19369,OTHER,OTHER,796,
VIGO,2016,DEMOCRAT,HILLARY CLINTON,15931,REPUBLICAN,DONALD TRUMP,21937,OTHER,OTHER,1950,
VIGO,2020,DEMOCRAT,JOSEPH R BIDEN JR,18123,GREEN,OTHER,15,LIBERTARIAN,JO JORGENSEN,900,OTHER,OTHER,11,REPUBLICAN,DONALD J TRUMP,24545,
WABASH,2000,DEMOCRAT,AL GORE,4277,REPUBLICAN,GEORGE W. BUSH,8321,GREEN,RALPH NADER,125,OTHER,OTHER,160,
WABASH,2004,DEMOCRAT,JOHN KERRY,3920,REPUBLICAN,GEORGE W. BUSH,9607,OTHER,OTHER,75,
WABASH,2008,DEMOCRAT,BARACK OBAMA,5456,REPUBLICAN,JOHN MCCAIN,8238,OTHER,OTHER,177,
WABASH,2012,DEMOCRAT,BARACK OBAMA,3973,REPUBLICAN,MITT ROMNEY,8644,OTHER,OTHER,257,
WABASH,2016,DEMOCRAT,HILLARY CLINTON,3018,REPUBLICAN,DONALD TRUMP,9821,OTHER,OTHER,629,
WABASH,2020,DEMOCRAT,JOSEPH R BIDEN JR,3494,GREEN,OTHER,1,LIBERTARIAN,JO JORGENSEN,317,OTHER,OTHER,2,REPUBLICAN,DONALD J TRUMP,10762,
WARREN,2000,DEMOCRAT,AL GORE,1471,REPUBLICAN,GEORGE W. BUSH,2218,GREEN,RALPH NADER,21,OTHER,OTHER,58,
WARREN,2004,DEMOCRAT,JOHN KERRY,1356,REPUBLICAN,GEORGE W. BUSH,2565,OTHER,OTHER,39,
WARREN,2008,DEMOCRAT,BARACK OBAMA,1755,REPUBLICAN,JOHN MCCAIN,2166,OTHER,OTHER,77,
WARREN,2012,DEMOCRAT,BARACK OBAMA,1324,REPUBLICAN,MITT ROMNEY,2377,OTHER,OTHER,99,
WARREN,2016,DEMOCRAT,HILLARY CLINTON,839,REPUBLICAN,DONALD TRUMP,2898,OTHER,OTHER,193,
WARREN,2020,DEMOCRAT,JOSEPH R BIDEN JR,974,GREEN,OTHER,0,LIBERTARIAN,JO JORGENSEN,96,OTHER,OTHER,1,REPUBLICAN,DONALD J TRUMP,3401,
WARRICK,2000,DEMOCRAT,AL GORE,8749,REPUBLICAN,GEORGE W. BUSH,13205,GREEN,RALPH NADER,105,OTHER,OTHER,250,
WARRICK,2004,DEMOCRAT,JOHN KERRY,8980,REPUBLICAN,GEORGE W. BUSH,16930,OTHER,OTHER,115,
WARRICK,2008,DEMOCRAT,BARACK OBAMA,12329,REPUBLICAN,JOHN MCCAIN,16013,OTHER,OTHER,323,
WARRICK,2012,DEMOCRAT,BARACK OBAMA,8793,REPUBLICAN,MITT ROMNEY,15351,OTHER,OTHER,486,
WARRICK,2016,DEMOCRAT,HILLARY CLINTON,9086,REPUBLICAN,DONALD TRUMP,19113,OTHER,OTHER,1390,
WARRICK,2020,DEMOCRAT,JOSEPH R BIDEN JR,11923,GREEN,OTHER,9,LIBERTARIAN,JO JORGENSEN,557,OTHER,OTHER,14,REPUBLICAN,DONALD J TRUMP,21326,
WASHINGTON,2000,DEMOCRAT,AL GORE,3675,REPUBLICAN,GEORGE W. BUSH,5868,GREEN,RALPH NADER,52,OTHER,OTHER,206,
WASHINGTON,2004,DEMOCRAT,JOHN KERRY,3879,REPUBLICAN,GEORGE W. BUSH,6915,OTHER,OTHER,86,
WASHINGTON,2008,DEMOCRAT,BARACK OBAMA,4562,REPUBLICAN,JOHN MCCAIN,6519,OTHER,OTHER,224,
WASHINGTON,2012,DEMOCRAT,BARACK OBAMA,3909,REPUBLICAN,MITT ROMNEY,6533,OTHER,OTHER,295,
WASHINGTON,2016,DEMOCRAT,HILLARY CLINTON,2636,REPUBLICAN,DONALD TRUMP,8209,OTHER,OTHER,537,
WASHINGTON,2020,DEMOCRAT,JOSEPH R BIDEN JR,2784,GREEN,OTHER,6,LIBERTARIAN,JO JORGENSEN,233,OTHER,OTHER,2,REPUBLICAN,DONALD J TRUMP,9114,
WAYNE,2000,DEMOCRAT,AL GORE,10273,REPUBLICAN,GEORGE W. BUSH,14273,GREEN,RALPH NADER,209,OTHER,OTHER,396,
WAYNE,2004,DEMOCRAT,JOHN KERRY,10775,REPUBLICAN,GEORGE W. BUSH,16586,OTHER,OTHER,296,
WAYNE,2008,DEMOCRAT,BARACK OBAMA,13459,REPUBLICAN,JOHN MCCAIN,14558,OTHER,OTHER,545,
WAYNE,2012,DEMOCRAT,BARACK OBAMA,10591,REPUBLICAN,MITT ROMNEY,14321,OTHER,OTHER,565,
WAYNE,2016,DEMOCRAT,HILLARY CLINTON,8322,REPUBLICAN,DONALD TRUMP,16028,OTHER,OTHER,1229,
WAYNE,2020,DEMOCRAT,JOSEPH R BIDEN JR,9524,GREEN,OTHER,14,LIBERTARIAN,JO JORGENSEN,571,OTHER,OTHER,3,REPUBLICAN,DONALD J TRUMP,17567,
WELLS,2000,DEMOCRAT,AL GORE,3319,REPUBLICAN,GEORGE W. BUSH,7755,GREEN,RALPH NADER,30,OTHER,OTHER,177,
WELLS,2004,DEMOCRAT,JOHN KERRY,3112,REPUBLICAN,GEORGE W. BUSH,9168,OTHER,OTHER,74,
WELLS,2008,DEMOCRAT,BARACK OBAMA,4403,REPUBLICAN,JOHN MCCAIN,8504,OTHER,OTHER,166,
WELLS,2012,DEMOCRAT,BARACK OBAMA,3436,REPUBLICAN,MITT ROMNEY,9256,OTHER,OTHER,243,
WELLS,2016,DEMOCRAT,HILLARY CLINTON,2586,REPUBLICAN,DONALD TRUMP,10005,OTHER,OTHER,594,
WELLS,2020,DEMOCRAT,JOSEPH R BIDEN JR,2928,GREEN,OTHER,2,LIBERTARIAN,JO JORGENSEN,261,OTHER,OTHER,4,REPUBLICAN,DONALD J TRUMP,10855,
WHITE,2000,DEMOCRAT,AL GORE,3655,REPUBLICAN,GEORGE W. BUSH,6037,GREEN,RALPH NADER,39,OTHER,OTHER,173,
WHITE,2004,DEMOCRAT,JOHN KERRY,3277,REPUBLICAN,GEORGE W. BUSH,6974,OTHER,OTHER,115,
WHITE,2008,DEMOCRAT,BARACK OBAMA,4839,REPUBLICAN,JOHN MCCAIN,5731,OTHER,OTHER,197,
WHITE,2012,DEMOCRAT,BARACK OBAMA,3637,REPUBLICAN,MITT ROMNEY,5970,OTHER,OTHER,296,
WHITE,2016,DEMOCRAT,HILLARY CLINTON,2590,REPUBLICAN,DONALD TRUMP,6893,OTHER,OTHER,570,
WHITE,2020,DEMOCRAT,JOSEPH R BIDEN JR,3032,GREEN,OTHER,2,LIBERTARIAN,JO JORGENSEN,170,OTHER,OTHER,5,REPUBLICAN,DONALD J TRUMP,7957,
WHITLEY,2000,DEMOCRAT,AL GORE,4107,REPUBLICAN,GEORGE W. BUSH,8080,GREEN,RALPH NADER,30,OTHER,OTHER,215,
WHITLEY,2004,DEMOCRAT,JOHN KERRY,3880,REPUBLICAN,GEORGE W. BUSH,9512,OTHER,OTHER,89,
WHITLEY,2008,DEMOCRAT,BARACK OBAMA,5862,REPUBLICAN,JOHN MCCAIN,9124,OTHER,OTHER,202,
WHITLEY,2012,DEMOCRAT,BARACK OBAMA,4420,REPUBLICAN,MITT ROMNEY,10258,OTHER,OTHER,333,
WHITLEY,2016,DEMOCRAT,HILLARY CLINTON,3379,REPUBLICAN,DONALD TRUMP,11358,OTHER,OTHER,886,
WHITLEY,2020,DEMOCRAT,JOSEPH R BIDEN JR,4234,GREEN,OTHER,3,LIBERTARIAN,JO JORGENSEN,453,OTHER,OTHER,4,REPUBLICAN,DONALD J TRUMP,12862,
