ADAIR,2000,DEMOCRAT,AL GORE,1753,REPUBLICAN,GEORGE W. BUSH,2275,GREEN,RALPH NADER,66,OTHER,OTHER,29,
ADAIR,2004,DEMOCRAT,JOHN KERRY,1844,REPUBLICAN,GEORGE W. BUSH,2402,OTHER,OTHER,32,
ADAIR,2008,DEMOCRAT,BARACK OBAMA,1924,REPUBLICAN,JOHN MCCAIN,2060,OTHER,OTHER,69,
ADAIR,2012,DEMOCRAT,BARACK OBAMA,1790,REPUBLICAN,MITT ROMNEY,2114,OTHER,OTHER,92,
ADAIR,2016,DEMOCRAT,HILLARY CLINTON,1133,REPUBLICAN,DONALD TRUMP,2461,OTHER,OTHER,217,
ADAIR,2020,DEMOCRAT,JOSEPH R BIDEN JR,823,DEMOCRAT,JOSEPH R BIDEN JR,375,GREEN,OTHER,3,GREEN,OTHER,1,LIBERTARIAN,JO JORGENSEN,14,LIBERTARIAN,JO JORGENSEN,21,OTHER,OTHER,12,OTHER,OTHER,6,REPUBLICAN,DONALD J TRUMP,1205,REPUBLICAN,DONALD J TRUMP,1717,
ADAMS,2000,DEMOCRAT,AL GORE,897,REPUBLICAN,GEORGE W. BUSH,1170,GREEN,RALPH NADER,51,OTHER,OTHER,27,
ADAMS,2004,DEMOCRAT,JOHN KERRY,977,REPUBLICAN,GEORGE W. BUSH,1317,OTHER,OTHER,31,
ADAMS,2008,DEMOCRAT,BARACK OBAMA,1118,REPUBLICAN,JOHN MCCAIN,1046,OTHER,OTHER,42,
ADAMS,2012,DEMOCRAT,BARACK OBAMA,1028,REPUBLICAN,MITT ROMNEY,1108,OTHER,OTHER,49,
ADAMS,2016,DEMOCRAT,HILLARY CLINTON,565,REPUBLICAN,DONALD TRUMP,1395,OTHER,OTHER,146,
ADAMS,2020,DEMOCRAT,JOSEPH R BIDEN JR,437,DEMOCRAT,JOSEPH R BIDEN JR,153,GREEN,OTHER,0,GREEN,OTHER,1,LIBERTARIAN,JO JORGENSEN,12,LIBERTARIAN,JO JORGENSEN,15,OTHER,OTHER,6,OTHER,OTHER,1,REPUBLICAN,DONALD J TRUMP,781,REPUBLICAN,DONALD J TRUMP,754,
ALLAMAKEE,2000,DEMOCRAT,AL GORE,2883,REPUBLICAN,GEORGE W. BUSH,3277,GREEN,RALPH NADER,199,OTHER,OTHER,103,
ALLAMAKEE,2004,DEMOCRAT,JOHN KERRY,3449,REPUBLICAN,GEORGE W. BUSH,3530,OTHER,OTHER,83,
ALLAMAKEE,2008,DEMOCRAT,BARACK OBAMA,3971,REPUBLICAN,JOHN MCCAIN,2965,OTHER,OTHER,123,
ALLAMAKEE,2012,DEMOCRAT,BARACK OBAMA,3553,REPUBLICAN,MITT ROMNEY,3264,OTHER,OTHER,117,
ALLAMAKEE,2016,DEMOCRAT,HILLARY CLINTON,2421,REPUBLICAN,DONALD TRUMP,4093,OTHER,OTHER,409,
ALLAMAKEE,2020,DEMOCRAT,JOSEPH R BIDEN JR,2068,DEMOCRAT,JOSEPH R BIDEN JR,508,GREEN,OTHER,3,GREEN,OTHER,1,LIBERTARIAN,JO JORGENSEN,28,LIBERTARIAN,JO JORGENSEN,43,OTHER,OTHER,18,OTHER,OTHER,9,REPUBLICAN,DONALD J TRUMP,2699,REPUBLICAN,DONALD J TRUMP,2045,
APPANOOSE,2000,DEMOCRAT,AL GORE,2560,REPUBLICAN,GEORGE W. BUSH,2992,GREEN,RALPH NADER,105,OTHER,OTHER,47,
APPANOOSE,2004,DEMOCRAT,JOHN KERRY,3063,REPUBLICAN,GEORGE W. BUSH,3340,OTHER,OTHER,47,
APPANOOSE,2008,DEMOCRAT,BARACK OBAMA,2970,REPUBLICAN,JOHN MCCAIN,3086,OTHER,OTHER,120,
APPANOOSE,2012,DEMOCRAT,BARACK OBAMA,2951,REPUBLICAN,MITT ROMNEY,3161,OTHER,OTHER,133,
APPANOOSE,2016,DEMOCRAT,HILLARY CLINTON,1814,REPUBLICAN,DONALD TRUMP,4033,OTHER,OTHER,289,
APPANOOSE,2020,DEMOCRAT,JOSEPH R BIDEN JR,1348,DEMOCRAT,JOSEPH R BIDEN JR,543,GREEN,OTHER,6,GREEN,OTHER,3,LIBERTARIAN,JO JORGENSEN,29,LIBERTARIAN,JO JORGENSEN,43,OTHER,OTHER,7,OTHER,OTHER,15,REPUBLICAN,DONALD J TRUMP,1830,REPUBLICAN,DONALD J TRUMP,2692,
AUDUBON,2000,DEMOCRAT,AL GORE,1780,REPUBLICAN,GEORGE W. BUSH,1909,GREEN,RALPH NADER,56,OTHER,OTHER,39,
AUDUBON,2004,DEMOCRAT,JOHN KERRY,1608,REPUBLICAN,GEORGE W. BUSH,1958,OTHER,OTHER,26,
AUDUBON,2008,DEMOCRAT,BARACK OBAMA,1739,REPUBLICAN,JOHN MCCAIN,1634,OTHER,OTHER,62,
AUDUBON,2012,DEMOCRAT,BARACK OBAMA,1611,REPUBLICAN,MITT ROMNEY,1802,OTHER,OTHER,44,
AUDUBON,2016,DEMOCRAT,HILLARY CLINTON,1080,REPUBLICAN,DONALD TRUMP,2136,OTHER,OTHER,196,
AUDUBON,2020,DEMOCRAT,JOSEPH R BIDEN JR,808,DEMOCRAT,JOSEPH R BIDEN JR,263,GREEN,OTHER,2,GREEN,OTHER,5,LIBERTARIAN,JO JORGENSEN,15,LIBERTARIAN,JO JORGENSEN,17,OTHER,OTHER,7,OTHER,OTHER,4,REPUBLICAN,DONALD J TRUMP,1197,REPUBLICAN,DONALD J TRUMP,1102,
BENTON,2000,DEMOCRAT,AL GORE,5915,REPUBLICAN,GEORGE W. BUSH,5468,GREEN,RALPH NADER,231,OTHER,OTHER,152,
BENTON,2004,DEMOCRAT,JOHN KERRY,6747,REPUBLICAN,GEORGE W. BUSH,6658,OTHER,OTHER,96,
BENTON,2008,DEMOCRAT,BARACK OBAMA,7058,REPUBLICAN,JOHN MCCAIN,6447,OTHER,OTHER,207,
BENTON,2012,DEMOCRAT,BARACK OBAMA,6862,REPUBLICAN,MITT ROMNEY,6940,OTHER,OTHER,221,
BENTON,2016,DEMOCRAT,HILLARY CLINTON,4678,REPUBLICAN,DONALD TRUMP,8232,OTHER,OTHER,934,
BENTON,2020,DEMOCRAT,JOSEPH R BIDEN JR,3218,DEMOCRAT,JOSEPH R BIDEN JR,1942,GREEN,OTHER,14,GREEN,OTHER,15,LIBERTARIAN,JO JORGENSEN,68,LIBERTARIAN,JO JORGENSEN,118,OTHER,OTHER,28,OTHER,OTHER,31,REPUBLICAN,DONALD J TRUMP,3127,REPUBLICAN,DONALD J TRUMP,6081,
BLACK HAWK,2000,DEMOCRAT,AL GORE,30112,REPUBLICAN,GEORGE W. BUSH,23468,GREEN,RALPH NADER,1132,OTHER,OTHER,373,
BLACK HAWK,2004,DEMOCRAT,JOHN KERRY,35392,REPUBLICAN,GEORGE W. BUSH,28046,OTHER,OTHER,469,
BLACK HAWK,2008,DEMOCRAT,BARACK OBAMA,39184,REPUBLICAN,JOHN MCCAIN,24662,OTHER,OTHER,929,
BLACK HAWK,2012,DEMOCRAT,BARACK OBAMA,39821,REPUBLICAN,MITT ROMNEY,26235,OTHER,OTHER,1085,
BLACK HAWK,2016,DEMOCRAT,HILLARY CLINTON,32233,REPUBLICAN,DONALD TRUMP,27476,OTHER,OTHER,4696,
BLACK HAWK,2020,DEMOCRAT,JOSEPH R BIDEN JR,26451,DEMOCRAT,JOSEPH R BIDEN JR,9196,GREEN,OTHER,50,GREEN,OTHER,53,LIBERTARIAN,JO JORGENSEN,315,LIBERTARIAN,JO JORGENSEN,407,OTHER,OTHER,162,OTHER,OTHER,146,REPUBLICAN,DONALD J TRUMP,13892,REPUBLICAN,DONALD J TRUMP,15921,
BOONE,2000,DEMOCRAT,AL GORE,6270,REPUBLICAN,GEORGE W. BUSH,5625,GREEN,RALPH NADER,252,OTHER,OTHER,102,
BOONE,2004,DEMOCRAT,JOHN KERRY,7027,REPUBLICAN,GEORGE W. BUSH,6870,OTHER,OTHER,112,
BOONE,2008,DEMOCRAT,BARACK OBAMA,7356,REPUBLICAN,JOHN MCCAIN,6293,OTHER,OTHER,280,
BOONE,2012,DEMOCRAT,BARACK OBAMA,7512,REPUBLICAN,MITT ROMNEY,6556,OTHER,OTHER,320,
BOONE,2016,DEMOCRAT,HILLARY CLINTON,5541,REPUBLICAN,DONALD TRUMP,7484,OTHER,OTHER,1171,
BOONE,2020,DEMOCRAT,JOSEPH R BIDEN JR,4982,DEMOCRAT,JOSEPH R BIDEN JR,1321,GREEN,OTHER,13,GREEN,OTHER,11,LIBERTARIAN,JO JORGENSEN,84,LIBERTARIAN,JO JORGENSEN,114,OTHER,OTHER,51,OTHER,OTHER,35,REPUBLICAN,DONALD J TRUMP,4364,REPUBLICAN,DONALD J TRUMP,4365,
BREMER,2000,DEMOCRAT,AL GORE,5169,REPUBLICAN,GEORGE W. BUSH,5675,GREEN,RALPH NADER,260,OTHER,OTHER,71,
BREMER,2004,DEMOCRAT,JOHN KERRY,6025,REPUBLICAN,GEORGE W. BUSH,6665,OTHER,OTHER,89,
BREMER,2008,DEMOCRAT,BARACK OBAMA,6940,REPUBLICAN,JOHN MCCAIN,5741,OTHER,OTHER,190,
BREMER,2012,DEMOCRAT,BARACK OBAMA,6763,REPUBLICAN,MITT ROMNEY,6405,OTHER,OTHER,178,
BREMER,2016,DEMOCRAT,HILLARY CLINTON,5356,REPUBLICAN,DONALD TRUMP,7208,OTHER,OTHER,974,
BREMER,2020,DEMOCRAT,JOSEPH R BIDEN JR,4497,DEMOCRAT,JOSEPH R BIDEN JR,1461,GREEN,OTHER,10,GREEN,OTHER,14,LIBERTARIAN,JO JORGENSEN,74,LIBERTARIAN,JO JORGENSEN,111,OTHER,OTHER,35,OTHER,OTHER,20,REPUBLICAN,DONALD J TRUMP,3749,REPUBLICAN,DONALD J TRUMP,4575,
BUCHANAN,2000,DEMOCRAT,AL GORE,5045,REPUBLICAN,GEORGE W. BUSH,4092,GREEN,RALPH NADER,171,OTHER,OTHER,102,
BUCHANAN,2004,DEMOCRAT,JOHN KERRY,5608,REPUBLICAN,GEORGE W. BUSH,4797,OTHER,OTHER,70,
BUCHANAN,2008,DEMOCRAT,BARACK OBAMA,6050,REPUBLICAN,JOHN MCCAIN,4139,OTHER,OTHER,149,
BUCHANAN,2012,DEMOCRAT,BARACK OBAMA,5911,REPUBLICAN,MITT ROMNEY,4450,OTHER,OTHER,174,
BUCHANAN,2016,DEMOCRAT,HILLARY CLINTON,3970,REPUBLICAN,DONALD TRUMP,5510,OTHER,OTHER,772,
BUCHANAN,2020,DEMOCRAT,JOSEPH R BIDEN JR,2962,DEMOCRAT,JOSEPH R BIDEN JR,1207,GREEN,OTHER,10,GREEN,OTHER,10,LIBERTARIAN,JO JORGENSEN,30,LIBERTARIAN,JO JORGENSEN,66,OTHER,OTHER,30,OTHER,OTHER,29,REPUBLICAN,DONALD J TRUMP,2517,REPUBLICAN,DONALD J TRUMP,3913,
BUENA VISTA,2000,DEMOCRAT,AL GORE,3297,REPUBLICAN,GEORGE W. BUSH,4354,GREEN,RALPH NADER,227,OTHER,OTHER,99,
BUENA VISTA,2004,DEMOCRAT,JOHN KERRY,3520,REPUBLICAN,GEORGE W. BUSH,4887,OTHER,OTHER,83,
BUENA VISTA,2008,DEMOCRAT,BARACK OBAMA,4075,REPUBLICAN,JOHN MCCAIN,4223,OTHER,OTHER,120,
BUENA VISTA,2012,DEMOCRAT,BARACK OBAMA,3700,REPUBLICAN,MITT ROMNEY,4554,OTHER,OTHER,129,
BUENA VISTA,2016,DEMOCRAT,HILLARY CLINTON,2856,REPUBLICAN,DONALD TRUMP,4903,OTHER,OTHER,519,
BUENA VISTA,2020,DEMOCRAT,JOSEPH R BIDEN JR,2132,DEMOCRAT,JOSEPH R BIDEN JR,829,GREEN,OTHER,7,GREEN,OTHER,3,LIBERTARIAN,JO JORGENSEN,24,LIBERTARIAN,JO JORGENSEN,42,OTHER,OTHER,29,OTHER,OTHER,27,REPUBLICAN,DONALD J TRUMP,2536,REPUBLICAN,DONALD J TRUMP,2538,
BUTLER,2000,DEMOCRAT,AL GORE,2735,REPUBLICAN,GEORGE W. BUSH,3837,GREEN,RALPH NADER,113,OTHER,OTHER,39,
BUTLER,2004,DEMOCRAT,JOHN KERRY,3001,REPUBLICAN,GEORGE W. BUSH,4417,OTHER,OTHER,57,
BUTLER,2008,DEMOCRAT,BARACK OBAMA,3364,REPUBLICAN,JOHN MCCAIN,3700,OTHER,OTHER,102,
BUTLER,2012,DEMOCRAT,BARACK OBAMA,3329,REPUBLICAN,MITT ROMNEY,4106,OTHER,OTHER,110,
BUTLER,2016,DEMOCRAT,HILLARY CLINTON,2157,REPUBLICAN,DONALD TRUMP,4921,OTHER,OTHER,435,
BUTLER,2020,DEMOCRAT,JOSEPH R BIDEN JR,1696,DEMOCRAT,JOSEPH R BIDEN JR,728,GREEN,OTHER,7,GREEN,OTHER,7,LIBERTARIAN,JO JORGENSEN,27,LIBERTARIAN,JO JORGENSEN,41,OTHER,OTHER,19,OTHER,OTHER,17,REPUBLICAN,DONALD J TRUMP,2441,REPUBLICAN,DONALD J TRUMP,3115,
CALHOUN,2000,DEMOCRAT,AL GORE,2132,REPUBLICAN,GEORGE W. BUSH,2776,GREEN,RALPH NADER,93,OTHER,OTHER,40,
CALHOUN,2004,DEMOCRAT,JOHN KERRY,2243,REPUBLICAN,GEORGE W. BUSH,3255,OTHER,OTHER,44,
CALHOUN,2008,DEMOCRAT,BARACK OBAMA,2341,REPUBLICAN,JOHN MCCAIN,2741,OTHER,OTHER,113,
CALHOUN,2012,DEMOCRAT,BARACK OBAMA,2238,REPUBLICAN,MITT ROMNEY,2891,OTHER,OTHER,101,
CALHOUN,2016,DEMOCRAT,HILLARY CLINTON,1398,REPUBLICAN,DONALD TRUMP,3468,OTHER,OTHER,293,
CALHOUN,2020,DEMOCRAT,JOSEPH R BIDEN JR,1022,DEMOCRAT,JOSEPH R BIDEN JR,448,GREEN,OTHER,0,GREEN,OTHER,3,LIBERTARIAN,JO JORGENSEN,23,LIBERTARIAN,JO JORGENSEN,36,OTHER,OTHER,14,OTHER,OTHER,14,REPUBLICAN,DONALD J TRUMP,1460,REPUBLICAN,DONALD J TRUMP,2238,
CARROLL,2000,DEMOCRAT,AL GORE,4463,REPUBLICAN,GEORGE W. BUSH,4879,GREEN,RALPH NADER,146,OTHER,OTHER,80,
CARROLL,2004,DEMOCRAT,JOHN KERRY,4689,REPUBLICAN,GEORGE W. BUSH,5762,OTHER,OTHER,73,
CARROLL,2008,DEMOCRAT,BARACK OBAMA,5302,REPUBLICAN,JOHN MCCAIN,4922,OTHER,OTHER,163,
CARROLL,2012,DEMOCRAT,BARACK OBAMA,4947,REPUBLICAN,MITT ROMNEY,5601,OTHER,OTHER,126,
CARROLL,2016,DEMOCRAT,HILLARY CLINTON,3309,REPUBLICAN,DONALD TRUMP,6638,OTHER,OTHER,597,
CARROLL,2020,DEMOCRAT,JOSEPH R BIDEN JR,2654,DEMOCRAT,JOSEPH R BIDEN JR,800,GREEN,OTHER,6,GREEN,OTHER,7,LIBERTARIAN,JO JORGENSEN,30,LIBERTARIAN,JO JORGENSEN,38,OTHER,OTHER,22,OTHER,OTHER,12,REPUBLICAN,DONALD J TRUMP,3671,REPUBLICAN,DONALD J TRUMP,4095,
CASS,2000,DEMOCRAT,AL GORE,2481,REPUBLICAN,GEORGE W. BUSH,4206,GREEN,RALPH NADER,147,OTHER,OTHER,46,
CASS,2004,DEMOCRAT,JOHN KERRY,2679,REPUBLICAN,GEORGE W. BUSH,4796,OTHER,OTHER,68,
CASS,2008,DEMOCRAT,BARACK OBAMA,3211,REPUBLICAN,JOHN MCCAIN,4006,OTHER,OTHER,133,
CASS,2012,DEMOCRAT,BARACK OBAMA,2858,REPUBLICAN,MITT ROMNEY,4217,OTHER,OTHER,130,
CASS,2016,DEMOCRAT,HILLARY CLINTON,1951,REPUBLICAN,DONALD TRUMP,4761,OTHER,OTHER,413,
CASS,2020,DEMOCRAT,JOSEPH R BIDEN JR,1640,DEMOCRAT,JOSEPH R BIDEN JR,561,GREEN,OTHER,3,GREEN,OTHER,5,LIBERTARIAN,JO JORGENSEN,20,LIBERTARIAN,JO JORGENSEN,41,OTHER,OTHER,13,OTHER,OTHER,14,REPUBLICAN,DONALD J TRUMP,2569,REPUBLICAN,DONALD J TRUMP,2410,
CEDAR,2000,DEMOCRAT,AL GORE,4033,REPUBLICAN,GEORGE W. BUSH,4031,GREEN,RALPH NADER,212,OTHER,OTHER,68,
CEDAR,2004,DEMOCRAT,JOHN KERRY,4747,REPUBLICAN,GEORGE W. BUSH,4869,OTHER,OTHER,78,
CEDAR,2008,DEMOCRAT,BARACK OBAMA,5221,REPUBLICAN,JOHN MCCAIN,4289,OTHER,OTHER,155,
CEDAR,2012,DEMOCRAT,BARACK OBAMA,4972,REPUBLICAN,MITT ROMNEY,4529,OTHER,OTHER,148,
CEDAR,2016,DEMOCRAT,HILLARY CLINTON,3599,REPUBLICAN,DONALD TRUMP,5295,OTHER,OTHER,647,
CEDAR,2020,DEMOCRAT,JOSEPH R BIDEN JR,3181,DEMOCRAT,JOSEPH R BIDEN JR,1156,GREEN,OTHER,8,GREEN,OTHER,14,LIBERTARIAN,JO JORGENSEN,48,LIBERTARIAN,JO JORGENSEN,76,OTHER,OTHER,20,OTHER,OTHER,16,REPUBLICAN,DONALD J TRUMP,2738,REPUBLICAN,DONALD J TRUMP,3446,
CERRO GORDO,2000,DEMOCRAT,AL GORE,12185,REPUBLICAN,GEORGE W. BUSH,9397,GREEN,RALPH NADER,408,OTHER,OTHER,172,
CERRO GORDO,2004,DEMOCRAT,JOHN KERRY,13372,REPUBLICAN,GEORGE W. BUSH,10960,OTHER,OTHER,184,
CERRO GORDO,2008,DEMOCRAT,BARACK OBAMA,14405,REPUBLICAN,JOHN MCCAIN,9375,OTHER,OTHER,360,
CERRO GORDO,2012,DEMOCRAT,BARACK OBAMA,13316,REPUBLICAN,MITT ROMNEY,10128,OTHER,OTHER,380,
CERRO GORDO,2016,DEMOCRAT,HILLARY CLINTON,9862,REPUBLICAN,DONALD TRUMP,11621,OTHER,OTHER,1482,
CERRO GORDO,2020,DEMOCRAT,JOSEPH R BIDEN JR,8104,DEMOCRAT,JOSEPH R BIDEN JR,2837,GREEN,OTHER,25,GREEN,OTHER,17,LIBERTARIAN,JO JORGENSEN,83,LIBERTARIAN,JO JORGENSEN,113,OTHER,OTHER,62,OTHER,OTHER,61,REPUBLICAN,DONALD J TRUMP,5714,REPUBLICAN,DONALD J TRUMP,6785,
CHEROKEE,2000,DEMOCRAT,AL GORE,2845,REPUBLICAN,GEORGE W. BUSH,3463,GREEN,RALPH NADER,160,OTHER,OTHER,124,
CHEROKEE,2004,DEMOCRAT,JOHN KERRY,2988,REPUBLICAN,GEORGE W. BUSH,3758,OTHER,OTHER,50,
CHEROKEE,2008,DEMOCRAT,BARACK OBAMA,2890,REPUBLICAN,JOHN MCCAIN,3372,OTHER,OTHER,103,
CHEROKEE,2012,DEMOCRAT,BARACK OBAMA,2634,REPUBLICAN,MITT ROMNEY,3662,OTHER,OTHER,119,
CHEROKEE,2016,DEMOCRAT,HILLARY CLINTON,1679,REPUBLICAN,DONALD TRUMP,4192,OTHER,OTHER,387,
CHEROKEE,2020,DEMOCRAT,JOSEPH R BIDEN JR,1530,DEMOCRAT,JOSEPH R BIDEN JR,406,GREEN,OTHER,3,GREEN,OTHER,0,LIBERTARIAN,JO JORGENSEN,23,LIBERTARIAN,JO JORGENSEN,25,OTHER,OTHER,12,OTHER,OTHER,9,REPUBLICAN,DONALD J TRUMP,2444,REPUBLICAN,DONALD J TRUMP,2066,
CHICKASAW,2000,DEMOCRAT,AL GORE,3435,REPUBLICAN,GEORGE W. BUSH,2936,GREEN,RALPH NADER,145,OTHER,OTHER,68,
CHICKASAW,2004,DEMOCRAT,JOHN KERRY,3708,REPUBLICAN,GEORGE W. BUSH,3040,OTHER,OTHER,58,
CHICKASAW,2008,DEMOCRAT,BARACK OBAMA,3923,REPUBLICAN,JOHN MCCAIN,2557,OTHER,OTHER,103,
CHICKASAW,2012,DEMOCRAT,BARACK OBAMA,3554,REPUBLICAN,MITT ROMNEY,2836,OTHER,OTHER,94,
CHICKASAW,2016,DEMOCRAT,HILLARY CLINTON,2266,REPUBLICAN,DONALD TRUMP,3742,OTHER,OTHER,427,
CHICKASAW,2020,DEMOCRAT,JOSEPH R BIDEN JR,1845,DEMOCRAT,JOSEPH R BIDEN JR,388,GREEN,OTHER,5,GREEN,OTHER,5,LIBERTARIAN,JO JORGENSEN,20,LIBERTARIAN,JO JORGENSEN,27,OTHER,OTHER,17,OTHER,OTHER,2,REPUBLICAN,DONALD J TRUMP,2398,REPUBLICAN,DONALD J TRUMP,1924,
CLARKE,2000,DEMOCRAT,AL GORE,2081,REPUBLICAN,GEORGE W. BUSH,1984,GREEN,RALPH NADER,75,OTHER,OTHER,36,
CLARKE,2004,DEMOCRAT,JOHN KERRY,2323,REPUBLICAN,GEORGE W. BUSH,2200,OTHER,OTHER,43,
CLARKE,2008,DEMOCRAT,BARACK OBAMA,2218,REPUBLICAN,JOHN MCCAIN,2118,OTHER,OTHER,107,
CLARKE,2012,DEMOCRAT,BARACK OBAMA,2189,REPUBLICAN,MITT ROMNEY,2124,OTHER,OTHER,117,
CLARKE,2016,DEMOCRAT,HILLARY CLINTON,1465,REPUBLICAN,DONALD TRUMP,2713,OTHER,OTHER,276,
CLARKE,2020,DEMOCRAT,JOSEPH R BIDEN JR,1130,DEMOCRAT,JOSEPH R BIDEN JR,336,GREEN,OTHER,1,GREEN,OTHER,2,LIBERTARIAN,JO JORGENSEN,12,LIBERTARIAN,JO JORGENSEN,22,OTHER,OTHER,7,OTHER,OTHER,7,REPUBLICAN,DONALD J TRUMP,1416,REPUBLICAN,DONALD J TRUMP,1737,
CLAY,2000,DEMOCRAT,AL GORE,3294,REPUBLICAN,GEORGE W. BUSH,3992,GREEN,RALPH NADER,166,OTHER,OTHER,126,
CLAY,2004,DEMOCRAT,JOHN KERRY,3547,REPUBLICAN,GEORGE W. BUSH,4898,OTHER,OTHER,143,
CLAY,2008,DEMOCRAT,BARACK OBAMA,3925,REPUBLICAN,JOHN MCCAIN,4355,OTHER,OTHER,118,
CLAY,2012,DEMOCRAT,BARACK OBAMA,3385,REPUBLICAN,MITT ROMNEY,4951,OTHER,OTHER,166,
CLAY,2016,DEMOCRAT,HILLARY CLINTON,2249,REPUBLICAN,DONALD TRUMP,5877,OTHER,OTHER,491,
CLAY,2020,DEMOCRAT,JOSEPH R BIDEN JR,2173,DEMOCRAT,JOSEPH R BIDEN JR,489,GREEN,OTHER,4,GREEN,OTHER,4,LIBERTARIAN,JO JORGENSEN,43,LIBERTARIAN,JO JORGENSEN,58,OTHER,OTHER,22,OTHER,OTHER,18,REPUBLICAN,DONALD J TRUMP,3417,REPUBLICAN,DONALD J TRUMP,2741,
CLAYTON,2000,DEMOCRAT,AL GORE,4238,REPUBLICAN,GEORGE W. BUSH,4034,GREEN,RALPH NADER,206,OTHER,OTHER,93,
CLAYTON,2004,DEMOCRAT,JOHN KERRY,4736,REPUBLICAN,GEORGE W. BUSH,4312,OTHER,OTHER,120,
CLAYTON,2008,DEMOCRAT,BARACK OBAMA,5195,REPUBLICAN,JOHN MCCAIN,3651,OTHER,OTHER,143,
CLAYTON,2012,DEMOCRAT,BARACK OBAMA,4806,REPUBLICAN,MITT ROMNEY,4164,OTHER,OTHER,168,
CLAYTON,2016,DEMOCRAT,HILLARY CLINTON,3237,REPUBLICAN,DONALD TRUMP,5317,OTHER,OTHER,575,
CLAYTON,2020,DEMOCRAT,JOSEPH R BIDEN JR,2395,DEMOCRAT,JOSEPH R BIDEN JR,945,GREEN,OTHER,12,GREEN,OTHER,6,LIBERTARIAN,JO JORGENSEN,25,LIBERTARIAN,JO JORGENSEN,57,OTHER,OTHER,18,OTHER,OTHER,17,REPUBLICAN,DONALD J TRUMP,2271,REPUBLICAN,DONALD J TRUMP,3848,
CLINTON,2000,DEMOCRAT,AL GORE,12276,REPUBLICAN,GEORGE W. BUSH,9229,GREEN,RALPH NADER,471,OTHER,OTHER,204,
CLINTON,2004,DEMOCRAT,JOHN KERRY,13813,REPUBLICAN,GEORGE W. BUSH,10666,OTHER,OTHER,205,
CLINTON,2008,DEMOCRAT,BARACK OBAMA,15018,REPUBLICAN,JOHN MCCAIN,9324,OTHER,OTHER,377,
CLINTON,2012,DEMOCRAT,BARACK OBAMA,15141,REPUBLICAN,MITT ROMNEY,9432,OTHER,OTHER,427,
CLINTON,2016,DEMOCRAT,HILLARY CLINTON,10095,REPUBLICAN,DONALD TRUMP,11276,OTHER,OTHER,1696,
CLINTON,2020,DEMOCRAT,JOSEPH R BIDEN JR,8771,DEMOCRAT,JOSEPH R BIDEN JR,2041,GREEN,OTHER,29,GREEN,OTHER,18,LIBERTARIAN,JO JORGENSEN,150,LIBERTARIAN,JO JORGENSEN,164,OTHER,OTHER,62,OTHER,OTHER,42,REPUBLICAN,DONALD J TRUMP,6942,REPUBLICAN,DONALD J TRUMP,6468,
CRAWFORD,2000,DEMOCRAT,AL GORE,2838,REPUBLICAN,GEORGE W. BUSH,3482,GREEN,RALPH NADER,146,OTHER,OTHER,89,
CRAWFORD,2004,DEMOCRAT,JOHN KERRY,3220,REPUBLICAN,GEORGE W. BUSH,3955,OTHER,OTHER,67,
CRAWFORD,2008,DEMOCRAT,BARACK OBAMA,3715,REPUBLICAN,JOHN MCCAIN,3345,OTHER,OTHER,131,
CRAWFORD,2012,DEMOCRAT,BARACK OBAMA,3066,REPUBLICAN,MITT ROMNEY,3595,OTHER,OTHER,91,
CRAWFORD,2016,DEMOCRAT,HILLARY CLINTON,1991,REPUBLICAN,DONALD TRUMP,4617,OTHER,OTHER,327,
CRAWFORD,2020,DEMOCRAT,JOSEPH R BIDEN JR,1620,DEMOCRAT,JOSEPH R BIDEN JR,600,GREEN,OTHER,7,GREEN,OTHER,1,LIBERTARIAN,JO JORGENSEN,18,LIBERTARIAN,JO JORGENSEN,24,OTHER,OTHER,16,OTHER,OTHER,6,REPUBLICAN,DONALD J TRUMP,2483,REPUBLICAN,DONALD J TRUMP,2379,
DALLAS,2000,DEMOCRAT,AL GORE,8561,REPUBLICAN,GEORGE W. BUSH,10306,GREEN,RALPH NADER,320,OTHER,OTHER,143,
DALLAS,2004,DEMOCRAT,JOHN KERRY,10917,REPUBLICAN,GEORGE W. BUSH,15183,OTHER,OTHER,193,
DALLAS,2008,DEMOCRAT,BARACK OBAMA,15149,REPUBLICAN,JOHN MCCAIN,16954,OTHER,OTHER,537,
DALLAS,2012,DEMOCRAT,BARACK OBAMA,16576,REPUBLICAN,MITT ROMNEY,20988,OTHER,OTHER,552,
DALLAS,2016,DEMOCRAT,HILLARY CLINTON,15701,REPUBLICAN,DONALD TRUMP,19339,OTHER,OTHER,3212,
DALLAS,2020,DEMOCRAT,JOSEPH R BIDEN JR,20035,DEMOCRAT,JOSEPH R BIDEN JR,6844,GREEN,OTHER,25,GREEN,OTHER,32,LIBERTARIAN,JO JORGENSEN,320,LIBERTARIAN,JO JORGENSEN,424,OTHER,OTHER,91,OTHER,OTHER,89,REPUBLICAN,DONALD J TRUMP,13790,REPUBLICAN,DONALD J TRUMP,14372,
DAVIS,2000,DEMOCRAT,AL GORE,1691,REPUBLICAN,GEORGE W. BUSH,1956,GREEN,RALPH NADER,67,OTHER,OTHER,44,
DAVIS,2004,DEMOCRAT,JOHN KERRY,1731,REPUBLICAN,GEORGE W. BUSH,2148,OTHER,OTHER,39,
DAVIS,2008,DEMOCRAT,BARACK OBAMA,1680,REPUBLICAN,JOHN MCCAIN,2029,OTHER,OTHER,106,
DAVIS,2012,DEMOCRAT,BARACK OBAMA,1520,REPUBLICAN,MITT ROMNEY,2138,OTHER,OTHER,115,
DAVIS,2016,DEMOCRAT,HILLARY CLINTON,977,REPUBLICAN,DONALD TRUMP,2723,OTHER,OTHER,182,
DAVIS,2020,DEMOCRAT,JOSEPH R BIDEN JR,776,DEMOCRAT,JOSEPH R BIDEN JR,237,GREEN,OTHER,3,GREEN,OTHER,2,LIBERTARIAN,JO JORGENSEN,10,LIBERTARIAN,JO JORGENSEN,20,OTHER,OTHER,10,OTHER,OTHER,9,REPUBLICAN,DONALD J TRUMP,1373,REPUBLICAN,DONALD J TRUMP,1662,
DECATUR,2000,DEMOCRAT,AL GORE,1674,REPUBLICAN,GEORGE W. BUSH,1903,GREEN,RALPH NADER,94,OTHER,OTHER,38,
DECATUR,2004,DEMOCRAT,JOHN KERRY,1859,REPUBLICAN,GEORGE W. BUSH,2088,OTHER,OTHER,64,
DECATUR,2008,DEMOCRAT,BARACK OBAMA,1986,REPUBLICAN,JOHN MCCAIN,2020,OTHER,OTHER,96,
DECATUR,2012,DEMOCRAT,BARACK OBAMA,1791,REPUBLICAN,MITT ROMNEY,1947,OTHER,OTHER,95,
DECATUR,2016,DEMOCRAT,HILLARY CLINTON,1201,REPUBLICAN,DONALD TRUMP,2296,OTHER,OTHER,237,
DECATUR,2020,DEMOCRAT,JOSEPH R BIDEN JR,753,DEMOCRAT,JOSEPH R BIDEN JR,367,GREEN,OTHER,8,GREEN,OTHER,3,LIBERTARIAN,JO JORGENSEN,9,LIBERTARIAN,JO JORGENSEN,20,OTHER,OTHER,9,OTHER,OTHER,17,REPUBLICAN,DONALD J TRUMP,893,REPUBLICAN,DONALD J TRUMP,1725,
DELAWARE,2000,DEMOCRAT,AL GORE,3808,REPUBLICAN,GEORGE W. BUSH,4273,GREEN,RALPH NADER,161,OTHER,OTHER,107,
DELAWARE,2004,DEMOCRAT,JOHN KERRY,4227,REPUBLICAN,GEORGE W. BUSH,4908,OTHER,OTHER,65,
DELAWARE,2008,DEMOCRAT,BARACK OBAMA,4649,REPUBLICAN,JOHN MCCAIN,4113,OTHER,OTHER,139,
DELAWARE,2012,DEMOCRAT,BARACK OBAMA,4616,REPUBLICAN,MITT ROMNEY,4636,OTHER,OTHER,126,
DELAWARE,2016,DEMOCRAT,HILLARY CLINTON,2957,REPUBLICAN,DONALD TRUMP,5694,OTHER,OTHER,590,
DELAWARE,2020,DEMOCRAT,JOSEPH R BIDEN JR,2143,DEMOCRAT,JOSEPH R BIDEN JR,1014,GREEN,OTHER,8,GREEN,OTHER,7,LIBERTARIAN,JO JORGENSEN,33,LIBERTARIAN,JO JORGENSEN,54,OTHER,OTHER,24,OTHER,OTHER,32,REPUBLICAN,DONALD J TRUMP,2613,REPUBLICAN,DONALD J TRUMP,4075,
DES MOINES,2000,DEMOCRAT,AL GORE,11351,REPUBLICAN,GEORGE W. BUSH,7385,GREEN,RALPH NADER,409,OTHER,OTHER,220,
DES MOINES,2004,DEMOCRAT,JOHN KERRY,12456,REPUBLICAN,GEORGE W. BUSH,8221,OTHER,OTHER,197,
DES MOINES,2008,DEMOCRAT,BARACK OBAMA,12462,REPUBLICAN,JOHN MCCAIN,7721,OTHER,OTHER,387,
DES MOINES,2012,DEMOCRAT,BARACK OBAMA,11888,REPUBLICAN,MITT ROMNEY,8136,OTHER,OTHER,361,
DES MOINES,2016,DEMOCRAT,HILLARY CLINTON,8212,REPUBLICAN,DONALD TRUMP,9529,OTHER,OTHER,1362,
DES MOINES,2020,DEMOCRAT,JOSEPH R BIDEN JR,7024,DEMOCRAT,JOSEPH R BIDEN JR,1869,GREEN,OTHER,32,GREEN,OTHER,20,LIBERTARIAN,JO JORGENSEN,110,LIBERTARIAN,JO JORGENSEN,165,OTHER,OTHER,54,OTHER,OTHER,40,REPUBLICAN,DONALD J TRUMP,5506,REPUBLICAN,DONALD J TRUMP,5136,
DICKINSON,2000,DEMOCRAT,AL GORE,3660,REPUBLICAN,GEORGE W. BUSH,4225,GREEN,RALPH NADER,169,OTHER,OTHER,67,
DICKINSON,2004,DEMOCRAT,JOHN KERRY,4140,REPUBLICAN,GEORGE W. BUSH,5337,OTHER,OTHER,76,
DICKINSON,2008,DEMOCRAT,BARACK OBAMA,4625,REPUBLICAN,JOHN MCCAIN,5162,OTHER,OTHER,119,
DICKINSON,2012,DEMOCRAT,BARACK OBAMA,4095,REPUBLICAN,MITT ROMNEY,5912,OTHER,OTHER,152,
DICKINSON,2016,DEMOCRAT,HILLARY CLINTON,3056,REPUBLICAN,DONALD TRUMP,6753,OTHER,OTHER,545,
DICKINSON,2020,DEMOCRAT,JOSEPH R BIDEN JR,3024,DEMOCRAT,JOSEPH R BIDEN JR,637,GREEN,OTHER,5,GREEN,OTHER,3,LIBERTARIAN,JO JORGENSEN,43,LIBERTARIAN,JO JORGENSEN,49,OTHER,OTHER,15,OTHER,OTHER,16,REPUBLICAN,DONALD J TRUMP,4773,REPUBLICAN,DONALD J TRUMP,2679,
DUBUQUE,2000,DEMOCRAT,AL GORE,22341,REPUBLICAN,GEORGE W. BUSH,16462,GREEN,RALPH NADER,987,OTHER,OTHER,533,
DUBUQUE,2004,DEMOCRAT,JOHN KERRY,26561,REPUBLICAN,GEORGE W. BUSH,20100,OTHER,OTHER,382,
DUBUQUE,2008,DEMOCRAT,BARACK OBAMA,28611,REPUBLICAN,JOHN MCCAIN,18651,OTHER,OTHER,691,
DUBUQUE,2012,DEMOCRAT,BARACK OBAMA,28768,REPUBLICAN,MITT ROMNEY,21280,OTHER,OTHER,846,
DUBUQUE,2016,DEMOCRAT,HILLARY CLINTON,22850,REPUBLICAN,DONALD TRUMP,23460,OTHER,OTHER,3411,
DUBUQUE,2020,DEMOCRAT,JOSEPH R BIDEN JR,20687,DEMOCRAT,JOSEPH R BIDEN JR,4970,GREEN,OTHER,76,GREEN,OTHER,49,LIBERTARIAN,JO JORGENSEN,273,LIBERTARIAN,JO JORGENSEN,283,OTHER,OTHER,135,OTHER,OTHER,95,REPUBLICAN,DONALD J TRUMP,13152,REPUBLICAN,DONALD J TRUMP,14206,
EMMET,2000,DEMOCRAT,AL GORE,2165,REPUBLICAN,GEORGE W. BUSH,2331,GREEN,RALPH NADER,98,OTHER,OTHER,36,
EMMET,2004,DEMOCRAT,JOHN KERRY,2405,REPUBLICAN,GEORGE W. BUSH,2697,OTHER,OTHER,54,
EMMET,2008,DEMOCRAT,BARACK OBAMA,2570,REPUBLICAN,JOHN MCCAIN,2373,OTHER,OTHER,72,
EMMET,2012,DEMOCRAT,BARACK OBAMA,2099,REPUBLICAN,MITT ROMNEY,2507,OTHER,OTHER,81,
EMMET,2016,DEMOCRAT,HILLARY CLINTON,1357,REPUBLICAN,DONALD TRUMP,3124,OTHER,OTHER,272,
EMMET,2020,DEMOCRAT,JOSEPH R BIDEN JR,1148,DEMOCRAT,JOSEPH R BIDEN JR,372,GREEN,OTHER,3,GREEN,OTHER,9,LIBERTARIAN,JO JORGENSEN,13,LIBERTARIAN,JO JORGENSEN,23,OTHER,OTHER,5,OTHER,OTHER,12,REPUBLICAN,DONALD J TRUMP,1445,REPUBLICAN,DONALD J TRUMP,1823,
FAYETTE,2000,DEMOCRAT,AL GORE,4640,REPUBLICAN,GEORGE W. BUSH,4747,GREEN,RALPH NADER,174,OTHER,OTHER,60,
FAYETTE,2004,DEMOCRAT,JOHN KERRY,5185,REPUBLICAN,GEORGE W. BUSH,5128,OTHER,OTHER,79,
FAYETTE,2008,DEMOCRAT,BARACK OBAMA,5908,REPUBLICAN,JOHN MCCAIN,4205,OTHER,OTHER,146,
FAYETTE,2012,DEMOCRAT,BARACK OBAMA,5732,REPUBLICAN,MITT ROMNEY,4492,OTHER,OTHER,142,
FAYETTE,2016,DEMOCRAT,HILLARY CLINTON,3689,REPUBLICAN,DONALD TRUMP,5620,OTHER,OTHER,666,
FAYETTE,2020,DEMOCRAT,JOSEPH R BIDEN JR,2789,DEMOCRAT,JOSEPH R BIDEN JR,1046,GREEN,OTHER,16,GREEN,OTHER,11,LIBERTARIAN,JO JORGENSEN,42,LIBERTARIAN,JO JORGENSEN,60,OTHER,OTHER,24,OTHER,OTHER,24,REPUBLICAN,DONALD J TRUMP,2553,REPUBLICAN,DONALD J TRUMP,3621,
FLOYD,2000,DEMOCRAT,AL GORE,3830,REPUBLICAN,GEORGE W. BUSH,3191,GREEN,RALPH NADER,154,OTHER,OTHER,63,
FLOYD,2004,DEMOCRAT,JOHN KERRY,4349,REPUBLICAN,GEORGE W. BUSH,3745,OTHER,OTHER,73,
FLOYD,2008,DEMOCRAT,BARACK OBAMA,4822,REPUBLICAN,JOHN MCCAIN,3051,OTHER,OTHER,218,
FLOYD,2012,DEMOCRAT,BARACK OBAMA,4680,REPUBLICAN,MITT ROMNEY,3472,OTHER,OTHER,105,
FLOYD,2016,DEMOCRAT,HILLARY CLINTON,3179,REPUBLICAN,DONALD TRUMP,4375,OTHER,OTHER,506,
FLOYD,2020,DEMOCRAT,JOSEPH R BIDEN JR,2391,DEMOCRAT,JOSEPH R BIDEN JR,781,GREEN,OTHER,7,GREEN,OTHER,3,LIBERTARIAN,JO JORGENSEN,23,LIBERTARIAN,JO JORGENSEN,40,OTHER,OTHER,25,OTHER,OTHER,15,REPUBLICAN,DONALD J TRUMP,2195,REPUBLICAN,DONALD J TRUMP,2552,
FRANKLIN,2000,DEMOCRAT,AL GORE,2122,REPUBLICAN,GEORGE W. BUSH,2657,GREEN,RALPH NADER,110,OTHER,OTHER,49,
FRANKLIN,2004,DEMOCRAT,JOHN KERRY,2340,REPUBLICAN,GEORGE W. BUSH,3128,OTHER,OTHER,53,
FRANKLIN,2008,DEMOCRAT,BARACK OBAMA,2575,REPUBLICAN,JOHN MCCAIN,2501,OTHER,OTHER,72,
FRANKLIN,2012,DEMOCRAT,BARACK OBAMA,2266,REPUBLICAN,MITT ROMNEY,2823,OTHER,OTHER,97,
FRANKLIN,2016,DEMOCRAT,HILLARY CLINTON,1493,REPUBLICAN,DONALD TRUMP,3163,OTHER,OTHER,312,
FRANKLIN,2020,DEMOCRAT,JOSEPH R BIDEN JR,1057,DEMOCRAT,JOSEPH R BIDEN JR,569,GREEN,OTHER,4,GREEN,OTHER,1,LIBERTARIAN,JO JORGENSEN,15,LIBERTARIAN,JO JORGENSEN,30,OTHER,OTHER,10,OTHER,OTHER,11,REPUBLICAN,DONALD J TRUMP,1437,REPUBLICAN,DONALD J TRUMP,1996,
FREMONT,2000,DEMOCRAT,AL GORE,1459,REPUBLICAN,GEORGE W. BUSH,2069,GREEN,RALPH NADER,63,OTHER,OTHER,25,
FREMONT,2004,DEMOCRAT,JOHN KERRY,1510,REPUBLICAN,GEORGE W. BUSH,2362,OTHER,OTHER,39,
FREMONT,2008,DEMOCRAT,BARACK OBAMA,1848,REPUBLICAN,JOHN MCCAIN,1989,OTHER,OTHER,57,
FREMONT,2012,DEMOCRAT,BARACK OBAMA,1637,REPUBLICAN,MITT ROMNEY,1972,OTHER,OTHER,59,
FREMONT,2016,DEMOCRAT,HILLARY CLINTON,963,REPUBLICAN,DONALD TRUMP,2407,OTHER,OTHER,225,
FREMONT,2020,DEMOCRAT,JOSEPH R BIDEN JR,761,DEMOCRAT,JOSEPH R BIDEN JR,319,GREEN,OTHER,6,GREEN,OTHER,0,LIBERTARIAN,JO JORGENSEN,12,LIBERTARIAN,JO JORGENSEN,25,OTHER,OTHER,12,OTHER,OTHER,5,REPUBLICAN,DONALD J TRUMP,1257,REPUBLICAN,DONALD J TRUMP,1460,
GREENE,2000,DEMOCRAT,AL GORE,2301,REPUBLICAN,GEORGE W. BUSH,2282,GREEN,RALPH NADER,106,OTHER,OTHER,30,
GREENE,2004,DEMOCRAT,JOHN KERRY,2459,REPUBLICAN,GEORGE W. BUSH,2618,OTHER,OTHER,36,
GREENE,2008,DEMOCRAT,BARACK OBAMA,2371,REPUBLICAN,JOHN MCCAIN,2349,OTHER,OTHER,84,
GREENE,2012,DEMOCRAT,BARACK OBAMA,2375,REPUBLICAN,MITT ROMNEY,2380,OTHER,OTHER,91,
GREENE,2016,DEMOCRAT,HILLARY CLINTON,1691,REPUBLICAN,DONALD TRUMP,2820,OTHER,OTHER,310,
GREENE,2020,DEMOCRAT,JOSEPH R BIDEN JR,1454,DEMOCRAT,JOSEPH R BIDEN JR,315,GREEN,OTHER,3,GREEN,OTHER,1,LIBERTARIAN,JO JORGENSEN,19,LIBERTARIAN,JO JORGENSEN,17,OTHER,OTHER,14,OTHER,OTHER,5,REPUBLICAN,DONALD J TRUMP,1659,REPUBLICAN,DONALD J TRUMP,1570,
GRUNDY,2000,DEMOCRAT,AL GORE,2139,REPUBLICAN,GEORGE W. BUSH,3851,GREEN,RALPH NADER,70,OTHER,OTHER,51,
GRUNDY,2004,DEMOCRAT,JOHN KERRY,2386,REPUBLICAN,GEORGE W. BUSH,4429,OTHER,OTHER,34,
GRUNDY,2008,DEMOCRAT,BARACK OBAMA,2790,REPUBLICAN,JOHN MCCAIN,3945,OTHER,OTHER,93,
GRUNDY,2012,DEMOCRAT,BARACK OBAMA,2635,REPUBLICAN,MITT ROMNEY,4215,OTHER,OTHER,112,
GRUNDY,2016,DEMOCRAT,HILLARY CLINTON,1856,REPUBLICAN,DONALD TRUMP,4527,OTHER,OTHER,489,
GRUNDY,2020,DEMOCRAT,JOSEPH R BIDEN JR,1429,DEMOCRAT,JOSEPH R BIDEN JR,777,GREEN,OTHER,5,GREEN,OTHER,7,LIBERTARIAN,JO JORGENSEN,34,LIBERTARIAN,JO JORGENSEN,53,OTHER,OTHER,10,OTHER,OTHER,16,REPUBLICAN,DONALD J TRUMP,1876,REPUBLICAN,DONALD J TRUMP,3069,
GUTHRIE,2000,DEMOCRAT,AL GORE,2493,REPUBLICAN,GEORGE W. BUSH,2840,GREEN,RALPH NADER,86,OTHER,OTHER,50,
GUTHRIE,2004,DEMOCRAT,JOHN KERRY,2614,REPUBLICAN,GEORGE W. BUSH,3325,OTHER,OTHER,55,
GUTHRIE,2008,DEMOCRAT,BARACK OBAMA,2625,REPUBLICAN,JOHN MCCAIN,3074,OTHER,OTHER,148,
GUTHRIE,2012,DEMOCRAT,BARACK OBAMA,2569,REPUBLICAN,MITT ROMNEY,3171,OTHER,OTHER,148,
GUTHRIE,2016,DEMOCRAT,HILLARY CLINTON,1732,REPUBLICAN,DONALD TRUMP,3628,OTHER,OTHER,390,
GUTHRIE,2020,DEMOCRAT,JOSEPH R BIDEN JR,1430,DEMOCRAT,JOSEPH R BIDEN JR,555,GREEN,OTHER,5,GREEN,OTHER,2,LIBERTARIAN,JO JORGENSEN,36,LIBERTARIAN,JO JORGENSEN,43,OTHER,OTHER,11,OTHER,OTHER,9,REPUBLICAN,DONALD J TRUMP,1839,REPUBLICAN,DONALD J TRUMP,2441,
HAMILTON,2000,DEMOCRAT,AL GORE,3407,REPUBLICAN,GEORGE W. BUSH,3968,GREEN,RALPH NADER,141,OTHER,OTHER,58,
HAMILTON,2004,DEMOCRAT,JOHN KERRY,3895,REPUBLICAN,GEORGE W. BUSH,4367,OTHER,OTHER,73,
HAMILTON,2008,DEMOCRAT,BARACK OBAMA,4018,REPUBLICAN,JOHN MCCAIN,3913,OTHER,OTHER,147,
HAMILTON,2012,DEMOCRAT,BARACK OBAMA,3782,REPUBLICAN,MITT ROMNEY,3991,OTHER,OTHER,154,
HAMILTON,2016,DEMOCRAT,HILLARY CLINTON,2726,REPUBLICAN,DONALD TRUMP,4463,OTHER,OTHER,505,
HAMILTON,2020,DEMOCRAT,JOSEPH R BIDEN JR,2152,DEMOCRAT,JOSEPH R BIDEN JR,691,GREEN,OTHER,7,GREEN,OTHER,0,LIBERTARIAN,JO JORGENSEN,30,LIBERTARIAN,JO JORGENSEN,41,OTHER,OTHER,19,OTHER,OTHER,21,REPUBLICAN,DONALD J TRUMP,2457,REPUBLICAN,DONALD J TRUMP,2525,
HANCOCK,2000,DEMOCRAT,AL GORE,2281,REPUBLICAN,GEORGE W. BUSH,2988,GREEN,RALPH NADER,123,OTHER,OTHER,46,
HANCOCK,2004,DEMOCRAT,JOHN KERRY,2484,REPUBLICAN,GEORGE W. BUSH,3368,OTHER,OTHER,53,
HANCOCK,2008,DEMOCRAT,BARACK OBAMA,2805,REPUBLICAN,JOHN MCCAIN,3016,OTHER,OTHER,109,
HANCOCK,2012,DEMOCRAT,BARACK OBAMA,2521,REPUBLICAN,MITT ROMNEY,3317,OTHER,OTHER,87,
HANCOCK,2016,DEMOCRAT,HILLARY CLINTON,1587,REPUBLICAN,DONALD TRUMP,3977,OTHER,OTHER,307,
HANCOCK,2020,DEMOCRAT,JOSEPH R BIDEN JR,1145,DEMOCRAT,JOSEPH R BIDEN JR,538,GREEN,OTHER,5,GREEN,OTHER,2,LIBERTARIAN,JO JORGENSEN,21,LIBERTARIAN,JO JORGENSEN,28,OTHER,OTHER,12,OTHER,OTHER,20,REPUBLICAN,DONALD J TRUMP,1709,REPUBLICAN,DONALD J TRUMP,2692,
HARDIN,2000,DEMOCRAT,AL GORE,3734,REPUBLICAN,GEORGE W. BUSH,4486,GREEN,RALPH NADER,141,OTHER,OTHER,74,
HARDIN,2004,DEMOCRAT,JOHN KERRY,4015,REPUBLICAN,GEORGE W. BUSH,4875,OTHER,OTHER,59,
HARDIN,2008,DEMOCRAT,BARACK OBAMA,4393,REPUBLICAN,JOHN MCCAIN,4315,OTHER,OTHER,151,
HARDIN,2012,DEMOCRAT,BARACK OBAMA,4075,REPUBLICAN,MITT ROMNEY,4670,OTHER,OTHER,153,
HARDIN,2016,DEMOCRAT,HILLARY CLINTON,2787,REPUBLICAN,DONALD TRUMP,5254,OTHER,OTHER,492,
HARDIN,2020,DEMOCRAT,JOSEPH R BIDEN JR,2157,DEMOCRAT,JOSEPH R BIDEN JR,819,GREEN,OTHER,4,GREEN,OTHER,7,LIBERTARIAN,JO JORGENSEN,47,LIBERTARIAN,JO JORGENSEN,58,OTHER,OTHER,16,OTHER,OTHER,17,REPUBLICAN,DONALD J TRUMP,2655,REPUBLICAN,DONALD J TRUMP,3209,
HARRISON,2000,DEMOCRAT,AL GORE,2551,REPUBLICAN,GEORGE W. BUSH,3802,GREEN,RALPH NADER,126,OTHER,OTHER,64,
HARRISON,2004,DEMOCRAT,JOHN KERRY,2906,REPUBLICAN,GEORGE W. BUSH,4680,OTHER,OTHER,94,
HARRISON,2008,DEMOCRAT,BARACK OBAMA,3555,REPUBLICAN,JOHN MCCAIN,3909,OTHER,OTHER,114,
HARRISON,2012,DEMOCRAT,BARACK OBAMA,3136,REPUBLICAN,MITT ROMNEY,4065,OTHER,OTHER,121,
HARRISON,2016,DEMOCRAT,HILLARY CLINTON,2131,REPUBLICAN,DONALD TRUMP,4902,OTHER,OTHER,432,
HARRISON,2020,DEMOCRAT,JOSEPH R BIDEN JR,1671,DEMOCRAT,JOSEPH R BIDEN JR,769,GREEN,OTHER,5,GREEN,OTHER,4,LIBERTARIAN,JO JORGENSEN,31,LIBERTARIAN,JO JORGENSEN,54,OTHER,OTHER,17,OTHER,OTHER,24,REPUBLICAN,DONALD J TRUMP,2276,REPUBLICAN,DONALD J TRUMP,3304,
HENRY,2000,DEMOCRAT,AL GORE,3907,REPUBLICAN,GEORGE W. BUSH,4476,GREEN,RALPH NADER,183,OTHER,OTHER,105,
HENRY,2004,DEMOCRAT,JOHN KERRY,4127,REPUBLICAN,GEORGE W. BUSH,5220,OTHER,OTHER,110,
HENRY,2008,DEMOCRAT,BARACK OBAMA,4349,REPUBLICAN,JOHN MCCAIN,4822,OTHER,OTHER,206,
HENRY,2012,DEMOCRAT,BARACK OBAMA,4460,REPUBLICAN,MITT ROMNEY,5035,OTHER,OTHER,202,
HENRY,2016,DEMOCRAT,HILLARY CLINTON,2904,REPUBLICAN,DONALD TRUMP,5779,OTHER,OTHER,721,
HENRY,2020,DEMOCRAT,JOSEPH R BIDEN JR,2591,DEMOCRAT,JOSEPH R BIDEN JR,684,GREEN,OTHER,11,GREEN,OTHER,4,LIBERTARIAN,JO JORGENSEN,63,LIBERTARIAN,JO JORGENSEN,65,OTHER,OTHER,29,OTHER,OTHER,10,REPUBLICAN,DONALD J TRUMP,3676,REPUBLICAN,DONALD J TRUMP,2849,
HOWARD,2000,DEMOCRAT,AL GORE,2426,REPUBLICAN,GEORGE W. BUSH,1922,GREEN,RALPH NADER,100,OTHER,OTHER,43,
HOWARD,2004,DEMOCRAT,JOHN KERRY,2614,REPUBLICAN,GEORGE W. BUSH,2028,OTHER,OTHER,55,
HOWARD,2008,DEMOCRAT,BARACK OBAMA,2941,REPUBLICAN,JOHN MCCAIN,1722,OTHER,OTHER,65,
HOWARD,2012,DEMOCRAT,BARACK OBAMA,2768,REPUBLICAN,MITT ROMNEY,1795,OTHER,OTHER,82,
HOWARD,2016,DEMOCRAT,HILLARY CLINTON,1677,REPUBLICAN,DONALD TRUMP,2611,OTHER,OTHER,271,
HOWARD,2020,DEMOCRAT,JOSEPH R BIDEN JR,1285,DEMOCRAT,JOSEPH R BIDEN JR,487,GREEN,OTHER,6,GREEN,OTHER,4,LIBERTARIAN,JO JORGENSEN,9,LIBERTARIAN,JO JORGENSEN,14,OTHER,OTHER,7,OTHER,OTHER,13,REPUBLICAN,DONALD J TRUMP,1224,REPUBLICAN,DONALD J TRUMP,1909,
HUMBOLDT,2000,DEMOCRAT,AL GORE,1949,REPUBLICAN,GEORGE W. BUSH,2846,GREEN,RALPH NADER,100,OTHER,OTHER,45,
HUMBOLDT,2004,DEMOCRAT,JOHN KERRY,2146,REPUBLICAN,GEORGE W. BUSH,3162,OTHER,OTHER,42,
HUMBOLDT,2008,DEMOCRAT,BARACK OBAMA,2160,REPUBLICAN,JOHN MCCAIN,2895,OTHER,OTHER,67,
HUMBOLDT,2012,DEMOCRAT,BARACK OBAMA,1972,REPUBLICAN,MITT ROMNEY,3099,OTHER,OTHER,87,
HUMBOLDT,2016,DEMOCRAT,HILLARY CLINTON,1252,REPUBLICAN,DONALD TRUMP,3568,OTHER,OTHER,267,
HUMBOLDT,2020,DEMOCRAT,JOSEPH R BIDEN JR,1071,DEMOCRAT,JOSEPH R BIDEN JR,371,GREEN,OTHER,2,GREEN,OTHER,2,LIBERTARIAN,JO JORGENSEN,16,LIBERTARIAN,JO JORGENSEN,23,OTHER,OTHER,8,OTHER,OTHER,9,REPUBLICAN,DONALD J TRUMP,1751,REPUBLICAN,DONALD J TRUMP,2074,
IDA,2000,DEMOCRAT,AL GORE,1411,REPUBLICAN,GEORGE W. BUSH,1968,GREEN,RALPH NADER,58,OTHER,OTHER,54,
IDA,2004,DEMOCRAT,JOHN KERRY,1415,REPUBLICAN,GEORGE W. BUSH,2342,OTHER,OTHER,17,
IDA,2008,DEMOCRAT,BARACK OBAMA,1454,REPUBLICAN,JOHN MCCAIN,2036,OTHER,OTHER,57,
IDA,2012,DEMOCRAT,BARACK OBAMA,1321,REPUBLICAN,MITT ROMNEY,2286,OTHER,OTHER,56,
IDA,2016,DEMOCRAT,HILLARY CLINTON,792,REPUBLICAN,DONALD TRUMP,2655,OTHER,OTHER,165,
IDA,2020,DEMOCRAT,JOSEPH R BIDEN JR,625,DEMOCRAT,JOSEPH R BIDEN JR,292,GREEN,OTHER,3,GREEN,OTHER,3,LIBERTARIAN,JO JORGENSEN,9,LIBERTARIAN,JO JORGENSEN,18,OTHER,OTHER,7,OTHER,OTHER,7,REPUBLICAN,DONALD J TRUMP,1236,REPUBLICAN,DONALD J TRUMP,1649,
IOWA,2000,DEMOCRAT,AL GORE,3230,REPUBLICAN,GEORGE W. BUSH,3894,GREEN,RALPH NADER,188,OTHER,OTHER,101,
IOWA,2004,DEMOCRAT,JOHN KERRY,3841,REPUBLICAN,GEORGE W. BUSH,4544,OTHER,OTHER,69,
IOWA,2008,DEMOCRAT,BARACK OBAMA,4202,REPUBLICAN,JOHN MCCAIN,4188,OTHER,OTHER,156,
IOWA,2012,DEMOCRAT,BARACK OBAMA,4144,REPUBLICAN,MITT ROMNEY,4569,OTHER,OTHER,153,
IOWA,2016,DEMOCRAT,HILLARY CLINTON,3084,REPUBLICAN,DONALD TRUMP,5205,OTHER,OTHER,615,
IOWA,2020,DEMOCRAT,JOSEPH R BIDEN JR,2611,DEMOCRAT,JOSEPH R BIDEN JR,936,GREEN,OTHER,8,GREEN,OTHER,7,LIBERTARIAN,JO JORGENSEN,57,LIBERTARIAN,JO JORGENSEN,45,OTHER,OTHER,23,OTHER,OTHER,20,REPUBLICAN,DONALD J TRUMP,2841,REPUBLICAN,DONALD J TRUMP,3194,
JACKSON,2000,DEMOCRAT,AL GORE,4945,REPUBLICAN,GEORGE W. BUSH,3769,GREEN,RALPH NADER,227,OTHER,OTHER,91,
JACKSON,2004,DEMOCRAT,JOHN KERRY,5656,REPUBLICAN,GEORGE W. BUSH,4242,OTHER,OTHER,113,
JACKSON,2008,DEMOCRAT,BARACK OBAMA,6102,REPUBLICAN,JOHN MCCAIN,3673,OTHER,OTHER,180,
JACKSON,2012,DEMOCRAT,BARACK OBAMA,5907,REPUBLICAN,MITT ROMNEY,4177,OTHER,OTHER,158,
JACKSON,2016,DEMOCRAT,HILLARY CLINTON,3837,REPUBLICAN,DONALD TRUMP,5824,OTHER,OTHER,649,
JACKSON,2020,DEMOCRAT,JOSEPH R BIDEN JR,3080,DEMOCRAT,JOSEPH R BIDEN JR,949,GREEN,OTHER,5,GREEN,OTHER,8,LIBERTARIAN,JO JORGENSEN,29,LIBERTARIAN,JO JORGENSEN,50,OTHER,OTHER,29,OTHER,OTHER,28,REPUBLICAN,DONALD J TRUMP,3077,REPUBLICAN,DONALD J TRUMP,3880,
JASPER,2000,DEMOCRAT,AL GORE,8699,REPUBLICAN,GEORGE W. BUSH,8729,GREEN,RALPH NADER,267,OTHER,OTHER,140,
JASPER,2004,DEMOCRAT,JOHN KERRY,10430,REPUBLICAN,GEORGE W. BUSH,9462,OTHER,OTHER,170,
JASPER,2008,DEMOCRAT,BARACK OBAMA,10250,REPUBLICAN,JOHN MCCAIN,8794,OTHER,OTHER,377,
JASPER,2012,DEMOCRAT,BARACK OBAMA,10257,REPUBLICAN,MITT ROMNEY,8877,OTHER,OTHER,381,
JASPER,2016,DEMOCRAT,HILLARY CLINTON,7109,REPUBLICAN,DONALD TRUMP,10560,OTHER,OTHER,1365,
JASPER,2020,DEMOCRAT,JOSEPH R BIDEN JR,5741,DEMOCRAT,JOSEPH R BIDEN JR,1996,GREEN,OTHER,11,GREEN,OTHER,19,LIBERTARIAN,JO JORGENSEN,75,LIBERTARIAN,JO JORGENSEN,132,OTHER,OTHER,43,OTHER,OTHER,42,REPUBLICAN,DONALD J TRUMP,5054,REPUBLICAN,DONALD J TRUMP,7071,
JEFFERSON,2000,DEMOCRAT,AL GORE,2863,REPUBLICAN,GEORGE W. BUSH,3248,GREEN,RALPH NADER,206,OTHER,OTHER,1231,
JEFFERSON,2004,DEMOCRAT,JOHN KERRY,4490,REPUBLICAN,GEORGE W. BUSH,3648,OTHER,OTHER,143,
JEFFERSON,2008,DEMOCRAT,BARACK OBAMA,5070,REPUBLICAN,JOHN MCCAIN,3324,OTHER,OTHER,237,
JEFFERSON,2012,DEMOCRAT,BARACK OBAMA,4798,REPUBLICAN,MITT ROMNEY,3436,OTHER,OTHER,296,
JEFFERSON,2016,DEMOCRAT,HILLARY CLINTON,3710,REPUBLICAN,DONALD TRUMP,3748,OTHER,OTHER,698,
JEFFERSON,2020,DEMOCRAT,JOSEPH R BIDEN JR,3793,DEMOCRAT,JOSEPH R BIDEN JR,526,GREEN,OTHER,18,GREEN,OTHER,14,LIBERTARIAN,JO JORGENSEN,44,LIBERTARIAN,JO JORGENSEN,51,OTHER,OTHER,15,OTHER,OTHER,22,REPUBLICAN,DONALD J TRUMP,2267,REPUBLICAN,DONALD J TRUMP,2209,
JOHNSON,2000,DEMOCRAT,AL GORE,31174,REPUBLICAN,GEORGE W. BUSH,17899,GREEN,RALPH NADER,3248,OTHER,OTHER,448,
JOHNSON,2004,DEMOCRAT,JOHN KERRY,41847,REPUBLICAN,GEORGE W. BUSH,22715,OTHER,OTHER,811,
JOHNSON,2008,DEMOCRAT,BARACK OBAMA,51027,REPUBLICAN,JOHN MCCAIN,20732,OTHER,OTHER,1216,
JOHNSON,2012,DEMOCRAT,BARACK OBAMA,50666,REPUBLICAN,MITT ROMNEY,23698,OTHER,OTHER,1613,
JOHNSON,2016,DEMOCRAT,HILLARY CLINTON,50200,REPUBLICAN,DONALD TRUMP,21044,OTHER,OTHER,5696,
JOHNSON,2020,DEMOCRAT,JOSEPH R BIDEN JR,48664,DEMOCRAT,JOSEPH R BIDEN JR,10513,GREEN,OTHER,148,GREEN,OTHER,65,LIBERTARIAN,JO JORGENSEN,522,LIBERTARIAN,JO JORGENSEN,442,OTHER,OTHER,159,OTHER,OTHER,132,REPUBLICAN,DONALD J TRUMP,11179,REPUBLICAN,DONALD J TRUMP,12027,
JONES,2000,DEMOCRAT,AL GORE,4690,REPUBLICAN,GEORGE W. BUSH,4201,GREEN,RALPH NADER,195,OTHER,OTHER,57,
JONES,2004,DEMOCRAT,JOHN KERRY,5054,REPUBLICAN,GEORGE W. BUSH,4834,OTHER,OTHER,90,
JONES,2008,DEMOCRAT,BARACK OBAMA,5446,REPUBLICAN,JOHN MCCAIN,4405,OTHER,OTHER,153,
JONES,2012,DEMOCRAT,BARACK OBAMA,5534,REPUBLICAN,MITT ROMNEY,4721,OTHER,OTHER,194,
JONES,2016,DEMOCRAT,HILLARY CLINTON,3787,REPUBLICAN,DONALD TRUMP,5720,OTHER,OTHER,626,
JONES,2020,DEMOCRAT,JOSEPH R BIDEN JR,3145,DEMOCRAT,JOSEPH R BIDEN JR,1068,GREEN,OTHER,8,GREEN,OTHER,7,LIBERTARIAN,JO JORGENSEN,52,LIBERTARIAN,JO JORGENSEN,66,OTHER,OTHER,24,OTHER,OTHER,23,REPUBLICAN,DONALD J TRUMP,2782,REPUBLICAN,DONALD J TRUMP,3814,
KEOKUK,2000,DEMOCRAT,AL GORE,2181,REPUBLICAN,GEORGE W. BUSH,2571,GREEN,RALPH NADER,99,OTHER,OTHER,96,
KEOKUK,2004,DEMOCRAT,JOHN KERRY,2294,REPUBLICAN,GEORGE W. BUSH,3119,OTHER,OTHER,67,
KEOKUK,2008,DEMOCRAT,BARACK OBAMA,2518,REPUBLICAN,JOHN MCCAIN,2712,OTHER,OTHER,131,
KEOKUK,2012,DEMOCRAT,BARACK OBAMA,2303,REPUBLICAN,MITT ROMNEY,2843,OTHER,OTHER,120,
KEOKUK,2016,DEMOCRAT,HILLARY CLINTON,1342,REPUBLICAN,DONALD TRUMP,3390,OTHER,OTHER,253,
KEOKUK,2020,DEMOCRAT,JOSEPH R BIDEN JR,951,DEMOCRAT,JOSEPH R BIDEN JR,463,GREEN,OTHER,1,GREEN,OTHER,1,LIBERTARIAN,JO JORGENSEN,13,LIBERTARIAN,JO JORGENSEN,38,OTHER,OTHER,13,OTHER,OTHER,14,REPUBLICAN,DONALD J TRUMP,1384,REPUBLICAN,DONALD J TRUMP,2425,
KOSSUTH,2000,DEMOCRAT,AL GORE,3960,REPUBLICAN,GEORGE W. BUSH,4612,GREEN,RALPH NADER,206,OTHER,OTHER,100,
KOSSUTH,2004,DEMOCRAT,JOHN KERRY,4132,REPUBLICAN,GEORGE W. BUSH,5042,OTHER,OTHER,84,
KOSSUTH,2008,DEMOCRAT,BARACK OBAMA,4625,REPUBLICAN,JOHN MCCAIN,4329,OTHER,OTHER,143,
KOSSUTH,2012,DEMOCRAT,BARACK OBAMA,3850,REPUBLICAN,MITT ROMNEY,4937,OTHER,OTHER,136,
KOSSUTH,2016,DEMOCRAT,HILLARY CLINTON,2543,REPUBLICAN,DONALD TRUMP,5653,OTHER,OTHER,411,
KOSSUTH,2020,DEMOCRAT,JOSEPH R BIDEN JR,2111,DEMOCRAT,JOSEPH R BIDEN JR,585,GREEN,OTHER,6,GREEN,OTHER,4,LIBERTARIAN,JO JORGENSEN,29,LIBERTARIAN,JO JORGENSEN,32,OTHER,OTHER,15,OTHER,OTHER,20,REPUBLICAN,DONALD J TRUMP,2911,REPUBLICAN,DONALD J TRUMP,3377,
LEE,2000,DEMOCRAT,AL GORE,9632,REPUBLICAN,GEORGE W. BUSH,6339,GREEN,RALPH NADER,325,OTHER,OTHER,276,
LEE,2004,DEMOCRAT,JOHN KERRY,10152,REPUBLICAN,GEORGE W. BUSH,7472,OTHER,OTHER,234,
LEE,2008,DEMOCRAT,BARACK OBAMA,9821,REPUBLICAN,JOHN MCCAIN,7062,OTHER,OTHER,341,
LEE,2012,DEMOCRAT,BARACK OBAMA,10714,REPUBLICAN,MITT ROMNEY,7785,OTHER,OTHER,412,
LEE,2016,DEMOCRAT,HILLARY CLINTON,6215,REPUBLICAN,DONALD TRUMP,8803,OTHER,OTHER,1133,
LEE,2020,DEMOCRAT,JOSEPH R BIDEN JR,5106,DEMOCRAT,JOSEPH R BIDEN JR,1435,GREEN,OTHER,24,GREEN,OTHER,10,LIBERTARIAN,JO JORGENSEN,101,LIBERTARIAN,JO JORGENSEN,139,OTHER,OTHER,61,OTHER,OTHER,50,REPUBLICAN,DONALD J TRUMP,4547,REPUBLICAN,DONALD J TRUMP,5261,
LINN,2000,DEMOCRAT,AL GORE,48897,REPUBLICAN,GEORGE W. BUSH,40417,GREEN,RALPH NADER,2106,OTHER,OTHER,644,
LINN,2004,DEMOCRAT,JOHN KERRY,60442,REPUBLICAN,GEORGE W. BUSH,49442,OTHER,OTHER,856,
LINN,2008,DEMOCRAT,BARACK OBAMA,68037,REPUBLICAN,JOHN MCCAIN,43626,OTHER,OTHER,1692,
LINN,2012,DEMOCRAT,BARACK OBAMA,68581,REPUBLICAN,MITT ROMNEY,47622,OTHER,OTHER,2250,
LINN,2016,DEMOCRAT,HILLARY CLINTON,58935,REPUBLICAN,DONALD TRUMP,48390,OTHER,OTHER,9773,
LINN,2020,DEMOCRAT,JOSEPH R BIDEN JR,55470,DEMOCRAT,JOSEPH R BIDEN JR,15404,GREEN,OTHER,188,GREEN,OTHER,137,LIBERTARIAN,JO JORGENSEN,1018,LIBERTARIAN,JO JORGENSEN,997,OTHER,OTHER,269,OTHER,OTHER,231,REPUBLICAN,DONALD J TRUMP,24996,REPUBLICAN,DONALD J TRUMP,28748,
LOUISA,2000,DEMOCRAT,AL GORE,2294,REPUBLICAN,GEORGE W. BUSH,2207,GREEN,RALPH NADER,85,OTHER,OTHER,51,
LOUISA,2004,DEMOCRAT,JOHN KERRY,2297,REPUBLICAN,GEORGE W. BUSH,2572,OTHER,OTHER,47,
LOUISA,2008,DEMOCRAT,BARACK OBAMA,2523,REPUBLICAN,JOHN MCCAIN,2314,OTHER,OTHER,83,
LOUISA,2012,DEMOCRAT,BARACK OBAMA,2452,REPUBLICAN,MITT ROMNEY,2420,OTHER,OTHER,96,
LOUISA,2016,DEMOCRAT,HILLARY CLINTON,1648,REPUBLICAN,DONALD TRUMP,3069,OTHER,OTHER,291,
LOUISA,2020,DEMOCRAT,JOSEPH R BIDEN JR,1183,DEMOCRAT,JOSEPH R BIDEN JR,543,GREEN,OTHER,3,GREEN,OTHER,2,LIBERTARIAN,JO JORGENSEN,26,LIBERTARIAN,JO JORGENSEN,41,OTHER,OTHER,9,OTHER,OTHER,19,REPUBLICAN,DONALD J TRUMP,1532,REPUBLICAN,DONALD J TRUMP,1974,
LUCAS,2000,DEMOCRAT,AL GORE,1934,REPUBLICAN,GEORGE W. BUSH,2262,GREEN,RALPH NADER,65,OTHER,OTHER,42,
LUCAS,2004,DEMOCRAT,JOHN KERRY,1987,REPUBLICAN,GEORGE W. BUSH,2543,OTHER,OTHER,41,
LUCAS,2008,DEMOCRAT,BARACK OBAMA,2029,REPUBLICAN,JOHN MCCAIN,2330,OTHER,OTHER,112,
LUCAS,2012,DEMOCRAT,BARACK OBAMA,1987,REPUBLICAN,MITT ROMNEY,2254,OTHER,OTHER,82,
LUCAS,2016,DEMOCRAT,HILLARY CLINTON,1239,REPUBLICAN,DONALD TRUMP,2877,OTHER,OTHER,238,
LUCAS,2020,DEMOCRAT,JOSEPH R BIDEN JR,955,DEMOCRAT,JOSEPH R BIDEN JR,329,GREEN,OTHER,4,GREEN,OTHER,2,LIBERTARIAN,JO JORGENSEN,15,LIBERTARIAN,JO JORGENSEN,15,OTHER,OTHER,11,OTHER,OTHER,4,REPUBLICAN,DONALD J TRUMP,1622,REPUBLICAN,DONALD J TRUMP,1673,
LYON,2000,DEMOCRAT,AL GORE,1313,REPUBLICAN,GEORGE W. BUSH,3918,GREEN,RALPH NADER,68,OTHER,OTHER,43,
LYON,2004,DEMOCRAT,JOHN KERRY,1303,REPUBLICAN,GEORGE W. BUSH,4751,OTHER,OTHER,47,
LYON,2008,DEMOCRAT,BARACK OBAMA,1675,REPUBLICAN,JOHN MCCAIN,4471,OTHER,OTHER,71,
LYON,2012,DEMOCRAT,BARACK OBAMA,1423,REPUBLICAN,MITT ROMNEY,4978,OTHER,OTHER,108,
LYON,2016,DEMOCRAT,HILLARY CLINTON,920,REPUBLICAN,DONALD TRUMP,5192,OTHER,OTHER,265,
LYON,2020,DEMOCRAT,JOSEPH R BIDEN JR,756,DEMOCRAT,JOSEPH R BIDEN JR,311,GREEN,OTHER,5,GREEN,OTHER,1,LIBERTARIAN,JO JORGENSEN,22,LIBERTARIAN,JO JORGENSEN,34,OTHER,OTHER,5,OTHER,OTHER,11,REPUBLICAN,DONALD J TRUMP,2547,REPUBLICAN,DONALD J TRUMP,3171,
MADISON,2000,DEMOCRAT,AL GORE,3093,REPUBLICAN,GEORGE W. BUSH,3662,GREEN,RALPH NADER,128,OTHER,OTHER,86,
MADISON,2004,DEMOCRAT,JOHN KERRY,3380,REPUBLICAN,GEORGE W. BUSH,4538,OTHER,OTHER,86,
MADISON,2008,DEMOCRAT,BARACK OBAMA,3733,REPUBLICAN,JOHN MCCAIN,4579,OTHER,OTHER,168,
MADISON,2012,DEMOCRAT,BARACK OBAMA,3630,REPUBLICAN,MITT ROMNEY,4638,OTHER,OTHER,190,
MADISON,2016,DEMOCRAT,HILLARY CLINTON,2678,REPUBLICAN,DONALD TRUMP,5360,OTHER,OTHER,598,
MADISON,2020,DEMOCRAT,JOSEPH R BIDEN JR,2346,DEMOCRAT,JOSEPH R BIDEN JR,788,GREEN,OTHER,8,GREEN,OTHER,4,LIBERTARIAN,JO JORGENSEN,48,LIBERTARIAN,JO JORGENSEN,76,OTHER,OTHER,15,OTHER,OTHER,14,REPUBLICAN,DONALD J TRUMP,2935,REPUBLICAN,DONALD J TRUMP,3590,
MAHASKA,2000,DEMOCRAT,AL GORE,3370,REPUBLICAN,GEORGE W. BUSH,5971,GREEN,RALPH NADER,143,OTHER,OTHER,59,
MAHASKA,2004,DEMOCRAT,JOHN KERRY,3790,REPUBLICAN,GEORGE W. BUSH,6858,OTHER,OTHER,80,
MAHASKA,2008,DEMOCRAT,BARACK OBAMA,4464,REPUBLICAN,JOHN MCCAIN,6271,OTHER,OTHER,197,
MAHASKA,2012,DEMOCRAT,BARACK OBAMA,4213,REPUBLICAN,MITT ROMNEY,6448,OTHER,OTHER,222,
MAHASKA,2016,DEMOCRAT,HILLARY CLINTON,2619,REPUBLICAN,DONALD TRUMP,7432,OTHER,OTHER,581,
MAHASKA,2020,DEMOCRAT,JOSEPH R BIDEN JR,2283,DEMOCRAT,JOSEPH R BIDEN JR,611,GREEN,OTHER,4,GREEN,OTHER,9,LIBERTARIAN,JO JORGENSEN,47,LIBERTARIAN,JO JORGENSEN,87,OTHER,OTHER,25,OTHER,OTHER,18,REPUBLICAN,DONALD J TRUMP,4486,REPUBLICAN,DONALD J TRUMP,3834,
MARION,2000,DEMOCRAT,AL GORE,5741,REPUBLICAN,GEORGE W. BUSH,8358,GREEN,RALPH NADER,208,OTHER,OTHER,101,
MARION,2004,DEMOCRAT,JOHN KERRY,6574,REPUBLICAN,GEORGE W. BUSH,9990,OTHER,OTHER,132,
MARION,2008,DEMOCRAT,BARACK OBAMA,7421,REPUBLICAN,JOHN MCCAIN,9256,OTHER,OTHER,353,
MARION,2012,DEMOCRAT,BARACK OBAMA,7507,REPUBLICAN,MITT ROMNEY,9828,OTHER,OTHER,352,
MARION,2016,DEMOCRAT,HILLARY CLINTON,5482,REPUBLICAN,DONALD TRUMP,10962,OTHER,OTHER,1372,
MARION,2020,DEMOCRAT,JOSEPH R BIDEN JR,4478,DEMOCRAT,JOSEPH R BIDEN JR,1700,GREEN,OTHER,11,GREEN,OTHER,13,LIBERTARIAN,JO JORGENSEN,92,LIBERTARIAN,JO JORGENSEN,141,OTHER,OTHER,35,OTHER,OTHER,40,REPUBLICAN,DONALD J TRUMP,5576,REPUBLICAN,DONALD J TRUMP,7146,
MARSHALL,2000,DEMOCRAT,AL GORE,8322,REPUBLICAN,GEORGE W. BUSH,8785,GREEN,RALPH NADER,340,OTHER,OTHER,177,
MARSHALL,2004,DEMOCRAT,JOHN KERRY,9443,REPUBLICAN,GEORGE W. BUSH,9557,OTHER,OTHER,164,
MARSHALL,2008,DEMOCRAT,BARACK OBAMA,10023,REPUBLICAN,JOHN MCCAIN,8278,OTHER,OTHER,356,
MARSHALL,2012,DEMOCRAT,BARACK OBAMA,10257,REPUBLICAN,MITT ROMNEY,8472,OTHER,OTHER,335,
MARSHALL,2016,DEMOCRAT,HILLARY CLINTON,7652,REPUBLICAN,DONALD TRUMP,9146,OTHER,OTHER,1182,
MARSHALL,2020,DEMOCRAT,JOSEPH R BIDEN JR,6207,DEMOCRAT,JOSEPH R BIDEN JR,1969,GREEN,OTHER,19,GREEN,OTHER,12,LIBERTARIAN,JO JORGENSEN,92,LIBERTARIAN,JO JORGENSEN,124,OTHER,OTHER,60,OTHER,OTHER,43,REPUBLICAN,DONALD J TRUMP,5051,REPUBLICAN,DONALD J TRUMP,4559,
MILLS,2000,DEMOCRAT,AL GORE,2039,REPUBLICAN,GEORGE W. BUSH,3684,GREEN,RALPH NADER,126,OTHER,OTHER,66,
MILLS,2004,DEMOCRAT,JOHN KERRY,2308,REPUBLICAN,GEORGE W. BUSH,4556,OTHER,OTHER,76,
MILLS,2008,DEMOCRAT,BARACK OBAMA,2976,REPUBLICAN,JOHN MCCAIN,4183,OTHER,OTHER,123,
MILLS,2012,DEMOCRAT,BARACK OBAMA,2848,REPUBLICAN,MITT ROMNEY,4216,OTHER,OTHER,148,
MILLS,2016,DEMOCRAT,HILLARY CLINTON,2090,REPUBLICAN,DONALD TRUMP,5067,OTHER,OTHER,541,
MILLS,2020,DEMOCRAT,JOSEPH R BIDEN JR,1876,DEMOCRAT,JOSEPH R BIDEN JR,632,GREEN,OTHER,9,GREEN,OTHER,3,LIBERTARIAN,JO JORGENSEN,45,LIBERTARIAN,JO JORGENSEN,55,OTHER,OTHER,18,OTHER,OTHER,14,REPUBLICAN,DONALD J TRUMP,3160,REPUBLICAN,DONALD J TRUMP,2456,
MITCHELL,2000,DEMOCRAT,AL GORE,2650,REPUBLICAN,GEORGE W. BUSH,2388,GREEN,RALPH NADER,87,OTHER,OTHER,37,
MITCHELL,2004,DEMOCRAT,JOHN KERRY,2785,REPUBLICAN,GEORGE W. BUSH,2646,OTHER,OTHER,49,
MITCHELL,2008,DEMOCRAT,BARACK OBAMA,3179,REPUBLICAN,JOHN MCCAIN,2469,OTHER,OTHER,118,
MITCHELL,2012,DEMOCRAT,BARACK OBAMA,2831,REPUBLICAN,MITT ROMNEY,2643,OTHER,OTHER,112,
MITCHELL,2016,DEMOCRAT,HILLARY CLINTON,1888,REPUBLICAN,DONALD TRUMP,3190,OTHER,OTHER,339,
MITCHELL,2020,DEMOCRAT,JOSEPH R BIDEN JR,1603,DEMOCRAT,JOSEPH R BIDEN JR,450,GREEN,OTHER,6,GREEN,OTHER,3,LIBERTARIAN,JO JORGENSEN,27,LIBERTARIAN,JO JORGENSEN,29,OTHER,OTHER,13,OTHER,OTHER,7,REPUBLICAN,DONALD J TRUMP,1820,REPUBLICAN,DONALD J TRUMP,1864,
MONONA,2000,DEMOCRAT,AL GORE,2086,REPUBLICAN,GEORGE W. BUSH,2304,GREEN,RALPH NADER,93,OTHER,OTHER,77,
MONONA,2004,DEMOCRAT,JOHN KERRY,2397,REPUBLICAN,GEORGE W. BUSH,2575,OTHER,OTHER,46,
MONONA,2008,DEMOCRAT,BARACK OBAMA,2295,REPUBLICAN,JOHN MCCAIN,2411,OTHER,OTHER,90,
MONONA,2012,DEMOCRAT,BARACK OBAMA,2101,REPUBLICAN,MITT ROMNEY,2557,OTHER,OTHER,84,
MONONA,2016,DEMOCRAT,HILLARY CLINTON,1247,REPUBLICAN,DONALD TRUMP,3120,OTHER,OTHER,205,
MONONA,2020,DEMOCRAT,JOSEPH R BIDEN JR,948,DEMOCRAT,JOSEPH R BIDEN JR,459,GREEN,OTHER,0,GREEN,OTHER,3,LIBERTARIAN,JO JORGENSEN,5,LIBERTARIAN,JO JORGENSEN,31,OTHER,OTHER,10,OTHER,OTHER,10,REPUBLICAN,DONALD J TRUMP,1239,REPUBLICAN,DONALD J TRUMP,2023,
MONROE,2000,DEMOCRAT,AL GORE,1699,REPUBLICAN,GEORGE W. BUSH,1858,GREEN,RALPH NADER,54,OTHER,OTHER,36,
MONROE,2004,DEMOCRAT,JOHN KERRY,1855,REPUBLICAN,GEORGE W. BUSH,2067,OTHER,OTHER,41,
MONROE,2008,DEMOCRAT,BARACK OBAMA,1798,REPUBLICAN,JOHN MCCAIN,2000,OTHER,OTHER,75,
MONROE,2012,DEMOCRAT,BARACK OBAMA,1731,REPUBLICAN,MITT ROMNEY,2026,OTHER,OTHER,73,
MONROE,2016,DEMOCRAT,HILLARY CLINTON,1056,REPUBLICAN,DONALD TRUMP,2638,OTHER,OTHER,171,
MONROE,2020,DEMOCRAT,JOSEPH R BIDEN JR,844,DEMOCRAT,JOSEPH R BIDEN JR,234,GREEN,OTHER,1,GREEN,OTHER,2,LIBERTARIAN,JO JORGENSEN,10,LIBERTARIAN,JO JORGENSEN,11,OTHER,OTHER,6,OTHER,OTHER,2,REPUBLICAN,DONALD J TRUMP,1414,REPUBLICAN,DONALD J TRUMP,1564,
MONTGOMERY,2000,DEMOCRAT,AL GORE,1838,REPUBLICAN,GEORGE W. BUSH,3417,GREEN,RALPH NADER,85,OTHER,OTHER,54,
MONTGOMERY,2004,DEMOCRAT,JOHN KERRY,1899,REPUBLICAN,GEORGE W. BUSH,3601,OTHER,OTHER,56,
MONTGOMERY,2008,DEMOCRAT,BARACK OBAMA,2326,REPUBLICAN,JOHN MCCAIN,2887,OTHER,OTHER,74,
MONTGOMERY,2012,DEMOCRAT,BARACK OBAMA,1922,REPUBLICAN,MITT ROMNEY,3001,OTHER,OTHER,102,
MONTGOMERY,2016,DEMOCRAT,HILLARY CLINTON,1314,REPUBLICAN,DONALD TRUMP,3436,OTHER,OTHER,294,
MONTGOMERY,2020,DEMOCRAT,JOSEPH R BIDEN JR,1146,DEMOCRAT,JOSEPH R BIDEN JR,437,GREEN,OTHER,2,GREEN,OTHER,4,LIBERTARIAN,JO JORGENSEN,22,LIBERTARIAN,JO JORGENSEN,28,OTHER,OTHER,14,OTHER,OTHER,8,REPUBLICAN,DONALD J TRUMP,1722,REPUBLICAN,DONALD J TRUMP,1944,
MUSCATINE,2000,DEMOCRAT,AL GORE,8058,REPUBLICAN,GEORGE W. BUSH,7483,GREEN,RALPH NADER,371,OTHER,OTHER,164,
MUSCATINE,2004,DEMOCRAT,JOHN KERRY,9542,REPUBLICAN,GEORGE W. BUSH,9020,OTHER,OTHER,155,
MUSCATINE,2008,DEMOCRAT,BARACK OBAMA,10920,REPUBLICAN,JOHN MCCAIN,7929,OTHER,OTHER,270,
MUSCATINE,2012,DEMOCRAT,BARACK OBAMA,11323,REPUBLICAN,MITT ROMNEY,8168,OTHER,OTHER,374,
MUSCATINE,2016,DEMOCRAT,HILLARY CLINTON,8368,REPUBLICAN,DONALD TRUMP,9584,OTHER,OTHER,1482,
MUSCATINE,2020,DEMOCRAT,JOSEPH R BIDEN JR,6687,DEMOCRAT,JOSEPH R BIDEN JR,2685,GREEN,OTHER,32,GREEN,OTHER,25,LIBERTARIAN,JO JORGENSEN,114,LIBERTARIAN,JO JORGENSEN,179,OTHER,OTHER,44,OTHER,OTHER,40,REPUBLICAN,DONALD J TRUMP,5185,REPUBLICAN,DONALD J TRUMP,5680,
O'BRIEN,2000,DEMOCRAT,AL GORE,2170,REPUBLICAN,GEORGE W. BUSH,4674,GREEN,RALPH NADER,108,OTHER,OTHER,92,
O'BRIEN,2004,DEMOCRAT,JOHN KERRY,2330,REPUBLICAN,GEORGE W. BUSH,5328,OTHER,OTHER,73,
O'BRIEN,2008,DEMOCRAT,BARACK OBAMA,2338,REPUBLICAN,JOHN MCCAIN,4894,OTHER,OTHER,101,
O'BRIEN,2012,DEMOCRAT,BARACK OBAMA,1969,REPUBLICAN,MITT ROMNEY,5266,OTHER,OTHER,106,
O'BRIEN,2016,DEMOCRAT,HILLARY CLINTON,1315,REPUBLICAN,DONALD TRUMP,5752,OTHER,OTHER,339,
O'BRIEN,2020,DEMOCRAT,JOSEPH R BIDEN JR,1124,DEMOCRAT,JOSEPH R BIDEN JR,445,GREEN,OTHER,4,GREEN,OTHER,2,LIBERTARIAN,JO JORGENSEN,24,LIBERTARIAN,JO JORGENSEN,53,OTHER,OTHER,16,OTHER,OTHER,12,REPUBLICAN,DONALD J TRUMP,2487,REPUBLICAN,DONALD J TRUMP,3384,
OSCEOLA,2000,DEMOCRAT,AL GORE,913,REPUBLICAN,GEORGE W. BUSH,2064,GREEN,RALPH NADER,56,OTHER,OTHER,30,
OSCEOLA,2004,DEMOCRAT,JOHN KERRY,934,REPUBLICAN,GEORGE W. BUSH,2295,OTHER,OTHER,37,
OSCEOLA,2008,DEMOCRAT,BARACK OBAMA,1037,REPUBLICAN,JOHN MCCAIN,2027,OTHER,OTHER,63,
OSCEOLA,2012,DEMOCRAT,BARACK OBAMA,912,REPUBLICAN,MITT ROMNEY,2230,OTHER,OTHER,52,
OSCEOLA,2016,DEMOCRAT,HILLARY CLINTON,552,REPUBLICAN,DONALD TRUMP,2531,OTHER,OTHER,130,
OSCEOLA,2020,DEMOCRAT,JOSEPH R BIDEN JR,370,DEMOCRAT,JOSEPH R BIDEN JR,231,GREEN,OTHER,3,GREEN,OTHER,1,LIBERTARIAN,JO JORGENSEN,10,LIBERTARIAN,JO JORGENSEN,8,OTHER,OTHER,5,OTHER,OTHER,5,REPUBLICAN,DONALD J TRUMP,1080,REPUBLICAN,DONALD J TRUMP,1615,
PAGE,2000,DEMOCRAT,AL GORE,2293,REPUBLICAN,GEORGE W. BUSH,4588,GREEN,RALPH NADER,125,OTHER,OTHER,53,
PAGE,2004,DEMOCRAT,JOHN KERRY,2211,REPUBLICAN,GEORGE W. BUSH,5243,OTHER,OTHER,59,
PAGE,2008,DEMOCRAT,BARACK OBAMA,2900,REPUBLICAN,JOHN MCCAIN,4351,OTHER,OTHER,105,
PAGE,2012,DEMOCRAT,BARACK OBAMA,2613,REPUBLICAN,MITT ROMNEY,4348,OTHER,OTHER,118,
PAGE,2016,DEMOCRAT,HILLARY CLINTON,1807,REPUBLICAN,DONALD TRUMP,4893,OTHER,OTHER,344,
PAGE,2020,DEMOCRAT,JOSEPH R BIDEN JR,1542,DEMOCRAT,JOSEPH R BIDEN JR,544,GREEN,OTHER,4,GREEN,OTHER,6,LIBERTARIAN,JO JORGENSEN,35,LIBERTARIAN,JO JORGENSEN,41,OTHER,OTHER,21,OTHER,OTHER,7,REPUBLICAN,DONALD J TRUMP,2674,REPUBLICAN,DONALD J TRUMP,2654,
PALO ALTO,2000,DEMOCRAT,AL GORE,2326,REPUBLICAN,GEORGE W. BUSH,2341,GREEN,RALPH NADER,81,OTHER,OTHER,75,
PALO ALTO,2004,DEMOCRAT,JOHN KERRY,2482,REPUBLICAN,GEORGE W. BUSH,2674,OTHER,OTHER,35,
PALO ALTO,2008,DEMOCRAT,BARACK OBAMA,2428,REPUBLICAN,JOHN MCCAIN,2294,OTHER,OTHER,84,
PALO ALTO,2012,DEMOCRAT,BARACK OBAMA,2139,REPUBLICAN,MITT ROMNEY,2660,OTHER,OTHER,88,
PALO ALTO,2016,DEMOCRAT,HILLARY CLINTON,1398,REPUBLICAN,DONALD TRUMP,3081,OTHER,OTHER,224,
PALO ALTO,2020,DEMOCRAT,JOSEPH R BIDEN JR,1122,DEMOCRAT,JOSEPH R BIDEN JR,397,GREEN,OTHER,5,GREEN,OTHER,3,LIBERTARIAN,JO JORGENSEN,18,LIBERTARIAN,JO JORGENSEN,25,OTHER,OTHER,4,OTHER,OTHER,6,REPUBLICAN,DONALD J TRUMP,1631,REPUBLICAN,DONALD J TRUMP,1747,
PLYMOUTH,2000,DEMOCRAT,AL GORE,3499,REPUBLICAN,GEORGE W. BUSH,6189,GREEN,RALPH NADER,198,OTHER,OTHER,232,
PLYMOUTH,2004,DEMOCRAT,JOHN KERRY,4278,REPUBLICAN,GEORGE W. BUSH,7810,OTHER,OTHER,134,
PLYMOUTH,2008,DEMOCRAT,BARACK OBAMA,4629,REPUBLICAN,JOHN MCCAIN,7765,OTHER,OTHER,118,
PLYMOUTH,2012,DEMOCRAT,BARACK OBAMA,4164,REPUBLICAN,MITT ROMNEY,8597,OTHER,OTHER,189,
PLYMOUTH,2016,DEMOCRAT,HILLARY CLINTON,2885,REPUBLICAN,DONALD TRUMP,9680,OTHER,OTHER,625,
PLYMOUTH,2020,DEMOCRAT,JOSEPH R BIDEN JR,2510,DEMOCRAT,JOSEPH R BIDEN JR,984,GREEN,OTHER,7,GREEN,OTHER,6,LIBERTARIAN,JO JORGENSEN,45,LIBERTARIAN,JO JORGENSEN,67,OTHER,OTHER,31,OTHER,OTHER,23,REPUBLICAN,DONALD J TRUMP,5047,REPUBLICAN,DONALD J TRUMP,5468,
POCAHONTAS,2000,DEMOCRAT,AL GORE,1736,REPUBLICAN,GEORGE W. BUSH,2242,GREEN,RALPH NADER,78,OTHER,OTHER,85,
POCAHONTAS,2004,DEMOCRAT,JOHN KERRY,1822,REPUBLICAN,GEORGE W. BUSH,2441,OTHER,OTHER,50,
POCAHONTAS,2008,DEMOCRAT,BARACK OBAMA,1800,REPUBLICAN,JOHN MCCAIN,2138,OTHER,OTHER,73,
POCAHONTAS,2012,DEMOCRAT,BARACK OBAMA,1523,REPUBLICAN,MITT ROMNEY,2396,OTHER,OTHER,113,
POCAHONTAS,2016,DEMOCRAT,HILLARY CLINTON,963,REPUBLICAN,DONALD TRUMP,2702,OTHER,OTHER,200,
POCAHONTAS,2020,DEMOCRAT,JOSEPH R BIDEN JR,700,DEMOCRAT,JOSEPH R BIDEN JR,233,GREEN,OTHER,2,GREEN,OTHER,0,LIBERTARIAN,JO JORGENSEN,17,LIBERTARIAN,JO JORGENSEN,20,OTHER,OTHER,14,OTHER,OTHER,5,REPUBLICAN,DONALD J TRUMP,1315,REPUBLICAN,DONALD J TRUMP,1517,
POLK,2000,DEMOCRAT,AL GORE,89715,REPUBLICAN,GEORGE W. BUSH,79927,GREEN,RALPH NADER,3366,OTHER,OTHER,1159,
POLK,2004,DEMOCRAT,JOHN KERRY,105218,REPUBLICAN,GEORGE W. BUSH,95828,OTHER,OTHER,1572,
POLK,2008,DEMOCRAT,BARACK OBAMA,120984,REPUBLICAN,JOHN MCCAIN,89668,OTHER,OTHER,3734,
POLK,2012,DEMOCRAT,BARACK OBAMA,128465,REPUBLICAN,MITT ROMNEY,96096,OTHER,OTHER,4321,
POLK,2016,DEMOCRAT,HILLARY CLINTON,119804,REPUBLICAN,DONALD TRUMP,93492,OTHER,OTHER,18259,
POLK,2020,DEMOCRAT,JOSEPH R BIDEN JR,100944,DEMOCRAT,JOSEPH R BIDEN JR,45306,GREEN,OTHER,239,GREEN,OTHER,248,LIBERTARIAN,JO JORGENSEN,1322,LIBERTARIAN,JO JORGENSEN,2000,OTHER,OTHER,522,OTHER,OTHER,610,REPUBLICAN,DONALD J TRUMP,37909,REPUBLICAN,DONALD J TRUMP,69655,
POTTAWATTAMIE,2000,DEMOCRAT,AL GORE,14726,REPUBLICAN,GEORGE W. BUSH,18783,GREEN,RALPH NADER,690,OTHER,OTHER,268,
POTTAWATTAMIE,2004,DEMOCRAT,JOHN KERRY,16906,REPUBLICAN,GEORGE W. BUSH,24558,OTHER,OTHER,356,
POTTAWATTAMIE,2008,DEMOCRAT,BARACK OBAMA,20436,REPUBLICAN,JOHN MCCAIN,21237,OTHER,OTHER,647,
POTTAWATTAMIE,2012,DEMOCRAT,BARACK OBAMA,19644,REPUBLICAN,MITT ROMNEY,21860,OTHER,OTHER,797,
POTTAWATTAMIE,2016,DEMOCRAT,HILLARY CLINTON,15355,REPUBLICAN,DONALD TRUMP,24447,OTHER,OTHER,2878,
POTTAWATTAMIE,2020,DEMOCRAT,JOSEPH R BIDEN JR,14062,DEMOCRAT,JOSEPH R BIDEN JR,4513,GREEN,OTHER,58,GREEN,OTHER,35,LIBERTARIAN,JO JORGENSEN,265,LIBERTARIAN,JO JORGENSEN,287,OTHER,OTHER,114,OTHER,OTHER,58,REPUBLICAN,DONALD J TRUMP,12944,REPUBLICAN,DONALD J TRUMP,13408,
POWESHIEK,2000,DEMOCRAT,AL GORE,4222,REPUBLICAN,GEORGE W. BUSH,4396,GREEN,RALPH NADER,287,OTHER,OTHER,75,
POWESHIEK,2004,DEMOCRAT,JOHN KERRY,5043,REPUBLICAN,GEORGE W. BUSH,4965,OTHER,OTHER,83,
POWESHIEK,2008,DEMOCRAT,BARACK OBAMA,5519,REPUBLICAN,JOHN MCCAIN,4340,OTHER,OTHER,172,
POWESHIEK,2012,DEMOCRAT,BARACK OBAMA,5357,REPUBLICAN,MITT ROMNEY,4424,OTHER,OTHER,194,
POWESHIEK,2016,DEMOCRAT,HILLARY CLINTON,4304,REPUBLICAN,DONALD TRUMP,4946,OTHER,OTHER,583,
POWESHIEK,2020,DEMOCRAT,JOSEPH R BIDEN JR,3489,DEMOCRAT,JOSEPH R BIDEN JR,817,GREEN,OTHER,17,GREEN,OTHER,9,LIBERTARIAN,JO JORGENSEN,39,LIBERTARIAN,JO JORGENSEN,51,OTHER,OTHER,27,OTHER,OTHER,18,REPUBLICAN,DONALD J TRUMP,2713,REPUBLICAN,DONALD J TRUMP,2960,
RINGGOLD,2000,DEMOCRAT,AL GORE,1246,REPUBLICAN,GEORGE W. BUSH,1369,GREEN,RALPH NADER,47,OTHER,OTHER,30,
RINGGOLD,2004,DEMOCRAT,JOHN KERRY,1286,REPUBLICAN,GEORGE W. BUSH,1466,OTHER,OTHER,26,
RINGGOLD,2008,DEMOCRAT,BARACK OBAMA,1236,REPUBLICAN,JOHN MCCAIN,1401,OTHER,OTHER,52,
RINGGOLD,2012,DEMOCRAT,BARACK OBAMA,1186,REPUBLICAN,MITT ROMNEY,1368,OTHER,OTHER,45,
RINGGOLD,2016,DEMOCRAT,HILLARY CLINTON,753,REPUBLICAN,DONALD TRUMP,1824,OTHER,OTHER,130,
RINGGOLD,2020,DEMOCRAT,JOSEPH R BIDEN JR,571,DEMOCRAT,JOSEPH R BIDEN JR,138,GREEN,OTHER,2,GREEN,OTHER,0,LIBERTARIAN,JO JORGENSEN,8,LIBERTARIAN,JO JORGENSEN,10,OTHER,OTHER,7,OTHER,OTHER,4,REPUBLICAN,DONALD J TRUMP,944,REPUBLICAN,DONALD J TRUMP,1030,
SAC,2000,DEMOCRAT,AL GORE,2099,REPUBLICAN,GEORGE W. BUSH,2776,GREEN,RALPH NADER,97,OTHER,OTHER,61,
SAC,2004,DEMOCRAT,JOHN KERRY,2215,REPUBLICAN,GEORGE W. BUSH,3128,OTHER,OTHER,31,
SAC,2008,DEMOCRAT,BARACK OBAMA,2256,REPUBLICAN,JOHN MCCAIN,2705,OTHER,OTHER,92,
SAC,2012,DEMOCRAT,BARACK OBAMA,2122,REPUBLICAN,MITT ROMNEY,3094,OTHER,OTHER,75,
SAC,2016,DEMOCRAT,HILLARY CLINTON,1270,REPUBLICAN,DONALD TRUMP,3703,OTHER,OTHER,239,
SAC,2020,DEMOCRAT,JOSEPH R BIDEN JR,948,DEMOCRAT,JOSEPH R BIDEN JR,441,GREEN,OTHER,3,GREEN,OTHER,3,LIBERTARIAN,JO JORGENSEN,12,LIBERTARIAN,JO JORGENSEN,35,OTHER,OTHER,15,OTHER,OTHER,9,REPUBLICAN,DONALD J TRUMP,1602,REPUBLICAN,DONALD J TRUMP,2467,
SCOTT,2000,DEMOCRAT,AL GORE,35857,REPUBLICAN,GEORGE W. BUSH,32801,GREEN,RALPH NADER,1386,OTHER,OTHER,524,
SCOTT,2004,DEMOCRAT,JOHN KERRY,42122,REPUBLICAN,GEORGE W. BUSH,39958,OTHER,OTHER,642,
SCOTT,2008,DEMOCRAT,BARACK OBAMA,48927,REPUBLICAN,JOHN MCCAIN,36365,OTHER,OTHER,1079,
SCOTT,2012,DEMOCRAT,BARACK OBAMA,50652,REPUBLICAN,MITT ROMNEY,38251,OTHER,OTHER,1360,
SCOTT,2016,DEMOCRAT,HILLARY CLINTON,40440,REPUBLICAN,DONALD TRUMP,39149,OTHER,OTHER,6631,
SCOTT,2020,DEMOCRAT,JOSEPH R BIDEN JR,37826,DEMOCRAT,JOSEPH R BIDEN JR,9100,GREEN,OTHER,118,GREEN,OTHER,91,LIBERTARIAN,JO JORGENSEN,557,LIBERTARIAN,JO JORGENSEN,567,OTHER,OTHER,215,OTHER,OTHER,167,REPUBLICAN,DONALD J TRUMP,24946,REPUBLICAN,DONALD J TRUMP,19012,
SHELBY,2000,DEMOCRAT,AL GORE,2179,REPUBLICAN,GEORGE W. BUSH,3655,GREEN,RALPH NADER,113,OTHER,OTHER,62,
SHELBY,2004,DEMOCRAT,JOHN KERRY,2355,REPUBLICAN,GEORGE W. BUSH,4256,OTHER,OTHER,59,
SHELBY,2008,DEMOCRAT,BARACK OBAMA,2863,REPUBLICAN,JOHN MCCAIN,3488,OTHER,OTHER,102,
SHELBY,2012,DEMOCRAT,BARACK OBAMA,2469,REPUBLICAN,MITT ROMNEY,3911,OTHER,OTHER,103,
SHELBY,2016,DEMOCRAT,HILLARY CLINTON,1662,REPUBLICAN,DONALD TRUMP,4362,OTHER,OTHER,346,
SHELBY,2020,DEMOCRAT,JOSEPH R BIDEN JR,1541,DEMOCRAT,JOSEPH R BIDEN JR,418,GREEN,OTHER,2,GREEN,OTHER,5,LIBERTARIAN,JO JORGENSEN,40,LIBERTARIAN,JO JORGENSEN,43,OTHER,OTHER,24,OTHER,OTHER,11,REPUBLICAN,DONALD J TRUMP,2674,REPUBLICAN,DONALD J TRUMP,2037,
SIOUX,2000,DEMOCRAT,AL GORE,2148,REPUBLICAN,GEORGE W. BUSH,12241,GREEN,RALPH NADER,156,OTHER,OTHER,147,
SIOUX,2004,DEMOCRAT,JOHN KERRY,2259,REPUBLICAN,GEORGE W. BUSH,14229,OTHER,OTHER,82,
SIOUX,2008,DEMOCRAT,BARACK OBAMA,3030,REPUBLICAN,JOHN MCCAIN,13490,OTHER,OTHER,144,
SIOUX,2012,DEMOCRAT,BARACK OBAMA,2700,REPUBLICAN,MITT ROMNEY,14407,OTHER,OTHER,201,
SIOUX,2016,DEMOCRAT,HILLARY CLINTON,2300,REPUBLICAN,DONALD TRUMP,14785,OTHER,OTHER,1109,
SIOUX,2020,DEMOCRAT,JOSEPH R BIDEN JR,1941,DEMOCRAT,JOSEPH R BIDEN JR,1078,GREEN,OTHER,12,GREEN,OTHER,11,LIBERTARIAN,JO JORGENSEN,57,LIBERTARIAN,JO JORGENSEN,113,OTHER,OTHER,33,OTHER,OTHER,31,REPUBLICAN,DONALD J TRUMP,6314,REPUBLICAN,DONALD J TRUMP,9461,
STORY,2000,DEMOCRAT,AL GORE,17478,REPUBLICAN,GEORGE W. BUSH,16228,GREEN,RALPH NADER,1317,OTHER,OTHER,341,
STORY,2004,DEMOCRAT,JOHN KERRY,23296,REPUBLICAN,GEORGE W. BUSH,20819,OTHER,OTHER,537,
STORY,2008,DEMOCRAT,BARACK OBAMA,26548,REPUBLICAN,JOHN MCCAIN,18995,OTHER,OTHER,1032,
STORY,2012,DEMOCRAT,BARACK OBAMA,26192,REPUBLICAN,MITT ROMNEY,19668,OTHER,OTHER,1290,
STORY,2016,DEMOCRAT,HILLARY CLINTON,25709,REPUBLICAN,DONALD TRUMP,19458,OTHER,OTHER,5500,
STORY,2020,DEMOCRAT,JOSEPH R BIDEN JR,21595,DEMOCRAT,JOSEPH R BIDEN JR,7580,GREEN,OTHER,73,GREEN,OTHER,74,LIBERTARIAN,JO JORGENSEN,351,LIBERTARIAN,JO JORGENSEN,573,OTHER,OTHER,113,OTHER,OTHER,138,REPUBLICAN,DONALD J TRUMP,8208,REPUBLICAN,DONALD J TRUMP,12333,
TAMA,2000,DEMOCRAT,AL GORE,4045,REPUBLICAN,GEORGE W. BUSH,4034,GREEN,RALPH NADER,160,OTHER,OTHER,76,
TAMA,2004,DEMOCRAT,JOHN KERRY,4487,REPUBLICAN,GEORGE W. BUSH,4456,OTHER,OTHER,58,
TAMA,2008,DEMOCRAT,BARACK OBAMA,4899,REPUBLICAN,JOHN MCCAIN,3820,OTHER,OTHER,131,
TAMA,2012,DEMOCRAT,BARACK OBAMA,4768,REPUBLICAN,MITT ROMNEY,4098,OTHER,OTHER,151,
TAMA,2016,DEMOCRAT,HILLARY CLINTON,3196,REPUBLICAN,DONALD TRUMP,4971,OTHER,OTHER,585,
TAMA,2020,DEMOCRAT,JOSEPH R BIDEN JR,2082,DEMOCRAT,JOSEPH R BIDEN JR,1495,GREEN,OTHER,10,GREEN,OTHER,9,LIBERTARIAN,JO JORGENSEN,33,LIBERTARIAN,JO JORGENSEN,54,OTHER,OTHER,13,OTHER,OTHER,27,REPUBLICAN,DONALD J TRUMP,1820,REPUBLICAN,DONALD J TRUMP,3505,
TAYLOR,2000,DEMOCRAT,AL GORE,1247,REPUBLICAN,GEORGE W. BUSH,1770,GREEN,RALPH NADER,46,OTHER,OTHER,33,
TAYLOR,2004,DEMOCRAT,JOHN KERRY,1252,REPUBLICAN,GEORGE W. BUSH,1908,OTHER,OTHER,30,
TAYLOR,2008,DEMOCRAT,BARACK OBAMA,1347,REPUBLICAN,JOHN MCCAIN,1607,OTHER,OTHER,72,
TAYLOR,2012,DEMOCRAT,BARACK OBAMA,1262,REPUBLICAN,MITT ROMNEY,1683,OTHER,OTHER,50,
TAYLOR,2016,DEMOCRAT,HILLARY CLINTON,758,REPUBLICAN,DONALD TRUMP,2111,OTHER,OTHER,160,
TAYLOR,2020,DEMOCRAT,JOSEPH R BIDEN JR,473,DEMOCRAT,JOSEPH R BIDEN JR,273,GREEN,OTHER,0,GREEN,OTHER,1,LIBERTARIAN,JO JORGENSEN,6,LIBERTARIAN,JO JORGENSEN,11,OTHER,OTHER,6,OTHER,OTHER,9,REPUBLICAN,DONALD J TRUMP,891,REPUBLICAN,DONALD J TRUMP,1579,
UNION,2000,DEMOCRAT,AL GORE,2540,REPUBLICAN,GEORGE W. BUSH,3003,GREEN,RALPH NADER,108,OTHER,OTHER,89,
UNION,2004,DEMOCRAT,JOHN KERRY,2747,REPUBLICAN,GEORGE W. BUSH,3165,OTHER,OTHER,66,
UNION,2008,DEMOCRAT,BARACK OBAMA,3000,REPUBLICAN,JOHN MCCAIN,2781,OTHER,OTHER,128,
UNION,2012,DEMOCRAT,BARACK OBAMA,3043,REPUBLICAN,MITT ROMNEY,2813,OTHER,OTHER,101,
UNION,2016,DEMOCRAT,HILLARY CLINTON,1922,REPUBLICAN,DONALD TRUMP,3525,OTHER,OTHER,385,
UNION,2020,DEMOCRAT,JOSEPH R BIDEN JR,1581,DEMOCRAT,JOSEPH R BIDEN JR,480,GREEN,OTHER,5,GREEN,OTHER,5,LIBERTARIAN,JO JORGENSEN,24,LIBERTARIAN,JO JORGENSEN,37,OTHER,OTHER,16,OTHER,OTHER,13,REPUBLICAN,DONALD J TRUMP,2040,REPUBLICAN,DONALD J TRUMP,1984,
VAN BUREN,2000,DEMOCRAT,AL GORE,1440,REPUBLICAN,GEORGE W. BUSH,2016,GREEN,RALPH NADER,51,OTHER,OTHER,54,
VAN BUREN,2004,DEMOCRAT,JOHN KERRY,1568,REPUBLICAN,GEORGE W. BUSH,2211,OTHER,OTHER,57,
VAN BUREN,2008,DEMOCRAT,BARACK OBAMA,1546,REPUBLICAN,JOHN MCCAIN,1986,OTHER,OTHER,76,
VAN BUREN,2012,DEMOCRAT,BARACK OBAMA,1402,REPUBLICAN,MITT ROMNEY,2064,OTHER,OTHER,103,
VAN BUREN,2016,DEMOCRAT,HILLARY CLINTON,845,REPUBLICAN,DONALD TRUMP,2527,OTHER,OTHER,189,
VAN BUREN,2020,DEMOCRAT,JOSEPH R BIDEN JR,546,DEMOCRAT,JOSEPH R BIDEN JR,329,GREEN,OTHER,1,GREEN,OTHER,5,LIBERTARIAN,JO JORGENSEN,6,LIBERTARIAN,JO JORGENSEN,17,OTHER,OTHER,5,OTHER,OTHER,12,REPUBLICAN,DONALD J TRUMP,931,REPUBLICAN,DONALD J TRUMP,1939,
WAPELLO,2000,DEMOCRAT,AL GORE,8355,REPUBLICAN,GEORGE W. BUSH,6313,GREEN,RALPH NADER,317,OTHER,OTHER,154,
WAPELLO,2004,DEMOCRAT,JOHN KERRY,9125,REPUBLICAN,GEORGE W. BUSH,7403,OTHER,OTHER,179,
WAPELLO,2008,DEMOCRAT,BARACK OBAMA,8820,REPUBLICAN,JOHN MCCAIN,6663,OTHER,OTHER,448,
WAPELLO,2012,DEMOCRAT,BARACK OBAMA,8663,REPUBLICAN,MITT ROMNEY,6789,OTHER,OTHER,318,
WAPELLO,2016,DEMOCRAT,HILLARY CLINTON,5594,REPUBLICAN,DONALD TRUMP,8715,OTHER,OTHER,840,
WAPELLO,2020,DEMOCRAT,JOSEPH R BIDEN JR,4383,DEMOCRAT,JOSEPH R BIDEN JR,1438,GREEN,OTHER,9,GREEN,OTHER,13,LIBERTARIAN,JO JORGENSEN,63,LIBERTARIAN,JO JORGENSEN,137,OTHER,OTHER,27,OTHER,OTHER,27,REPUBLICAN,DONALD J TRUMP,3962,REPUBLICAN,DONALD J TRUMP,5574,
WARREN,2000,DEMOCRAT,AL GORE,9521,REPUBLICAN,GEORGE W. BUSH,9621,GREEN,RALPH NADER,371,OTHER,OTHER,140,
WARREN,2004,DEMOCRAT,JOHN KERRY,10730,REPUBLICAN,GEORGE W. BUSH,12160,OTHER,OTHER,163,
WARREN,2008,DEMOCRAT,BARACK OBAMA,12299,REPUBLICAN,JOHN MCCAIN,12144,OTHER,OTHER,437,
WARREN,2012,DEMOCRAT,BARACK OBAMA,12551,REPUBLICAN,MITT ROMNEY,13052,OTHER,OTHER,469,
WARREN,2016,DEMOCRAT,HILLARY CLINTON,10411,REPUBLICAN,DONALD TRUMP,14814,OTHER,OTHER,2075,
WARREN,2020,DEMOCRAT,JOSEPH R BIDEN JR,9463,DEMOCRAT,JOSEPH R BIDEN JR,3111,GREEN,OTHER,28,GREEN,OTHER,23,LIBERTARIAN,JO JORGENSEN,157,LIBERTARIAN,JO JORGENSEN,273,OTHER,OTHER,60,OTHER,OTHER,56,REPUBLICAN,DONALD J TRUMP,7824,REPUBLICAN,DONALD J TRUMP,10044,
WASHINGTON,2000,DEMOCRAT,AL GORE,3932,REPUBLICAN,GEORGE W. BUSH,4827,GREEN,RALPH NADER,245,OTHER,OTHER,90,
WASHINGTON,2004,DEMOCRAT,JOHN KERRY,4595,REPUBLICAN,GEORGE W. BUSH,5977,OTHER,OTHER,116,
WASHINGTON,2008,DEMOCRAT,BARACK OBAMA,5170,REPUBLICAN,JOHN MCCAIN,5247,OTHER,OTHER,209,
WASHINGTON,2012,DEMOCRAT,BARACK OBAMA,5115,REPUBLICAN,MITT ROMNEY,5562,OTHER,OTHER,327,
WASHINGTON,2016,DEMOCRAT,HILLARY CLINTON,3943,REPUBLICAN,DONALD TRUMP,6173,OTHER,OTHER,813,
WASHINGTON,2020,DEMOCRAT,JOSEPH R BIDEN JR,3547,DEMOCRAT,JOSEPH R BIDEN JR,1014,GREEN,OTHER,18,GREEN,OTHER,3,LIBERTARIAN,JO JORGENSEN,57,LIBERTARIAN,JO JORGENSEN,87,OTHER,OTHER,22,OTHER,OTHER,26,REPUBLICAN,DONALD J TRUMP,3400,REPUBLICAN,DONALD J TRUMP,3591,
WAYNE,2000,DEMOCRAT,AL GORE,1300,REPUBLICAN,GEORGE W. BUSH,1666,GREEN,RALPH NADER,31,OTHER,OTHER,24,
WAYNE,2004,DEMOCRAT,JOHN KERRY,1379,REPUBLICAN,GEORGE W. BUSH,1733,OTHER,OTHER,21,
WAYNE,2008,DEMOCRAT,BARACK OBAMA,1357,REPUBLICAN,JOHN MCCAIN,1565,OTHER,OTHER,58,
WAYNE,2012,DEMOCRAT,BARACK OBAMA,1251,REPUBLICAN,MITT ROMNEY,1583,OTHER,OTHER,66,
WAYNE,2016,DEMOCRAT,HILLARY CLINTON,719,REPUBLICAN,DONALD TRUMP,2069,OTHER,OTHER,152,
WAYNE,2020,DEMOCRAT,JOSEPH R BIDEN JR,544,DEMOCRAT,JOSEPH R BIDEN JR,183,GREEN,OTHER,2,GREEN,OTHER,1,LIBERTARIAN,JO JORGENSEN,12,LIBERTARIAN,JO JORGENSEN,8,OTHER,OTHER,11,OTHER,OTHER,4,REPUBLICAN,DONALD J TRUMP,1042,REPUBLICAN,DONALD J TRUMP,1302,
WEBSTER,2000,DEMOCRAT,AL GORE,8479,REPUBLICAN,GEORGE W. BUSH,8172,GREEN,RALPH NADER,282,OTHER,OTHER,115,
WEBSTER,2004,DEMOCRAT,JOHN KERRY,9561,REPUBLICAN,GEORGE W. BUSH,8959,OTHER,OTHER,111,
WEBSTER,2008,DEMOCRAT,BARACK OBAMA,9917,REPUBLICAN,JOHN MCCAIN,8337,OTHER,OTHER,300,
WEBSTER,2012,DEMOCRAT,BARACK OBAMA,9537,REPUBLICAN,MITT ROMNEY,8469,OTHER,OTHER,286,
WEBSTER,2016,DEMOCRAT,HILLARY CLINTON,6305,REPUBLICAN,DONALD TRUMP,10056,OTHER,OTHER,1069,
WEBSTER,2020,DEMOCRAT,JOSEPH R BIDEN JR,4942,DEMOCRAT,JOSEPH R BIDEN JR,1671,GREEN,OTHER,12,GREEN,OTHER,14,LIBERTARIAN,JO JORGENSEN,48,LIBERTARIAN,JO JORGENSEN,80,OTHER,OTHER,39,OTHER,OTHER,46,REPUBLICAN,DONALD J TRUMP,5031,REPUBLICAN,DONALD J TRUMP,5939,
WINNEBAGO,2000,DEMOCRAT,AL GORE,2691,REPUBLICAN,GEORGE W. BUSH,2662,GREEN,RALPH NADER,115,OTHER,OTHER,59,
WINNEBAGO,2004,DEMOCRAT,JOHN KERRY,2707,REPUBLICAN,GEORGE W. BUSH,3175,OTHER,OTHER,70,
WINNEBAGO,2008,DEMOCRAT,BARACK OBAMA,3254,REPUBLICAN,JOHN MCCAIN,2730,OTHER,OTHER,98,
WINNEBAGO,2012,DEMOCRAT,BARACK OBAMA,2903,REPUBLICAN,MITT ROMNEY,2906,OTHER,OTHER,109,
WINNEBAGO,2016,DEMOCRAT,HILLARY CLINTON,1931,REPUBLICAN,DONALD TRUMP,3447,OTHER,OTHER,409,
WINNEBAGO,2020,DEMOCRAT,JOSEPH R BIDEN JR,1484,DEMOCRAT,JOSEPH R BIDEN JR,651,GREEN,OTHER,5,GREEN,OTHER,3,LIBERTARIAN,JO JORGENSEN,16,LIBERTARIAN,JO JORGENSEN,56,OTHER,OTHER,10,OTHER,OTHER,19,REPUBLICAN,DONALD J TRUMP,1436,REPUBLICAN,DONALD J TRUMP,2290,
WINNESHIEK,2000,DEMOCRAT,AL GORE,4339,REPUBLICAN,GEORGE W. BUSH,4647,GREEN,RALPH NADER,343,OTHER,OTHER,88,
WINNESHIEK,2004,DEMOCRAT,JOHN KERRY,5354,REPUBLICAN,GEORGE W. BUSH,5324,OTHER,OTHER,106,
WINNESHIEK,2008,DEMOCRAT,BARACK OBAMA,6829,REPUBLICAN,JOHN MCCAIN,4273,OTHER,OTHER,178,
WINNESHIEK,2012,DEMOCRAT,BARACK OBAMA,6256,REPUBLICAN,MITT ROMNEY,4622,OTHER,OTHER,206,
WINNESHIEK,2016,DEMOCRAT,HILLARY CLINTON,5254,REPUBLICAN,DONALD TRUMP,5344,OTHER,OTHER,764,
WINNESHIEK,2020,DEMOCRAT,JOSEPH R BIDEN JR,4862,DEMOCRAT,JOSEPH R BIDEN JR,755,GREEN,OTHER,18,GREEN,OTHER,3,LIBERTARIAN,JO JORGENSEN,67,LIBERTARIAN,JO JORGENSEN,45,OTHER,OTHER,32,OTHER,OTHER,19,REPUBLICAN,DONALD J TRUMP,3801,REPUBLICAN,DONALD J TRUMP,2462,
WOODBURY,2000,DEMOCRAT,AL GORE,17691,REPUBLICAN,GEORGE W. BUSH,18864,GREEN,RALPH NADER,804,OTHER,OTHER,537,
WOODBURY,2004,DEMOCRAT,JOHN KERRY,21455,REPUBLICAN,GEORGE W. BUSH,22451,OTHER,OTHER,289,
WOODBURY,2008,DEMOCRAT,BARACK OBAMA,21983,REPUBLICAN,JOHN MCCAIN,22219,OTHER,OTHER,599,
WOODBURY,2012,DEMOCRAT,BARACK OBAMA,22302,REPUBLICAN,MITT ROMNEY,21841,OTHER,OTHER,876,
WOODBURY,2016,DEMOCRAT,HILLARY CLINTON,16210,REPUBLICAN,DONALD TRUMP,24727,OTHER,OTHER,2781,
WOODBURY,2020,DEMOCRAT,JOSEPH R BIDEN JR,13797,DEMOCRAT,JOSEPH R BIDEN JR,4907,GREEN,OTHER,56,GREEN,OTHER,40,LIBERTARIAN,JO JORGENSEN,193,LIBERTARIAN,JO JORGENSEN,242,OTHER,OTHER,103,OTHER,OTHER,98,REPUBLICAN,DONALD J TRUMP,13356,REPUBLICAN,DONALD J TRUMP,12570,
WORTH,2000,DEMOCRAT,AL GORE,2208,REPUBLICAN,GEORGE W. BUSH,1659,GREEN,RALPH NADER,91,OTHER,OTHER,46,
WORTH,2004,DEMOCRAT,JOHN KERRY,2286,REPUBLICAN,GEORGE W. BUSH,1795,OTHER,OTHER,42,
WORTH,2008,DEMOCRAT,BARACK OBAMA,2567,REPUBLICAN,JOHN MCCAIN,1612,OTHER,OTHER,78,
WORTH,2012,DEMOCRAT,BARACK OBAMA,2350,REPUBLICAN,MITT ROMNEY,1744,OTHER,OTHER,78,
WORTH,2016,DEMOCRAT,HILLARY CLINTON,1530,REPUBLICAN,DONALD TRUMP,2453,OTHER,OTHER,274,
WORTH,2020,DEMOCRAT,JOSEPH R BIDEN JR,1030,DEMOCRAT,JOSEPH R BIDEN JR,566,GREEN,OTHER,1,GREEN,OTHER,6,LIBERTARIAN,JO JORGENSEN,16,LIBERTARIAN,JO JORGENSEN,22,OTHER,OTHER,15,OTHER,OTHER,20,REPUBLICAN,DONALD J TRUMP,871,REPUBLICAN,DONALD J TRUMP,1871,
WRIGHT,2000,DEMOCRAT,AL GORE,2796,REPUBLICAN,GEORGE W. BUSH,3384,GREEN,RALPH NADER,107,OTHER,OTHER,49,
WRIGHT,2004,DEMOCRAT,JOHN KERRY,2930,REPUBLICAN,GEORGE W. BUSH,3631,OTHER,OTHER,42,
WRIGHT,2008,DEMOCRAT,BARACK OBAMA,3102,REPUBLICAN,JOHN MCCAIN,3198,OTHER,OTHER,95,
WRIGHT,2012,DEMOCRAT,BARACK OBAMA,2836,REPUBLICAN,MITT ROMNEY,3349,OTHER,OTHER,93,
WRIGHT,2016,DEMOCRAT,HILLARY CLINTON,1896,REPUBLICAN,DONALD TRUMP,3800,OTHER,OTHER,330,
WRIGHT,2020,DEMOCRAT,JOSEPH R BIDEN JR,1390,DEMOCRAT,JOSEPH R BIDEN JR,606,GREEN,OTHER,1,GREEN,OTHER,5,LIBERTARIAN,JO JORGENSEN,27,LIBERTARIAN,JO JORGENSEN,43,OTHER,OTHER,14,OTHER,OTHER,20,REPUBLICAN,DONALD J TRUMP,1908,REPUBLICAN,DONALD J TRUMP,2240,
