ALLEN,2000,DEMOCRAT,AL GORE,2132,REPUBLICAN,GEORGE W. BUSH,3379,GREEN,RALPH NADER,164,OTHER,OTHER,91,
ALLEN,2004,DEMOCRAT,JOHN KERRY,1922,REPUBLICAN,GEORGE W. BUSH,3867,OTHER,OTHER,84,
ALLEN,2008,DEMOCRAT,BARACK OBAMA,2189,REPUBLICAN,JOHN MCCAIN,3552,OTHER,OTHER,114,
ALLEN,2012,DEMOCRAT,BARACK OBAMA,1869,REPUBLICAN,MITT ROMNEY,3316,OTHER,OTHER,125,
ALLEN,2016,DEMOCRAT,HILLARY CLINTON,1433,REPUBLICAN,DONALD TRUMP,3651,OTHER,OTHER,370,
ALLEN,2020,DEMOCRAT,JOSEPH R BIDEN JR,1570,LIBERTARIAN,JO JORGENSEN,104,REPUBLICAN,DONALD J TRUMP,4218,
ANDERSON,2000,DEMOCRAT,AL GORE,1327,REPUBLICAN,GEORGE W. BUSH,1984,GREEN,RALPH NADER,94,OTHER,OTHER,73,
ANDERSON,2004,DEMOCRAT,JOHN KERRY,1295,REPUBLICAN,GEORGE W. BUSH,2500,OTHER,OTHER,68,
ANDERSON,2008,DEMOCRAT,BARACK OBAMA,1175,REPUBLICAN,JOHN MCCAIN,2362,OTHER,OTHER,89,
ANDERSON,2012,DEMOCRAT,BARACK OBAMA,944,REPUBLICAN,MITT ROMNEY,2276,OTHER,OTHER,95,
ANDERSON,2016,DEMOCRAT,HILLARY CLINTON,672,REPUBLICAN,DONALD TRUMP,2435,OTHER,OTHER,243,
ANDERSON,2020,DEMOCRAT,JOSEPH R BIDEN JR,782,LIBERTARIAN,JO JORGENSEN,81,REPUBLICAN,DONALD J TRUMP,2929,
ATCHISON,2000,DEMOCRAT,AL GORE,3171,REPUBLICAN,GEORGE W. BUSH,3378,GREEN,RALPH NADER,233,OTHER,OTHER,118,
ATCHISON,2004,DEMOCRAT,JOHN KERRY,3120,REPUBLICAN,GEORGE W. BUSH,3880,OTHER,OTHER,118,
ATCHISON,2008,DEMOCRAT,BARACK OBAMA,3241,REPUBLICAN,JOHN MCCAIN,3791,OTHER,OTHER,159,
ATCHISON,2012,DEMOCRAT,BARACK OBAMA,2567,REPUBLICAN,MITT ROMNEY,3917,OTHER,OTHER,190,
ATCHISON,2016,DEMOCRAT,HILLARY CLINTON,1989,REPUBLICAN,DONALD TRUMP,4049,OTHER,OTHER,537,
ATCHISON,2020,DEMOCRAT,JOSEPH R BIDEN JR,2359,LIBERTARIAN,JO JORGENSEN,175,REPUBLICAN,DONALD J TRUMP,4906,
BARBER,2000,DEMOCRAT,AL GORE,637,REPUBLICAN,GEORGE W. BUSH,1755,GREEN,RALPH NADER,73,OTHER,OTHER,33,
BARBER,2004,DEMOCRAT,JOHN KERRY,588,REPUBLICAN,GEORGE W. BUSH,1782,OTHER,OTHER,33,
BARBER,2008,DEMOCRAT,BARACK OBAMA,598,REPUBLICAN,JOHN MCCAIN,1833,OTHER,OTHER,31,
BARBER,2012,DEMOCRAT,BARACK OBAMA,482,REPUBLICAN,MITT ROMNEY,1772,OTHER,OTHER,60,
BARBER,2016,DEMOCRAT,HILLARY CLINTON,286,REPUBLICAN,DONALD TRUMP,1850,OTHER,OTHER,116,
BARBER,2020,DEMOCRAT,JOSEPH R BIDEN JR,291,LIBERTARIAN,JO JORGENSEN,37,REPUBLICAN,DONALD J TRUMP,2014,
BARTON,2000,DEMOCRAT,AL GORE,3238,REPUBLICAN,GEORGE W. BUSH,7302,GREEN,RALPH NADER,251,OTHER,OTHER,164,
BARTON,2004,DEMOCRAT,JOHN KERRY,2874,REPUBLICAN,GEORGE W. BUSH,8666,OTHER,OTHER,166,
BARTON,2008,DEMOCRAT,BARACK OBAMA,3027,REPUBLICAN,JOHN MCCAIN,7802,OTHER,OTHER,228,
BARTON,2012,DEMOCRAT,BARACK OBAMA,2297,REPUBLICAN,MITT ROMNEY,7874,OTHER,OTHER,170,
BARTON,2016,DEMOCRAT,HILLARY CLINTON,1839,REPUBLICAN,DONALD TRUMP,7888,OTHER,OTHER,542,
BARTON,2020,DEMOCRAT,JOSEPH R BIDEN JR,2340,LIBERTARIAN,JO JORGENSEN,182,REPUBLICAN,DONALD J TRUMP,8608,
BOURBON,2000,DEMOCRAT,AL GORE,2211,REPUBLICAN,GEORGE W. BUSH,3852,GREEN,RALPH NADER,159,OTHER,OTHER,86,
BOURBON,2004,DEMOCRAT,JOHN KERRY,2216,REPUBLICAN,GEORGE W. BUSH,4372,OTHER,OTHER,98,
BOURBON,2008,DEMOCRAT,BARACK OBAMA,2394,REPUBLICAN,JOHN MCCAIN,4240,OTHER,OTHER,147,
BOURBON,2012,DEMOCRAT,BARACK OBAMA,1996,REPUBLICAN,MITT ROMNEY,4102,OTHER,OTHER,156,
BOURBON,2016,DEMOCRAT,HILLARY CLINTON,1336,REPUBLICAN,DONALD TRUMP,4424,OTHER,OTHER,333,
BOURBON,2020,DEMOCRAT,JOSEPH R BIDEN JR,1541,LIBERTARIAN,JO JORGENSEN,112,REPUBLICAN,DONALD J TRUMP,5023,
BROWN,2000,DEMOCRAT,AL GORE,1512,REPUBLICAN,GEORGE W. BUSH,2985,GREEN,RALPH NADER,120,OTHER,OTHER,74,
BROWN,2004,DEMOCRAT,JOHN KERRY,1268,REPUBLICAN,GEORGE W. BUSH,3092,OTHER,OTHER,58,
BROWN,2008,DEMOCRAT,BARACK OBAMA,1317,REPUBLICAN,JOHN MCCAIN,2985,OTHER,OTHER,74,
BROWN,2012,DEMOCRAT,BARACK OBAMA,1076,REPUBLICAN,MITT ROMNEY,2829,OTHER,OTHER,88,
BROWN,2016,DEMOCRAT,HILLARY CLINTON,863,REPUBLICAN,DONALD TRUMP,2906,OTHER,OTHER,267,
BROWN,2020,DEMOCRAT,JOSEPH R BIDEN JR,1104,LIBERTARIAN,JO JORGENSEN,105,REPUBLICAN,DONALD J TRUMP,3262,
BUTLER,2000,DEMOCRAT,AL GORE,6755,REPUBLICAN,GEORGE W. BUSH,13377,GREEN,RALPH NADER,497,OTHER,OTHER,373,
BUTLER,2004,DEMOCRAT,JOHN KERRY,7495,REPUBLICAN,GEORGE W. BUSH,18438,OTHER,OTHER,347,
BUTLER,2008,DEMOCRAT,BARACK OBAMA,9159,REPUBLICAN,JOHN MCCAIN,18155,OTHER,OTHER,559,
BUTLER,2012,DEMOCRAT,BARACK OBAMA,7282,REPUBLICAN,MITT ROMNEY,18157,OTHER,OTHER,646,
BUTLER,2016,DEMOCRAT,HILLARY CLINTON,6573,REPUBLICAN,DONALD TRUMP,19073,OTHER,OTHER,2011,
BUTLER,2020,DEMOCRAT,JOSEPH R BIDEN JR,9181,LIBERTARIAN,JO JORGENSEN,705,REPUBLICAN,DONALD J TRUMP,22634,
CHASE,2000,DEMOCRAT,AL GORE,391,REPUBLICAN,GEORGE W. BUSH,848,GREEN,RALPH NADER,56,OTHER,OTHER,22,
CHASE,2004,DEMOCRAT,JOHN KERRY,418,REPUBLICAN,GEORGE W. BUSH,1055,OTHER,OTHER,28,
CHASE,2008,DEMOCRAT,BARACK OBAMA,383,REPUBLICAN,JOHN MCCAIN,976,OTHER,OTHER,25,
CHASE,2012,DEMOCRAT,BARACK OBAMA,358,REPUBLICAN,MITT ROMNEY,875,OTHER,OTHER,38,
CHASE,2016,DEMOCRAT,HILLARY CLINTON,316,REPUBLICAN,DONALD TRUMP,969,OTHER,OTHER,84,
CHASE,2020,DEMOCRAT,JOSEPH R BIDEN JR,345,LIBERTARIAN,JO JORGENSEN,23,REPUBLICAN,DONALD J TRUMP,1123,
CHAUTAUQUA,2000,DEMOCRAT,AL GORE,443,REPUBLICAN,GEORGE W. BUSH,1347,GREEN,RALPH NADER,36,OTHER,OTHER,54,
CHAUTAUQUA,2004,DEMOCRAT,JOHN KERRY,404,REPUBLICAN,GEORGE W. BUSH,1529,OTHER,OTHER,27,
CHAUTAUQUA,2008,DEMOCRAT,BARACK OBAMA,401,REPUBLICAN,JOHN MCCAIN,1418,OTHER,OTHER,33,
CHAUTAUQUA,2012,DEMOCRAT,BARACK OBAMA,280,REPUBLICAN,MITT ROMNEY,1304,OTHER,OTHER,46,
CHAUTAUQUA,2016,DEMOCRAT,HILLARY CLINTON,197,REPUBLICAN,DONALD TRUMP,1236,OTHER,OTHER,48,
CHAUTAUQUA,2020,DEMOCRAT,JOSEPH R BIDEN JR,212,LIBERTARIAN,JO JORGENSEN,25,REPUBLICAN,DONALD J TRUMP,1402,
CHEROKEE,2000,DEMOCRAT,AL GORE,3783,REPUBLICAN,GEORGE W. BUSH,5014,GREEN,RALPH NADER,225,OTHER,OTHER,108,
CHEROKEE,2004,DEMOCRAT,JOHN KERRY,3726,REPUBLICAN,GEORGE W. BUSH,6083,OTHER,OTHER,104,
CHEROKEE,2008,DEMOCRAT,BARACK OBAMA,3594,REPUBLICAN,JOHN MCCAIN,5886,OTHER,OTHER,185,
CHEROKEE,2012,DEMOCRAT,BARACK OBAMA,2930,REPUBLICAN,MITT ROMNEY,5456,OTHER,OTHER,185,
CHEROKEE,2016,DEMOCRAT,HILLARY CLINTON,2005,REPUBLICAN,DONALD TRUMP,6182,OTHER,OTHER,433,
CHEROKEE,2020,DEMOCRAT,JOSEPH R BIDEN JR,2194,LIBERTARIAN,JO JORGENSEN,168,REPUBLICAN,DONALD J TRUMP,6766,
CHEYENNE,2000,DEMOCRAT,AL GORE,350,REPUBLICAN,GEORGE W. BUSH,1312,GREEN,RALPH NADER,47,OTHER,OTHER,18,
CHEYENNE,2004,DEMOCRAT,JOHN KERRY,320,REPUBLICAN,GEORGE W. BUSH,1353,OTHER,OTHER,19,
CHEYENNE,2008,DEMOCRAT,BARACK OBAMA,323,REPUBLICAN,JOHN MCCAIN,1148,OTHER,OTHER,27,
CHEYENNE,2012,DEMOCRAT,BARACK OBAMA,233,REPUBLICAN,MITT ROMNEY,1159,OTHER,OTHER,34,
CHEYENNE,2016,DEMOCRAT,HILLARY CLINTON,181,REPUBLICAN,DONALD TRUMP,1173,OTHER,OTHER,53,
CHEYENNE,2020,DEMOCRAT,JOSEPH R BIDEN JR,224,LIBERTARIAN,JO JORGENSEN,22,REPUBLICAN,DONALD J TRUMP,1183,
CLARK,2000,DEMOCRAT,AL GORE,292,REPUBLICAN,GEORGE W. BUSH,926,GREEN,RALPH NADER,34,OTHER,OTHER,9,
CLARK,2004,DEMOCRAT,JOHN KERRY,257,REPUBLICAN,GEORGE W. BUSH,1014,OTHER,OTHER,20,
CLARK,2008,DEMOCRAT,BARACK OBAMA,245,REPUBLICAN,JOHN MCCAIN,897,OTHER,OTHER,17,
CLARK,2012,DEMOCRAT,BARACK OBAMA,174,REPUBLICAN,MITT ROMNEY,805,OTHER,OTHER,38,
CLARK,2016,DEMOCRAT,HILLARY CLINTON,120,REPUBLICAN,DONALD TRUMP,825,OTHER,OTHER,60,
CLARK,2020,DEMOCRAT,JOSEPH R BIDEN JR,143,LIBERTARIAN,JO JORGENSEN,20,REPUBLICAN,DONALD J TRUMP,904,
CLAY,2000,DEMOCRAT,AL GORE,951,REPUBLICAN,GEORGE W. BUSH,2998,GREEN,RALPH NADER,93,OTHER,OTHER,46,
CLAY,2004,DEMOCRAT,JOHN KERRY,793,REPUBLICAN,GEORGE W. BUSH,3174,OTHER,OTHER,43,
CLAY,2008,DEMOCRAT,BARACK OBAMA,1009,REPUBLICAN,JOHN MCCAIN,2998,OTHER,OTHER,47,
CLAY,2012,DEMOCRAT,BARACK OBAMA,834,REPUBLICAN,MITT ROMNEY,2788,OTHER,OTHER,64,
CLAY,2016,DEMOCRAT,HILLARY CLINTON,677,REPUBLICAN,DONALD TRUMP,2891,OTHER,OTHER,252,
CLAY,2020,DEMOCRAT,JOSEPH R BIDEN JR,894,LIBERTARIAN,JO JORGENSEN,111,REPUBLICAN,DONALD J TRUMP,3177,
CLOUD,2000,DEMOCRAT,AL GORE,1314,REPUBLICAN,GEORGE W. BUSH,2918,GREEN,RALPH NADER,210,OTHER,OTHER,61,
CLOUD,2004,DEMOCRAT,JOHN KERRY,1210,REPUBLICAN,GEORGE W. BUSH,3221,OTHER,OTHER,72,
CLOUD,2008,DEMOCRAT,BARACK OBAMA,1233,REPUBLICAN,JOHN MCCAIN,3121,OTHER,OTHER,97,
CLOUD,2012,DEMOCRAT,BARACK OBAMA,974,REPUBLICAN,MITT ROMNEY,2954,OTHER,OTHER,130,
CLOUD,2016,DEMOCRAT,HILLARY CLINTON,761,REPUBLICAN,DONALD TRUMP,2919,OTHER,OTHER,250,
CLOUD,2020,DEMOCRAT,JOSEPH R BIDEN JR,920,LIBERTARIAN,JO JORGENSEN,101,REPUBLICAN,DONALD J TRUMP,3242,
COFFEY,2000,DEMOCRAT,AL GORE,1196,REPUBLICAN,GEORGE W. BUSH,2700,GREEN,RALPH NADER,96,OTHER,OTHER,48,
COFFEY,2004,DEMOCRAT,JOHN KERRY,1093,REPUBLICAN,GEORGE W. BUSH,3259,OTHER,OTHER,56,
COFFEY,2008,DEMOCRAT,BARACK OBAMA,1121,REPUBLICAN,JOHN MCCAIN,3054,OTHER,OTHER,57,
COFFEY,2012,DEMOCRAT,BARACK OBAMA,898,REPUBLICAN,MITT ROMNEY,2903,OTHER,OTHER,105,
COFFEY,2016,DEMOCRAT,HILLARY CLINTON,727,REPUBLICAN,DONALD TRUMP,3050,OTHER,OTHER,291,
COFFEY,2020,DEMOCRAT,JOSEPH R BIDEN JR,964,LIBERTARIAN,JO JORGENSEN,112,REPUBLICAN,DONALD J TRUMP,3489,
COMANCHE,2000,DEMOCRAT,AL GORE,211,REPUBLICAN,GEORGE W. BUSH,760,GREEN,RALPH NADER,18,OTHER,OTHER,17,
COMANCHE,2004,DEMOCRAT,JOHN KERRY,200,REPUBLICAN,GEORGE W. BUSH,770,OTHER,OTHER,11,
COMANCHE,2008,DEMOCRAT,BARACK OBAMA,194,REPUBLICAN,JOHN MCCAIN,765,OTHER,OTHER,15,
COMANCHE,2012,DEMOCRAT,BARACK OBAMA,143,REPUBLICAN,MITT ROMNEY,767,OTHER,OTHER,18,
COMANCHE,2016,DEMOCRAT,HILLARY CLINTON,102,REPUBLICAN,DONALD TRUMP,715,OTHER,OTHER,50,
COMANCHE,2020,DEMOCRAT,JOSEPH R BIDEN JR,126,LIBERTARIAN,JO JORGENSEN,28,REPUBLICAN,DONALD J TRUMP,762,
COWLEY,2000,DEMOCRAT,AL GORE,5535,REPUBLICAN,GEORGE W. BUSH,8080,GREEN,RALPH NADER,416,OTHER,OTHER,179,
COWLEY,2004,DEMOCRAT,JOHN KERRY,4818,REPUBLICAN,GEORGE W. BUSH,9407,OTHER,OTHER,222,
COWLEY,2008,DEMOCRAT,BARACK OBAMA,5012,REPUBLICAN,JOHN MCCAIN,8492,OTHER,OTHER,283,
COWLEY,2012,DEMOCRAT,BARACK OBAMA,4319,REPUBLICAN,MITT ROMNEY,8081,OTHER,OTHER,310,
COWLEY,2016,DEMOCRAT,HILLARY CLINTON,3551,REPUBLICAN,DONALD TRUMP,8270,OTHER,OTHER,800,
COWLEY,2020,DEMOCRAT,JOSEPH R BIDEN JR,4273,LIBERTARIAN,JO JORGENSEN,302,REPUBLICAN,DONALD J TRUMP,9656,
CRAWFORD,2000,DEMOCRAT,AL GORE,7076,REPUBLICAN,GEORGE W. BUSH,7160,GREEN,RALPH NADER,630,OTHER,OTHER,168,
CRAWFORD,2004,DEMOCRAT,JOHN KERRY,7617,REPUBLICAN,GEORGE W. BUSH,8626,OTHER,OTHER,284,
CRAWFORD,2008,DEMOCRAT,BARACK OBAMA,7957,REPUBLICAN,JOHN MCCAIN,7735,OTHER,OTHER,383,
CRAWFORD,2012,DEMOCRAT,BARACK OBAMA,6826,REPUBLICAN,MITT ROMNEY,7708,OTHER,OTHER,411,
CRAWFORD,2016,DEMOCRAT,HILLARY CLINTON,5199,REPUBLICAN,DONALD TRUMP,8624,OTHER,OTHER,1068,
CRAWFORD,2020,DEMOCRAT,JOSEPH R BIDEN JR,6179,LIBERTARIAN,JO JORGENSEN,421,REPUBLICAN,DONALD J TRUMP,10045,
DECATUR,2000,DEMOCRAT,AL GORE,424,REPUBLICAN,GEORGE W. BUSH,1255,GREEN,RALPH NADER,51,OTHER,OTHER,29,
DECATUR,2004,DEMOCRAT,JOHN KERRY,355,REPUBLICAN,GEORGE W. BUSH,1355,OTHER,OTHER,30,
DECATUR,2008,DEMOCRAT,BARACK OBAMA,343,REPUBLICAN,JOHN MCCAIN,1189,OTHER,OTHER,16,
DECATUR,2012,DEMOCRAT,BARACK OBAMA,266,REPUBLICAN,MITT ROMNEY,1218,OTHER,OTHER,48,
DECATUR,2016,DEMOCRAT,HILLARY CLINTON,178,REPUBLICAN,DONALD TRUMP,1210,OTHER,OTHER,64,
DECATUR,2020,DEMOCRAT,JOSEPH R BIDEN JR,218,LIBERTARIAN,JO JORGENSEN,20,REPUBLICAN,DONALD J TRUMP,1260,
DICKINSON,2000,DEMOCRAT,AL GORE,2413,REPUBLICAN,GEORGE W. BUSH,5243,GREEN,RALPH NADER,322,OTHER,OTHER,114,
DICKINSON,2004,DEMOCRAT,JOHN KERRY,2364,REPUBLICAN,GEORGE W. BUSH,6295,OTHER,OTHER,132,
DICKINSON,2008,DEMOCRAT,BARACK OBAMA,2422,REPUBLICAN,JOHN MCCAIN,6081,OTHER,OTHER,164,
DICKINSON,2012,DEMOCRAT,BARACK OBAMA,2020,REPUBLICAN,MITT ROMNEY,5832,OTHER,OTHER,190,
DICKINSON,2016,DEMOCRAT,HILLARY CLINTON,1609,REPUBLICAN,DONALD TRUMP,6029,OTHER,OTHER,572,
DICKINSON,2020,DEMOCRAT,JOSEPH R BIDEN JR,2060,LIBERTARIAN,JO JORGENSEN,163,REPUBLICAN,DONALD J TRUMP,7126,
DONIPHAN,2000,DEMOCRAT,AL GORE,1134,REPUBLICAN,GEORGE W. BUSH,2350,GREEN,RALPH NADER,90,OTHER,OTHER,75,
DONIPHAN,2004,DEMOCRAT,JOHN KERRY,1065,REPUBLICAN,GEORGE W. BUSH,2491,OTHER,OTHER,47,
DONIPHAN,2008,DEMOCRAT,BARACK OBAMA,1115,REPUBLICAN,JOHN MCCAIN,2372,OTHER,OTHER,77,
DONIPHAN,2012,DEMOCRAT,BARACK OBAMA,902,REPUBLICAN,MITT ROMNEY,2414,OTHER,OTHER,87,
DONIPHAN,2016,DEMOCRAT,HILLARY CLINTON,587,REPUBLICAN,DONALD TRUMP,2606,OTHER,OTHER,185,
DONIPHAN,2020,DEMOCRAT,JOSEPH R BIDEN JR,686,LIBERTARIAN,JO JORGENSEN,47,REPUBLICAN,DONALD J TRUMP,2976,
DOUGLAS,2000,DEMOCRAT,AL GORE,18249,REPUBLICAN,GEORGE W. BUSH,17062,GREEN,RALPH NADER,4031,OTHER,OTHER,496,
DOUGLAS,2004,DEMOCRAT,JOHN KERRY,28634,REPUBLICAN,GEORGE W. BUSH,20544,OTHER,OTHER,933,
DOUGLAS,2008,DEMOCRAT,BARACK OBAMA,34398,REPUBLICAN,JOHN MCCAIN,17929,OTHER,OTHER,1071,
DOUGLAS,2012,DEMOCRAT,BARACK OBAMA,29267,REPUBLICAN,MITT ROMNEY,17401,OTHER,OTHER,1477,
DOUGLAS,2016,DEMOCRAT,HILLARY CLINTON,31195,REPUBLICAN,DONALD TRUMP,14688,OTHER,OTHER,4204,
DOUGLAS,2020,DEMOCRAT,JOSEPH R BIDEN JR,40785,LIBERTARIAN,JO JORGENSEN,1424,REPUBLICAN,DONALD J TRUMP,17286,
EDWARDS,2000,DEMOCRAT,AL GORE,447,REPUBLICAN,GEORGE W. BUSH,1062,GREEN,RALPH NADER,33,OTHER,OTHER,21,
EDWARDS,2004,DEMOCRAT,JOHN KERRY,386,REPUBLICAN,GEORGE W. BUSH,1084,OTHER,OTHER,26,
EDWARDS,2008,DEMOCRAT,BARACK OBAMA,333,REPUBLICAN,JOHN MCCAIN,995,OTHER,OTHER,29,
EDWARDS,2012,DEMOCRAT,BARACK OBAMA,298,REPUBLICAN,MITT ROMNEY,1059,OTHER,OTHER,28,
EDWARDS,2016,DEMOCRAT,HILLARY CLINTON,212,REPUBLICAN,DONALD TRUMP,1037,OTHER,OTHER,70,
EDWARDS,2020,DEMOCRAT,JOSEPH R BIDEN JR,271,LIBERTARIAN,JO JORGENSEN,19,REPUBLICAN,DONALD J TRUMP,1141,
ELK,2000,DEMOCRAT,AL GORE,402,REPUBLICAN,GEORGE W. BUSH,1080,GREEN,RALPH NADER,34,OTHER,OTHER,34,
ELK,2004,DEMOCRAT,JOHN KERRY,369,REPUBLICAN,GEORGE W. BUSH,1119,OTHER,OTHER,27,
ELK,2008,DEMOCRAT,BARACK OBAMA,363,REPUBLICAN,JOHN MCCAIN,1042,OTHER,OTHER,29,
ELK,2012,DEMOCRAT,BARACK OBAMA,281,REPUBLICAN,MITT ROMNEY,1049,OTHER,OTHER,39,
ELK,2016,DEMOCRAT,HILLARY CLINTON,160,REPUBLICAN,DONALD TRUMP,1048,OTHER,OTHER,51,
ELK,2020,DEMOCRAT,JOSEPH R BIDEN JR,195,LIBERTARIAN,JO JORGENSEN,26,REPUBLICAN,DONALD J TRUMP,1140,
ELLIS,2000,DEMOCRAT,AL GORE,3926,REPUBLICAN,GEORGE W. BUSH,6516,GREEN,RALPH NADER,543,OTHER,OTHER,175,
ELLIS,2004,DEMOCRAT,JOHN KERRY,4033,REPUBLICAN,GEORGE W. BUSH,7891,OTHER,OTHER,263,
ELLIS,2008,DEMOCRAT,BARACK OBAMA,4010,REPUBLICAN,JOHN MCCAIN,8207,OTHER,OTHER,230,
ELLIS,2012,DEMOCRAT,BARACK OBAMA,3057,REPUBLICAN,MITT ROMNEY,8399,OTHER,OTHER,258,
ELLIS,2016,DEMOCRAT,HILLARY CLINTON,2742,REPUBLICAN,DONALD TRUMP,8466,OTHER,OTHER,739,
ELLIS,2020,DEMOCRAT,JOSEPH R BIDEN JR,3737,LIBERTARIAN,JO JORGENSEN,305,REPUBLICAN,DONALD J TRUMP,9758,
ELLSWORTH,2000,DEMOCRAT,AL GORE,825,REPUBLICAN,GEORGE W. BUSH,1845,GREEN,RALPH NADER,130,OTHER,OTHER,39,
ELLSWORTH,2004,DEMOCRAT,JOHN KERRY,801,REPUBLICAN,GEORGE W. BUSH,2259,OTHER,OTHER,42,
ELLSWORTH,2008,DEMOCRAT,BARACK OBAMA,851,REPUBLICAN,JOHN MCCAIN,2021,OTHER,OTHER,66,
ELLSWORTH,2012,DEMOCRAT,BARACK OBAMA,702,REPUBLICAN,MITT ROMNEY,1930,OTHER,OTHER,80,
ELLSWORTH,2016,DEMOCRAT,HILLARY CLINTON,521,REPUBLICAN,DONALD TRUMP,1969,OTHER,OTHER,189,
ELLSWORTH,2020,DEMOCRAT,JOSEPH R BIDEN JR,648,LIBERTARIAN,JO JORGENSEN,57,REPUBLICAN,DONALD J TRUMP,2148,
FINNEY,2000,DEMOCRAT,AL GORE,2431,REPUBLICAN,GEORGE W. BUSH,6442,GREEN,RALPH NADER,182,OTHER,OTHER,95,
FINNEY,2004,DEMOCRAT,JOHN KERRY,2351,REPUBLICAN,GEORGE W. BUSH,7479,OTHER,OTHER,103,
FINNEY,2008,DEMOCRAT,BARACK OBAMA,3275,REPUBLICAN,JOHN MCCAIN,6926,OTHER,OTHER,153,
FINNEY,2012,DEMOCRAT,BARACK OBAMA,2682,REPUBLICAN,MITT ROMNEY,6219,OTHER,OTHER,183,
FINNEY,2016,DEMOCRAT,HILLARY CLINTON,3195,REPUBLICAN,DONALD TRUMP,6350,OTHER,OTHER,614,
FINNEY,2020,DEMOCRAT,JOSEPH R BIDEN JR,4325,LIBERTARIAN,JO JORGENSEN,239,REPUBLICAN,DONALD J TRUMP,7236,
FORD,2000,DEMOCRAT,AL GORE,2566,REPUBLICAN,GEORGE W. BUSH,6050,GREEN,RALPH NADER,200,OTHER,OTHER,101,
FORD,2004,DEMOCRAT,JOHN KERRY,2286,REPUBLICAN,GEORGE W. BUSH,6632,OTHER,OTHER,98,
FORD,2008,DEMOCRAT,BARACK OBAMA,2991,REPUBLICAN,JOHN MCCAIN,5730,OTHER,OTHER,143,
FORD,2012,DEMOCRAT,BARACK OBAMA,2600,REPUBLICAN,MITT ROMNEY,5602,OTHER,OTHER,160,
FORD,2016,DEMOCRAT,HILLARY CLINTON,2149,REPUBLICAN,DONALD TRUMP,5114,OTHER,OTHER,455,
FORD,2020,DEMOCRAT,JOSEPH R BIDEN JR,2947,LIBERTARIAN,JO JORGENSEN,165,REPUBLICAN,DONALD J TRUMP,5803,
FRANKLIN,2000,DEMOCRAT,AL GORE,3321,REPUBLICAN,GEORGE W. BUSH,5925,GREEN,RALPH NADER,306,OTHER,OTHER,106,
FRANKLIN,2004,DEMOCRAT,JOHN KERRY,3921,REPUBLICAN,GEORGE W. BUSH,7391,OTHER,OTHER,164,
FRANKLIN,2008,DEMOCRAT,BARACK OBAMA,4433,REPUBLICAN,JOHN MCCAIN,7079,OTHER,OTHER,227,
FRANKLIN,2012,DEMOCRAT,BARACK OBAMA,3694,REPUBLICAN,MITT ROMNEY,6984,OTHER,OTHER,312,
FRANKLIN,2016,DEMOCRAT,HILLARY CLINTON,2892,REPUBLICAN,DONALD TRUMP,7185,OTHER,OTHER,888,
FRANKLIN,2020,DEMOCRAT,JOSEPH R BIDEN JR,3690,LIBERTARIAN,JO JORGENSEN,308,REPUBLICAN,DONALD J TRUMP,8479,
GEARY,2000,DEMOCRAT,AL GORE,2660,REPUBLICAN,GEORGE W. BUSH,3977,GREEN,RALPH NADER,158,OTHER,OTHER,71,
GEARY,2004,DEMOCRAT,JOHN KERRY,2531,REPUBLICAN,GEORGE W. BUSH,4703,OTHER,OTHER,94,
GEARY,2008,DEMOCRAT,BARACK OBAMA,3491,REPUBLICAN,JOHN MCCAIN,4492,OTHER,OTHER,111,
GEARY,2012,DEMOCRAT,BARACK OBAMA,3332,REPUBLICAN,MITT ROMNEY,4372,OTHER,OTHER,141,
GEARY,2016,DEMOCRAT,HILLARY CLINTON,2722,REPUBLICAN,DONALD TRUMP,4274,OTHER,OTHER,508,
GEARY,2020,DEMOCRAT,JOSEPH R BIDEN JR,3983,LIBERTARIAN,JO JORGENSEN,297,REPUBLICAN,DONALD J TRUMP,5323,
GOVE,2000,DEMOCRAT,AL GORE,296,REPUBLICAN,GEORGE W. BUSH,1122,GREEN,RALPH NADER,44,OTHER,OTHER,33,
GOVE,2004,DEMOCRAT,JOHN KERRY,247,REPUBLICAN,GEORGE W. BUSH,1196,OTHER,OTHER,24,
GOVE,2008,DEMOCRAT,BARACK OBAMA,261,REPUBLICAN,JOHN MCCAIN,1136,OTHER,OTHER,21,
GOVE,2012,DEMOCRAT,BARACK OBAMA,176,REPUBLICAN,MITT ROMNEY,1168,OTHER,OTHER,39,
GOVE,2016,DEMOCRAT,HILLARY CLINTON,149,REPUBLICAN,DONALD TRUMP,1140,OTHER,OTHER,54,
GOVE,2020,DEMOCRAT,JOSEPH R BIDEN JR,166,LIBERTARIAN,JO JORGENSEN,14,REPUBLICAN,DONALD J TRUMP,1291,
GRAHAM,2000,DEMOCRAT,AL GORE,346,REPUBLICAN,GEORGE W. BUSH,1058,GREEN,RALPH NADER,47,OTHER,OTHER,23,
GRAHAM,2004,DEMOCRAT,JOHN KERRY,334,REPUBLICAN,GEORGE W. BUSH,1082,OTHER,OTHER,24,
GRAHAM,2008,DEMOCRAT,BARACK OBAMA,325,REPUBLICAN,JOHN MCCAIN,1060,OTHER,OTHER,38,
GRAHAM,2012,DEMOCRAT,BARACK OBAMA,256,REPUBLICAN,MITT ROMNEY,1056,OTHER,OTHER,28,
GRAHAM,2016,DEMOCRAT,HILLARY CLINTON,188,REPUBLICAN,DONALD TRUMP,1025,OTHER,OTHER,71,
GRAHAM,2020,DEMOCRAT,JOSEPH R BIDEN JR,228,LIBERTARIAN,JO JORGENSEN,29,REPUBLICAN,DONALD J TRUMP,1080,
GRANT,2000,DEMOCRAT,AL GORE,683,REPUBLICAN,GEORGE W. BUSH,2126,GREEN,RALPH NADER,39,OTHER,OTHER,8,
GRANT,2004,DEMOCRAT,JOHN KERRY,561,REPUBLICAN,GEORGE W. BUSH,2169,OTHER,OTHER,28,
GRANT,2008,DEMOCRAT,BARACK OBAMA,635,REPUBLICAN,JOHN MCCAIN,1995,OTHER,OTHER,31,
GRANT,2012,DEMOCRAT,BARACK OBAMA,456,REPUBLICAN,MITT ROMNEY,1811,OTHER,OTHER,39,
GRANT,2016,DEMOCRAT,HILLARY CLINTON,441,REPUBLICAN,DONALD TRUMP,1804,OTHER,OTHER,144,
GRANT,2020,DEMOCRAT,JOSEPH R BIDEN JR,518,LIBERTARIAN,JO JORGENSEN,47,REPUBLICAN,DONALD J TRUMP,1936,
GRAY,2000,DEMOCRAT,AL GORE,482,REPUBLICAN,GEORGE W. BUSH,1631,GREEN,RALPH NADER,27,OTHER,OTHER,20,
GRAY,2004,DEMOCRAT,JOHN KERRY,408,REPUBLICAN,GEORGE W. BUSH,1816,OTHER,OTHER,21,
GRAY,2008,DEMOCRAT,BARACK OBAMA,436,REPUBLICAN,JOHN MCCAIN,1643,OTHER,OTHER,40,
GRAY,2012,DEMOCRAT,BARACK OBAMA,324,REPUBLICAN,MITT ROMNEY,1603,OTHER,OTHER,31,
GRAY,2016,DEMOCRAT,HILLARY CLINTON,263,REPUBLICAN,DONALD TRUMP,1698,OTHER,OTHER,105,
GRAY,2020,DEMOCRAT,JOSEPH R BIDEN JR,341,LIBERTARIAN,JO JORGENSEN,36,REPUBLICAN,DONALD J TRUMP,1911,
GREELEY,2000,DEMOCRAT,AL GORE,143,REPUBLICAN,GEORGE W. BUSH,628,GREEN,RALPH NADER,24,OTHER,OTHER,8,
GREELEY,2004,DEMOCRAT,JOHN KERRY,138,REPUBLICAN,GEORGE W. BUSH,584,OTHER,OTHER,13,
GREELEY,2008,DEMOCRAT,BARACK OBAMA,151,REPUBLICAN,JOHN MCCAIN,591,OTHER,OTHER,3,
GREELEY,2012,DEMOCRAT,BARACK OBAMA,113,REPUBLICAN,MITT ROMNEY,543,OTHER,OTHER,14,
GREELEY,2016,DEMOCRAT,HILLARY CLINTON,83,REPUBLICAN,DONALD TRUMP,534,OTHER,OTHER,33,
GREELEY,2020,DEMOCRAT,JOSEPH R BIDEN JR,78,LIBERTARIAN,JO JORGENSEN,14,REPUBLICAN,DONALD J TRUMP,549,
GREENWOOD,2000,DEMOCRAT,AL GORE,1027,REPUBLICAN,GEORGE W. BUSH,2392,GREEN,RALPH NADER,81,OTHER,OTHER,61,
GREENWOOD,2004,DEMOCRAT,JOHN KERRY,911,REPUBLICAN,GEORGE W. BUSH,2282,OTHER,OTHER,51,
GREENWOOD,2008,DEMOCRAT,BARACK OBAMA,622,REPUBLICAN,JOHN MCCAIN,1619,OTHER,OTHER,38,
GREENWOOD,2012,DEMOCRAT,BARACK OBAMA,478,REPUBLICAN,MITT ROMNEY,1590,OTHER,OTHER,55,
GREENWOOD,2016,DEMOCRAT,HILLARY CLINTON,485,REPUBLICAN,DONALD TRUMP,2160,OTHER,OTHER,195,
GREENWOOD,2020,DEMOCRAT,JOSEPH R BIDEN JR,569,LIBERTARIAN,JO JORGENSEN,64,REPUBLICAN,DONALD J TRUMP,2444,
HAMILTON,2000,DEMOCRAT,AL GORE,264,REPUBLICAN,GEORGE W. BUSH,901,GREEN,RALPH NADER,15,OTHER,OTHER,12,
HAMILTON,2004,DEMOCRAT,JOHN KERRY,229,REPUBLICAN,GEORGE W. BUSH,888,OTHER,OTHER,13,
HAMILTON,2008,DEMOCRAT,BARACK OBAMA,233,REPUBLICAN,JOHN MCCAIN,844,OTHER,OTHER,19,
HAMILTON,2012,DEMOCRAT,BARACK OBAMA,163,REPUBLICAN,MITT ROMNEY,693,OTHER,OTHER,21,
HAMILTON,2016,DEMOCRAT,HILLARY CLINTON,121,REPUBLICAN,DONALD TRUMP,705,OTHER,OTHER,50,
HAMILTON,2020,DEMOCRAT,JOSEPH R BIDEN JR,141,LIBERTARIAN,JO JORGENSEN,20,REPUBLICAN,DONALD J TRUMP,698,
HARPER,2000,DEMOCRAT,AL GORE,869,REPUBLICAN,GEORGE W. BUSH,2076,GREEN,RALPH NADER,75,OTHER,OTHER,35,
HARPER,2004,DEMOCRAT,JOHN KERRY,727,REPUBLICAN,GEORGE W. BUSH,2154,OTHER,OTHER,49,
HARPER,2008,DEMOCRAT,BARACK OBAMA,736,REPUBLICAN,JOHN MCCAIN,1999,OTHER,OTHER,61,
HARPER,2012,DEMOCRAT,BARACK OBAMA,550,REPUBLICAN,MITT ROMNEY,1759,OTHER,OTHER,80,
HARPER,2016,DEMOCRAT,HILLARY CLINTON,393,REPUBLICAN,DONALD TRUMP,1996,OTHER,OTHER,189,
HARPER,2020,DEMOCRAT,JOSEPH R BIDEN JR,461,LIBERTARIAN,JO JORGENSEN,49,REPUBLICAN,DONALD J TRUMP,2168,
HARVEY,2000,DEMOCRAT,AL GORE,4591,REPUBLICAN,GEORGE W. BUSH,8271,GREEN,RALPH NADER,651,OTHER,OTHER,171,
HARVEY,2004,DEMOCRAT,JOHN KERRY,5331,REPUBLICAN,GEORGE W. BUSH,9534,OTHER,OTHER,245,
HARVEY,2008,DEMOCRAT,BARACK OBAMA,6318,REPUBLICAN,JOHN MCCAIN,9006,OTHER,OTHER,289,
HARVEY,2012,DEMOCRAT,BARACK OBAMA,5373,REPUBLICAN,MITT ROMNEY,8588,OTHER,OTHER,333,
HARVEY,2016,DEMOCRAT,HILLARY CLINTON,5068,REPUBLICAN,DONALD TRUMP,8668,OTHER,OTHER,1180,
HARVEY,2020,DEMOCRAT,JOSEPH R BIDEN JR,6747,LIBERTARIAN,JO JORGENSEN,380,REPUBLICAN,DONALD J TRUMP,10182,
HASKELL,2000,DEMOCRAT,AL GORE,263,REPUBLICAN,GEORGE W. BUSH,1323,GREEN,RALPH NADER,16,OTHER,OTHER,14,
HASKELL,2004,DEMOCRAT,JOHN KERRY,227,REPUBLICAN,GEORGE W. BUSH,1356,OTHER,OTHER,16,
HASKELL,2008,DEMOCRAT,BARACK OBAMA,278,REPUBLICAN,JOHN MCCAIN,1277,OTHER,OTHER,15,
HASKELL,2012,DEMOCRAT,BARACK OBAMA,215,REPUBLICAN,MITT ROMNEY,1159,OTHER,OTHER,22,
HASKELL,2016,DEMOCRAT,HILLARY CLINTON,245,REPUBLICAN,DONALD TRUMP,1040,OTHER,OTHER,69,
HASKELL,2020,DEMOCRAT,JOSEPH R BIDEN JR,268,LIBERTARIAN,JO JORGENSEN,20,REPUBLICAN,DONALD J TRUMP,1122,
HODGEMAN,2000,DEMOCRAT,AL GORE,217,REPUBLICAN,GEORGE W. BUSH,835,GREEN,RALPH NADER,21,OTHER,OTHER,15,
HODGEMAN,2004,DEMOCRAT,JOHN KERRY,223,REPUBLICAN,GEORGE W. BUSH,953,OTHER,OTHER,7,
HODGEMAN,2008,DEMOCRAT,BARACK OBAMA,211,REPUBLICAN,JOHN MCCAIN,865,OTHER,OTHER,20,
HODGEMAN,2012,DEMOCRAT,BARACK OBAMA,179,REPUBLICAN,MITT ROMNEY,868,OTHER,OTHER,13,
HODGEMAN,2016,DEMOCRAT,HILLARY CLINTON,124,REPUBLICAN,DONALD TRUMP,855,OTHER,OTHER,38,
HODGEMAN,2020,DEMOCRAT,JOSEPH R BIDEN JR,154,LIBERTARIAN,JO JORGENSEN,16,REPUBLICAN,DONALD J TRUMP,875,
JACKSON,2000,DEMOCRAT,AL GORE,1990,REPUBLICAN,GEORGE W. BUSH,3001,GREEN,RALPH NADER,123,OTHER,OTHER,136,
JACKSON,2004,DEMOCRAT,JOHN KERRY,2064,REPUBLICAN,GEORGE W. BUSH,3730,OTHER,OTHER,94,
JACKSON,2008,DEMOCRAT,BARACK OBAMA,2308,REPUBLICAN,JOHN MCCAIN,3811,OTHER,OTHER,134,
JACKSON,2012,DEMOCRAT,BARACK OBAMA,1901,REPUBLICAN,MITT ROMNEY,3527,OTHER,OTHER,133,
JACKSON,2016,DEMOCRAT,HILLARY CLINTON,1512,REPUBLICAN,DONALD TRUMP,3939,OTHER,OTHER,367,
JACKSON,2020,DEMOCRAT,JOSEPH R BIDEN JR,1881,LIBERTARIAN,JO JORGENSEN,186,REPUBLICAN,DONALD J TRUMP,4517,
JEFFERSON,2000,DEMOCRAT,AL GORE,3000,REPUBLICAN,GEORGE W. BUSH,4423,GREEN,RALPH NADER,321,OTHER,OTHER,133,
JEFFERSON,2004,DEMOCRAT,JOHN KERRY,3253,REPUBLICAN,GEORGE W. BUSH,5408,OTHER,OTHER,132,
JEFFERSON,2008,DEMOCRAT,BARACK OBAMA,3542,REPUBLICAN,JOHN MCCAIN,5220,OTHER,OTHER,188,
JEFFERSON,2012,DEMOCRAT,BARACK OBAMA,2977,REPUBLICAN,MITT ROMNEY,4827,OTHER,OTHER,209,
JEFFERSON,2016,DEMOCRAT,HILLARY CLINTON,2518,REPUBLICAN,DONALD TRUMP,5213,OTHER,OTHER,606,
JEFFERSON,2020,DEMOCRAT,JOSEPH R BIDEN JR,3194,LIBERTARIAN,JO JORGENSEN,254,REPUBLICAN,DONALD J TRUMP,6334,
JEWELL,2000,DEMOCRAT,AL GORE,380,REPUBLICAN,GEORGE W. BUSH,1400,GREEN,RALPH NADER,57,OTHER,OTHER,40,
JEWELL,2004,DEMOCRAT,JOHN KERRY,385,REPUBLICAN,GEORGE W. BUSH,1495,OTHER,OTHER,35,
JEWELL,2008,DEMOCRAT,BARACK OBAMA,313,REPUBLICAN,JOHN MCCAIN,1231,OTHER,OTHER,40,
JEWELL,2012,DEMOCRAT,BARACK OBAMA,229,REPUBLICAN,MITT ROMNEY,1235,OTHER,OTHER,33,
JEWELL,2016,DEMOCRAT,HILLARY CLINTON,180,REPUBLICAN,DONALD TRUMP,1223,OTHER,OTHER,91,
JEWELL,2020,DEMOCRAT,JOSEPH R BIDEN JR,212,LIBERTARIAN,JO JORGENSEN,29,REPUBLICAN,DONALD J TRUMP,1387,
JOHNSON,2000,DEMOCRAT,AL GORE,79118,REPUBLICAN,GEORGE W. BUSH,129965,GREEN,RALPH NADER,6493,OTHER,OTHER,1960,
JOHNSON,2004,DEMOCRAT,JOHN KERRY,97866,REPUBLICAN,GEORGE W. BUSH,158103,OTHER,OTHER,2718,
JOHNSON,2008,DEMOCRAT,BARACK OBAMA,127091,REPUBLICAN,JOHN MCCAIN,152627,OTHER,OTHER,3714,
JOHNSON,2012,DEMOCRAT,BARACK OBAMA,110526,REPUBLICAN,MITT ROMNEY,158401,OTHER,OTHER,5438,
JOHNSON,2016,DEMOCRAT,HILLARY CLINTON,129852,REPUBLICAN,DONALD TRUMP,137490,OTHER,OTHER,22748,
JOHNSON,2020,DEMOCRAT,JOSEPH R BIDEN JR,184259,LIBERTARIAN,JO JORGENSEN,7324,REPUBLICAN,DONALD J TRUMP,155631,
KEARNY,2000,DEMOCRAT,AL GORE,320,REPUBLICAN,GEORGE W. BUSH,1084,GREEN,RALPH NADER,16,OTHER,OTHER,15,
KEARNY,2004,DEMOCRAT,JOHN KERRY,272,REPUBLICAN,GEORGE W. BUSH,1177,OTHER,OTHER,6,
KEARNY,2008,DEMOCRAT,BARACK OBAMA,309,REPUBLICAN,JOHN MCCAIN,1159,OTHER,OTHER,14,
KEARNY,2012,DEMOCRAT,BARACK OBAMA,268,REPUBLICAN,MITT ROMNEY,1097,OTHER,OTHER,21,
KEARNY,2016,DEMOCRAT,HILLARY CLINTON,174,REPUBLICAN,DONALD TRUMP,1075,OTHER,OTHER,67,
KEARNY,2020,DEMOCRAT,JOSEPH R BIDEN JR,267,LIBERTARIAN,JO JORGENSEN,24,REPUBLICAN,DONALD J TRUMP,1164,
KINGMAN,2000,DEMOCRAT,AL GORE,991,REPUBLICAN,GEORGE W. BUSH,2672,GREEN,RALPH NADER,86,OTHER,OTHER,59,
KINGMAN,2004,DEMOCRAT,JOHN KERRY,904,REPUBLICAN,GEORGE W. BUSH,2801,OTHER,OTHER,59,
KINGMAN,2008,DEMOCRAT,BARACK OBAMA,963,REPUBLICAN,JOHN MCCAIN,2603,OTHER,OTHER,98,
KINGMAN,2012,DEMOCRAT,BARACK OBAMA,733,REPUBLICAN,MITT ROMNEY,2397,OTHER,OTHER,101,
KINGMAN,2016,DEMOCRAT,HILLARY CLINTON,599,REPUBLICAN,DONALD TRUMP,2530,OTHER,OTHER,205,
KINGMAN,2020,DEMOCRAT,JOSEPH R BIDEN JR,752,LIBERTARIAN,JO JORGENSEN,67,REPUBLICAN,DONALD J TRUMP,3130,
KIOWA,2000,DEMOCRAT,AL GORE,294,REPUBLICAN,GEORGE W. BUSH,1262,GREEN,RALPH NADER,34,OTHER,OTHER,18,
KIOWA,2004,DEMOCRAT,JOHN KERRY,256,REPUBLICAN,GEORGE W. BUSH,1275,OTHER,OTHER,34,
KIOWA,2008,DEMOCRAT,BARACK OBAMA,200,REPUBLICAN,JOHN MCCAIN,912,OTHER,OTHER,23,
KIOWA,2012,DEMOCRAT,BARACK OBAMA,163,REPUBLICAN,MITT ROMNEY,976,OTHER,OTHER,5,
KIOWA,2016,DEMOCRAT,HILLARY CLINTON,114,REPUBLICAN,DONALD TRUMP,900,OTHER,OTHER,65,
KIOWA,2020,DEMOCRAT,JOSEPH R BIDEN JR,156,LIBERTARIAN,JO JORGENSEN,29,REPUBLICAN,DONALD J TRUMP,980,
LABETTE,2000,DEMOCRAT,AL GORE,3745,REPUBLICAN,GEORGE W. BUSH,4475,GREEN,RALPH NADER,230,OTHER,OTHER,88,
LABETTE,2004,DEMOCRAT,JOHN KERRY,3615,REPUBLICAN,GEORGE W. BUSH,5400,OTHER,OTHER,124,
LABETTE,2008,DEMOCRAT,BARACK OBAMA,3839,REPUBLICAN,JOHN MCCAIN,5001,OTHER,OTHER,191,
LABETTE,2012,DEMOCRAT,BARACK OBAMA,3117,REPUBLICAN,MITT ROMNEY,4742,OTHER,OTHER,178,
LABETTE,2016,DEMOCRAT,HILLARY CLINTON,2291,REPUBLICAN,DONALD TRUMP,5335,OTHER,OTHER,481,
LABETTE,2020,DEMOCRAT,JOSEPH R BIDEN JR,2655,LIBERTARIAN,JO JORGENSEN,173,REPUBLICAN,DONALD J TRUMP,5735,
LANE,2000,DEMOCRAT,AL GORE,252,REPUBLICAN,GEORGE W. BUSH,846,GREEN,RALPH NADER,23,OTHER,OTHER,12,
LANE,2004,DEMOCRAT,JOHN KERRY,181,REPUBLICAN,GEORGE W. BUSH,823,OTHER,OTHER,10,
LANE,2008,DEMOCRAT,BARACK OBAMA,193,REPUBLICAN,JOHN MCCAIN,814,OTHER,OTHER,20,
LANE,2012,DEMOCRAT,BARACK OBAMA,172,REPUBLICAN,MITT ROMNEY,739,OTHER,OTHER,17,
LANE,2016,DEMOCRAT,HILLARY CLINTON,106,REPUBLICAN,DONALD TRUMP,718,OTHER,OTHER,47,
LANE,2020,DEMOCRAT,JOSEPH R BIDEN JR,115,LIBERTARIAN,JO JORGENSEN,18,REPUBLICAN,DONALD J TRUMP,762,
LEAVENWORTH,2000,DEMOCRAT,AL GORE,9733,REPUBLICAN,GEORGE W. BUSH,12583,GREEN,RALPH NADER,679,OTHER,OTHER,276,
LEAVENWORTH,2004,DEMOCRAT,JOHN KERRY,11039,REPUBLICAN,GEORGE W. BUSH,15949,OTHER,OTHER,343,
LEAVENWORTH,2008,DEMOCRAT,BARACK OBAMA,13255,REPUBLICAN,JOHN MCCAIN,16791,OTHER,OTHER,545,
LEAVENWORTH,2012,DEMOCRAT,BARACK OBAMA,11357,REPUBLICAN,MITT ROMNEY,17059,OTHER,OTHER,669,
LEAVENWORTH,2016,DEMOCRAT,HILLARY CLINTON,10209,REPUBLICAN,DONALD TRUMP,17638,OTHER,OTHER,2454,
LEAVENWORTH,2020,DEMOCRAT,JOSEPH R BIDEN JR,13886,LIBERTARIAN,JO JORGENSEN,994,REPUBLICAN,DONALD J TRUMP,21610,
LINCOLN,2000,DEMOCRAT,AL GORE,469,REPUBLICAN,GEORGE W. BUSH,1295,GREEN,RALPH NADER,98,OTHER,OTHER,28,
LINCOLN,2004,DEMOCRAT,JOHN KERRY,391,REPUBLICAN,GEORGE W. BUSH,1368,OTHER,OTHER,41,
LINCOLN,2008,DEMOCRAT,BARACK OBAMA,347,REPUBLICAN,JOHN MCCAIN,1204,OTHER,OTHER,35,
LINCOLN,2012,DEMOCRAT,BARACK OBAMA,289,REPUBLICAN,MITT ROMNEY,1165,OTHER,OTHER,29,
LINCOLN,2016,DEMOCRAT,HILLARY CLINTON,215,REPUBLICAN,DONALD TRUMP,1179,OTHER,OTHER,70,
LINCOLN,2020,DEMOCRAT,JOSEPH R BIDEN JR,266,LIBERTARIAN,JO JORGENSEN,30,REPUBLICAN,DONALD J TRUMP,1283,
LINN,2000,DEMOCRAT,AL GORE,1587,REPUBLICAN,GEORGE W. BUSH,2513,GREEN,RALPH NADER,91,OTHER,OTHER,68,
LINN,2004,DEMOCRAT,JOHN KERRY,1631,REPUBLICAN,GEORGE W. BUSH,3048,OTHER,OTHER,62,
LINN,2008,DEMOCRAT,BARACK OBAMA,1425,REPUBLICAN,JOHN MCCAIN,3086,OTHER,OTHER,106,
LINN,2012,DEMOCRAT,BARACK OBAMA,1170,REPUBLICAN,MITT ROMNEY,3177,OTHER,OTHER,120,
LINN,2016,DEMOCRAT,HILLARY CLINTON,736,REPUBLICAN,DONALD TRUMP,3484,OTHER,OTHER,207,
LINN,2020,DEMOCRAT,JOSEPH R BIDEN JR,896,LIBERTARIAN,JO JORGENSEN,102,REPUBLICAN,DONALD J TRUMP,4048,
LOGAN,2000,DEMOCRAT,AL GORE,231,REPUBLICAN,GEORGE W. BUSH,1088,GREEN,RALPH NADER,49,OTHER,OTHER,29,
LOGAN,2004,DEMOCRAT,JOHN KERRY,248,REPUBLICAN,GEORGE W. BUSH,1255,OTHER,OTHER,20,
LOGAN,2008,DEMOCRAT,BARACK OBAMA,225,REPUBLICAN,JOHN MCCAIN,1187,OTHER,OTHER,28,
LOGAN,2012,DEMOCRAT,BARACK OBAMA,197,REPUBLICAN,MITT ROMNEY,1126,OTHER,OTHER,27,
LOGAN,2016,DEMOCRAT,HILLARY CLINTON,149,REPUBLICAN,DONALD TRUMP,1132,OTHER,OTHER,76,
LOGAN,2020,DEMOCRAT,JOSEPH R BIDEN JR,186,LIBERTARIAN,JO JORGENSEN,23,REPUBLICAN,DONALD J TRUMP,1249,
LYON,2000,DEMOCRAT,AL GORE,5190,REPUBLICAN,GEORGE W. BUSH,6652,GREEN,RALPH NADER,417,OTHER,OTHER,196,
LYON,2004,DEMOCRAT,JOHN KERRY,5234,REPUBLICAN,GEORGE W. BUSH,7951,OTHER,OTHER,255,
LYON,2008,DEMOCRAT,BARACK OBAMA,5924,REPUBLICAN,JOHN MCCAIN,6698,OTHER,OTHER,289,
LYON,2012,DEMOCRAT,BARACK OBAMA,5111,REPUBLICAN,MITT ROMNEY,6470,OTHER,OTHER,294,
LYON,2016,DEMOCRAT,HILLARY CLINTON,4649,REPUBLICAN,DONALD TRUMP,6552,OTHER,OTHER,1087,
LYON,2020,DEMOCRAT,JOSEPH R BIDEN JR,6055,LIBERTARIAN,JO JORGENSEN,383,REPUBLICAN,DONALD J TRUMP,7550,
MCPHERSON,2000,DEMOCRAT,AL GORE,3272,REPUBLICAN,GEORGE W. BUSH,8501,GREEN,RALPH NADER,534,OTHER,OTHER,154,
MCPHERSON,2004,DEMOCRAT,JOHN KERRY,3589,REPUBLICAN,GEORGE W. BUSH,9595,OTHER,OTHER,183,
MCPHERSON,2008,DEMOCRAT,BARACK OBAMA,4218,REPUBLICAN,JOHN MCCAIN,8937,OTHER,OTHER,231,
MCPHERSON,2012,DEMOCRAT,BARACK OBAMA,3449,REPUBLICAN,MITT ROMNEY,8545,OTHER,OTHER,303,
MCPHERSON,2016,DEMOCRAT,HILLARY CLINTON,3226,REPUBLICAN,DONALD TRUMP,8549,OTHER,OTHER,967,
MCPHERSON,2020,DEMOCRAT,JOSEPH R BIDEN JR,4134,LIBERTARIAN,JO JORGENSEN,340,REPUBLICAN,DONALD J TRUMP,9964,
MARION,2000,DEMOCRAT,AL GORE,1475,REPUBLICAN,GEORGE W. BUSH,4156,GREEN,RALPH NADER,189,OTHER,OTHER,83,
MARION,2004,DEMOCRAT,JOHN KERRY,1536,REPUBLICAN,GEORGE W. BUSH,4516,OTHER,OTHER,107,
MARION,2008,DEMOCRAT,BARACK OBAMA,1801,REPUBLICAN,JOHN MCCAIN,4159,OTHER,OTHER,99,
MARION,2012,DEMOCRAT,BARACK OBAMA,1385,REPUBLICAN,MITT ROMNEY,3889,OTHER,OTHER,135,
MARION,2016,DEMOCRAT,HILLARY CLINTON,1204,REPUBLICAN,DONALD TRUMP,4003,OTHER,OTHER,417,
MARION,2020,DEMOCRAT,JOSEPH R BIDEN JR,1516,LIBERTARIAN,JO JORGENSEN,130,REPUBLICAN,DONALD J TRUMP,4465,
MARSHALL,2000,DEMOCRAT,AL GORE,1831,REPUBLICAN,GEORGE W. BUSH,3066,GREEN,RALPH NADER,134,OTHER,OTHER,84,
MARSHALL,2004,DEMOCRAT,JOHN KERRY,1789,REPUBLICAN,GEORGE W. BUSH,3261,OTHER,OTHER,58,
MARSHALL,2008,DEMOCRAT,BARACK OBAMA,1784,REPUBLICAN,JOHN MCCAIN,3157,OTHER,OTHER,95,
MARSHALL,2012,DEMOCRAT,BARACK OBAMA,1469,REPUBLICAN,MITT ROMNEY,3195,OTHER,OTHER,109,
MARSHALL,2016,DEMOCRAT,HILLARY CLINTON,1072,REPUBLICAN,DONALD TRUMP,3307,OTHER,OTHER,294,
MARSHALL,2020,DEMOCRAT,JOSEPH R BIDEN JR,1259,LIBERTARIAN,JO JORGENSEN,126,REPUBLICAN,DONALD J TRUMP,3729,
MEADE,2000,DEMOCRAT,AL GORE,400,REPUBLICAN,GEORGE W. BUSH,1604,GREEN,RALPH NADER,33,OTHER,OTHER,16,
MEADE,2004,DEMOCRAT,JOHN KERRY,356,REPUBLICAN,GEORGE W. BUSH,1748,OTHER,OTHER,17,
MEADE,2008,DEMOCRAT,BARACK OBAMA,357,REPUBLICAN,JOHN MCCAIN,1540,OTHER,OTHER,34,
MEADE,2012,DEMOCRAT,BARACK OBAMA,258,REPUBLICAN,MITT ROMNEY,1428,OTHER,OTHER,23,
MEADE,2016,DEMOCRAT,HILLARY CLINTON,210,REPUBLICAN,DONALD TRUMP,1415,OTHER,OTHER,95,
MEADE,2020,DEMOCRAT,JOSEPH R BIDEN JR,263,LIBERTARIAN,JO JORGENSEN,39,REPUBLICAN,DONALD J TRUMP,1523,
MIAMI,2000,DEMOCRAT,AL GORE,4554,REPUBLICAN,GEORGE W. BUSH,6611,GREEN,RALPH NADER,294,OTHER,OTHER,148,
MIAMI,2004,DEMOCRAT,JOHN KERRY,4838,REPUBLICAN,GEORGE W. BUSH,9013,OTHER,OTHER,165,
MIAMI,2008,DEMOCRAT,BARACK OBAMA,5742,REPUBLICAN,JOHN MCCAIN,9382,OTHER,OTHER,253,
MIAMI,2012,DEMOCRAT,BARACK OBAMA,4712,REPUBLICAN,MITT ROMNEY,9858,OTHER,OTHER,286,
MIAMI,2016,DEMOCRAT,HILLARY CLINTON,3991,REPUBLICAN,DONALD TRUMP,10003,OTHER,OTHER,1028,
MIAMI,2020,DEMOCRAT,JOSEPH R BIDEN JR,5247,LIBERTARIAN,JO JORGENSEN,382,REPUBLICAN,DONALD J TRUMP,12308,
MITCHELL,2000,DEMOCRAT,AL GORE,751,REPUBLICAN,GEORGE W. BUSH,2350,GREEN,RALPH NADER,115,OTHER,OTHER,50,
MITCHELL,2004,DEMOCRAT,JOHN KERRY,693,REPUBLICAN,GEORGE W. BUSH,2609,OTHER,OTHER,47,
MITCHELL,2008,DEMOCRAT,BARACK OBAMA,701,REPUBLICAN,JOHN MCCAIN,2440,OTHER,OTHER,62,
MITCHELL,2012,DEMOCRAT,BARACK OBAMA,584,REPUBLICAN,MITT ROMNEY,2327,OTHER,OTHER,54,
MITCHELL,2016,DEMOCRAT,HILLARY CLINTON,477,REPUBLICAN,DONALD TRUMP,2308,OTHER,OTHER,157,
MITCHELL,2020,DEMOCRAT,JOSEPH R BIDEN JR,558,LIBERTARIAN,JO JORGENSEN,39,REPUBLICAN,DONALD J TRUMP,2504,
MONTGOMERY,2000,DEMOCRAT,AL GORE,4770,REPUBLICAN,GEORGE W. BUSH,8496,GREEN,RALPH NADER,269,OTHER,OTHER,210,
MONTGOMERY,2004,DEMOCRAT,JOHN KERRY,4338,REPUBLICAN,GEORGE W. BUSH,9598,OTHER,OTHER,180,
MONTGOMERY,2008,DEMOCRAT,BARACK OBAMA,4338,REPUBLICAN,JOHN MCCAIN,9309,OTHER,OTHER,260,
MONTGOMERY,2012,DEMOCRAT,BARACK OBAMA,3501,REPUBLICAN,MITT ROMNEY,8630,OTHER,OTHER,286,
MONTGOMERY,2016,DEMOCRAT,HILLARY CLINTON,2637,REPUBLICAN,DONALD TRUMP,8679,OTHER,OTHER,688,
MONTGOMERY,2020,DEMOCRAT,JOSEPH R BIDEN JR,3228,LIBERTARIAN,JO JORGENSEN,267,REPUBLICAN,DONALD J TRUMP,9931,
MORRIS,2000,DEMOCRAT,AL GORE,882,REPUBLICAN,GEORGE W. BUSH,1599,GREEN,RALPH NADER,104,OTHER,OTHER,56,
MORRIS,2004,DEMOCRAT,JOHN KERRY,931,REPUBLICAN,GEORGE W. BUSH,1961,OTHER,OTHER,44,
MORRIS,2008,DEMOCRAT,BARACK OBAMA,907,REPUBLICAN,JOHN MCCAIN,1875,OTHER,OTHER,59,
MORRIS,2012,DEMOCRAT,BARACK OBAMA,718,REPUBLICAN,MITT ROMNEY,1773,OTHER,OTHER,71,
MORRIS,2016,DEMOCRAT,HILLARY CLINTON,601,REPUBLICAN,DONALD TRUMP,1820,OTHER,OTHER,203,
MORRIS,2020,DEMOCRAT,JOSEPH R BIDEN JR,729,LIBERTARIAN,JO JORGENSEN,46,REPUBLICAN,DONALD J TRUMP,2124,
MORTON,2000,DEMOCRAT,AL GORE,321,REPUBLICAN,GEORGE W. BUSH,1203,GREEN,RALPH NADER,19,OTHER,OTHER,14,
MORTON,2004,DEMOCRAT,JOHN KERRY,276,REPUBLICAN,GEORGE W. BUSH,1287,OTHER,OTHER,13,
MORTON,2008,DEMOCRAT,BARACK OBAMA,229,REPUBLICAN,JOHN MCCAIN,1153,OTHER,OTHER,20,
MORTON,2012,DEMOCRAT,BARACK OBAMA,189,REPUBLICAN,MITT ROMNEY,1072,OTHER,OTHER,17,
MORTON,2016,DEMOCRAT,HILLARY CLINTON,147,REPUBLICAN,DONALD TRUMP,995,OTHER,OTHER,50,
MORTON,2020,DEMOCRAT,JOSEPH R BIDEN JR,150,LIBERTARIAN,JO JORGENSEN,14,REPUBLICAN,DONALD J TRUMP,1034,
NEMAHA,2000,DEMOCRAT,AL GORE,1494,REPUBLICAN,GEORGE W. BUSH,3578,GREEN,RALPH NADER,102,OTHER,OTHER,116,
NEMAHA,2004,DEMOCRAT,JOHN KERRY,1355,REPUBLICAN,GEORGE W. BUSH,4027,OTHER,OTHER,81,
NEMAHA,2008,DEMOCRAT,BARACK OBAMA,1432,REPUBLICAN,JOHN MCCAIN,3817,OTHER,OTHER,110,
NEMAHA,2012,DEMOCRAT,BARACK OBAMA,1000,REPUBLICAN,MITT ROMNEY,3930,OTHER,OTHER,96,
NEMAHA,2016,DEMOCRAT,HILLARY CLINTON,725,REPUBLICAN,DONALD TRUMP,4124,OTHER,OTHER,273,
NEMAHA,2020,DEMOCRAT,JOSEPH R BIDEN JR,927,LIBERTARIAN,JO JORGENSEN,93,REPUBLICAN,DONALD J TRUMP,4664,
NEOSHO,2000,DEMOCRAT,AL GORE,2588,REPUBLICAN,GEORGE W. BUSH,4014,GREEN,RALPH NADER,194,OTHER,OTHER,90,
NEOSHO,2004,DEMOCRAT,JOHN KERRY,2424,REPUBLICAN,GEORGE W. BUSH,4705,OTHER,OTHER,102,
NEOSHO,2008,DEMOCRAT,BARACK OBAMA,2563,REPUBLICAN,JOHN MCCAIN,4473,OTHER,OTHER,156,
NEOSHO,2012,DEMOCRAT,BARACK OBAMA,2050,REPUBLICAN,MITT ROMNEY,4272,OTHER,OTHER,158,
NEOSHO,2016,DEMOCRAT,HILLARY CLINTON,1501,REPUBLICAN,DONALD TRUMP,4431,OTHER,OTHER,382,
NEOSHO,2020,DEMOCRAT,JOSEPH R BIDEN JR,1796,LIBERTARIAN,JO JORGENSEN,111,REPUBLICAN,DONALD J TRUMP,4970,
NESS,2000,DEMOCRAT,AL GORE,383,REPUBLICAN,GEORGE W. BUSH,1420,GREEN,RALPH NADER,49,OTHER,OTHER,24,
NESS,2004,DEMOCRAT,JOHN KERRY,382,REPUBLICAN,GEORGE W. BUSH,1407,OTHER,OTHER,29,
NESS,2008,DEMOCRAT,BARACK OBAMA,289,REPUBLICAN,JOHN MCCAIN,1207,OTHER,OTHER,29,
NESS,2012,DEMOCRAT,BARACK OBAMA,218,REPUBLICAN,MITT ROMNEY,1209,OTHER,OTHER,17,
NESS,2016,DEMOCRAT,HILLARY CLINTON,162,REPUBLICAN,DONALD TRUMP,1228,OTHER,OTHER,64,
NESS,2020,DEMOCRAT,JOSEPH R BIDEN JR,149,LIBERTARIAN,JO JORGENSEN,25,REPUBLICAN,DONALD J TRUMP,1339,
NORTON,2000,DEMOCRAT,AL GORE,598,REPUBLICAN,GEORGE W. BUSH,1744,GREEN,RALPH NADER,65,OTHER,OTHER,44,
NORTON,2004,DEMOCRAT,JOHN KERRY,473,REPUBLICAN,GEORGE W. BUSH,2092,OTHER,OTHER,34,
NORTON,2008,DEMOCRAT,BARACK OBAMA,497,REPUBLICAN,JOHN MCCAIN,1878,OTHER,OTHER,40,
NORTON,2012,DEMOCRAT,BARACK OBAMA,398,REPUBLICAN,MITT ROMNEY,1878,OTHER,OTHER,49,
NORTON,2016,DEMOCRAT,HILLARY CLINTON,281,REPUBLICAN,DONALD TRUMP,1840,OTHER,OTHER,113,
NORTON,2020,DEMOCRAT,JOSEPH R BIDEN JR,364,LIBERTARIAN,JO JORGENSEN,44,REPUBLICAN,DONALD J TRUMP,2007,
OSAGE,2000,DEMOCRAT,AL GORE,2530,REPUBLICAN,GEORGE W. BUSH,3770,GREEN,RALPH NADER,171,OTHER,OTHER,142,
OSAGE,2004,DEMOCRAT,JOHN KERRY,2537,REPUBLICAN,GEORGE W. BUSH,4800,OTHER,OTHER,126,
OSAGE,2008,DEMOCRAT,BARACK OBAMA,2534,REPUBLICAN,JOHN MCCAIN,4820,OTHER,OTHER,190,
OSAGE,2012,DEMOCRAT,BARACK OBAMA,2268,REPUBLICAN,MITT ROMNEY,4427,OTHER,OTHER,211,
OSAGE,2016,DEMOCRAT,HILLARY CLINTON,1753,REPUBLICAN,DONALD TRUMP,4826,OTHER,OTHER,467,
OSAGE,2020,DEMOCRAT,JOSEPH R BIDEN JR,2136,LIBERTARIAN,JO JORGENSEN,194,REPUBLICAN,DONALD J TRUMP,5705,
OSBORNE,2000,DEMOCRAT,AL GORE,484,REPUBLICAN,GEORGE W. BUSH,1432,GREEN,RALPH NADER,74,OTHER,OTHER,40,
OSBORNE,2004,DEMOCRAT,JOHN KERRY,454,REPUBLICAN,GEORGE W. BUSH,1587,OTHER,OTHER,34,
OSBORNE,2008,DEMOCRAT,BARACK OBAMA,403,REPUBLICAN,JOHN MCCAIN,1490,OTHER,OTHER,37,
OSBORNE,2012,DEMOCRAT,BARACK OBAMA,324,REPUBLICAN,MITT ROMNEY,1479,OTHER,OTHER,35,
OSBORNE,2016,DEMOCRAT,HILLARY CLINTON,233,REPUBLICAN,DONALD TRUMP,1460,OTHER,OTHER,95,
OSBORNE,2020,DEMOCRAT,JOSEPH R BIDEN JR,281,LIBERTARIAN,JO JORGENSEN,35,REPUBLICAN,DONALD J TRUMP,1629,
OTTAWA,2000,DEMOCRAT,AL GORE,631,REPUBLICAN,GEORGE W. BUSH,1977,GREEN,RALPH NADER,145,OTHER,OTHER,38,
OTTAWA,2004,DEMOCRAT,JOHN KERRY,595,REPUBLICAN,GEORGE W. BUSH,2333,OTHER,OTHER,43,
OTTAWA,2008,DEMOCRAT,BARACK OBAMA,704,REPUBLICAN,JOHN MCCAIN,2323,OTHER,OTHER,59,
OTTAWA,2012,DEMOCRAT,BARACK OBAMA,558,REPUBLICAN,MITT ROMNEY,2295,OTHER,OTHER,80,
OTTAWA,2016,DEMOCRAT,HILLARY CLINTON,424,REPUBLICAN,DONALD TRUMP,2283,OTHER,OTHER,196,
OTTAWA,2020,DEMOCRAT,JOSEPH R BIDEN JR,506,LIBERTARIAN,JO JORGENSEN,75,REPUBLICAN,DONALD J TRUMP,2610,
PAWNEE,2000,DEMOCRAT,AL GORE,968,REPUBLICAN,GEORGE W. BUSH,1850,GREEN,RALPH NADER,93,OTHER,OTHER,29,
PAWNEE,2004,DEMOCRAT,JOHN KERRY,773,REPUBLICAN,GEORGE W. BUSH,2172,OTHER,OTHER,43,
PAWNEE,2008,DEMOCRAT,BARACK OBAMA,882,REPUBLICAN,JOHN MCCAIN,1946,OTHER,OTHER,51,
PAWNEE,2012,DEMOCRAT,BARACK OBAMA,718,REPUBLICAN,MITT ROMNEY,1836,OTHER,OTHER,54,
PAWNEE,2016,DEMOCRAT,HILLARY CLINTON,579,REPUBLICAN,DONALD TRUMP,1904,OTHER,OTHER,178,
PAWNEE,2020,DEMOCRAT,JOSEPH R BIDEN JR,643,LIBERTARIAN,JO JORGENSEN,51,REPUBLICAN,DONALD J TRUMP,2045,
PHILLIPS,2000,DEMOCRAT,AL GORE,611,REPUBLICAN,GEORGE W. BUSH,2057,GREEN,RALPH NADER,85,OTHER,OTHER,39,
PHILLIPS,2004,DEMOCRAT,JOHN KERRY,557,REPUBLICAN,GEORGE W. BUSH,2256,OTHER,OTHER,34,
PHILLIPS,2008,DEMOCRAT,BARACK OBAMA,525,REPUBLICAN,JOHN MCCAIN,2105,OTHER,OTHER,37,
PHILLIPS,2012,DEMOCRAT,BARACK OBAMA,382,REPUBLICAN,MITT ROMNEY,2135,OTHER,OTHER,48,
PHILLIPS,2016,DEMOCRAT,HILLARY CLINTON,300,REPUBLICAN,DONALD TRUMP,2233,OTHER,OTHER,131,
PHILLIPS,2020,DEMOCRAT,JOSEPH R BIDEN JR,318,LIBERTARIAN,JO JORGENSEN,45,REPUBLICAN,DONALD J TRUMP,2418,
POTTAWATOMIE,2000,DEMOCRAT,AL GORE,2037,REPUBLICAN,GEORGE W. BUSH,4985,GREEN,RALPH NADER,252,OTHER,OTHER,457,
POTTAWATOMIE,2004,DEMOCRAT,JOHN KERRY,2176,REPUBLICAN,GEORGE W. BUSH,6326,OTHER,OTHER,321,
POTTAWATOMIE,2008,DEMOCRAT,BARACK OBAMA,2599,REPUBLICAN,JOHN MCCAIN,6929,OTHER,OTHER,309,
POTTAWATOMIE,2012,DEMOCRAT,BARACK OBAMA,2335,REPUBLICAN,MITT ROMNEY,6804,OTHER,OTHER,340,
POTTAWATOMIE,2016,DEMOCRAT,HILLARY CLINTON,2225,REPUBLICAN,DONALD TRUMP,7612,OTHER,OTHER,856,
POTTAWATOMIE,2020,DEMOCRAT,JOSEPH R BIDEN JR,3313,LIBERTARIAN,JO JORGENSEN,318,REPUBLICAN,DONALD J TRUMP,9452,
PRATT,2000,DEMOCRAT,AL GORE,1314,REPUBLICAN,GEORGE W. BUSH,2885,GREEN,RALPH NADER,149,OTHER,OTHER,68,
PRATT,2004,DEMOCRAT,JOHN KERRY,1200,REPUBLICAN,GEORGE W. BUSH,3121,OTHER,OTHER,63,
PRATT,2008,DEMOCRAT,BARACK OBAMA,1294,REPUBLICAN,JOHN MCCAIN,2822,OTHER,OTHER,74,
PRATT,2012,DEMOCRAT,BARACK OBAMA,980,REPUBLICAN,MITT ROMNEY,2771,OTHER,OTHER,50,
PRATT,2016,DEMOCRAT,HILLARY CLINTON,771,REPUBLICAN,DONALD TRUMP,2838,OTHER,OTHER,233,
PRATT,2020,DEMOCRAT,JOSEPH R BIDEN JR,933,LIBERTARIAN,JO JORGENSEN,96,REPUBLICAN,DONALD J TRUMP,3108,
RAWLINS,2000,DEMOCRAT,AL GORE,306,REPUBLICAN,GEORGE W. BUSH,1349,GREEN,RALPH NADER,49,OTHER,OTHER,36,
RAWLINS,2004,DEMOCRAT,JOHN KERRY,289,REPUBLICAN,GEORGE W. BUSH,1414,OTHER,OTHER,17,
RAWLINS,2008,DEMOCRAT,BARACK OBAMA,273,REPUBLICAN,JOHN MCCAIN,1247,OTHER,OTHER,29,
RAWLINS,2012,DEMOCRAT,BARACK OBAMA,190,REPUBLICAN,MITT ROMNEY,1223,OTHER,OTHER,31,
RAWLINS,2016,DEMOCRAT,HILLARY CLINTON,163,REPUBLICAN,DONALD TRUMP,1220,OTHER,OTHER,89,
RAWLINS,2020,DEMOCRAT,JOSEPH R BIDEN JR,214,LIBERTARIAN,JO JORGENSEN,29,REPUBLICAN,DONALD J TRUMP,1261,
RENO,2000,DEMOCRAT,AL GORE,9025,REPUBLICAN,GEORGE W. BUSH,15179,GREEN,RALPH NADER,877,OTHER,OTHER,349,
RENO,2004,DEMOCRAT,JOHN KERRY,9114,REPUBLICAN,GEORGE W. BUSH,17748,OTHER,OTHER,462,
RENO,2008,DEMOCRAT,BARACK OBAMA,9916,REPUBLICAN,JOHN MCCAIN,16112,OTHER,OTHER,484,
RENO,2012,DEMOCRAT,BARACK OBAMA,8085,REPUBLICAN,MITT ROMNEY,15718,OTHER,OTHER,619,
RENO,2016,DEMOCRAT,HILLARY CLINTON,6837,REPUBLICAN,DONALD TRUMP,15513,OTHER,OTHER,1860,
RENO,2020,DEMOCRAT,JOSEPH R BIDEN JR,8886,LIBERTARIAN,JO JORGENSEN,612,REPUBLICAN,DONALD J TRUMP,18443,
REPUBLIC,2000,DEMOCRAT,AL GORE,604,REPUBLICAN,GEORGE W. BUSH,2239,GREEN,RALPH NADER,103,OTHER,OTHER,39,
REPUBLIC,2004,DEMOCRAT,JOHN KERRY,607,REPUBLICAN,GEORGE W. BUSH,2238,OTHER,OTHER,44,
REPUBLIC,2008,DEMOCRAT,BARACK OBAMA,640,REPUBLICAN,JOHN MCCAIN,1978,OTHER,OTHER,53,
REPUBLIC,2012,DEMOCRAT,BARACK OBAMA,477,REPUBLICAN,MITT ROMNEY,2134,OTHER,OTHER,75,
REPUBLIC,2016,DEMOCRAT,HILLARY CLINTON,375,REPUBLICAN,DONALD TRUMP,2024,OTHER,OTHER,130,
REPUBLIC,2020,DEMOCRAT,JOSEPH R BIDEN JR,424,LIBERTARIAN,JO JORGENSEN,51,REPUBLICAN,DONALD J TRUMP,2182,
RICE,2000,DEMOCRAT,AL GORE,1422,REPUBLICAN,GEORGE W. BUSH,2903,GREEN,RALPH NADER,128,OTHER,OTHER,67,
RICE,2004,DEMOCRAT,JOHN KERRY,1130,REPUBLICAN,GEORGE W. BUSH,3182,OTHER,OTHER,64,
RICE,2008,DEMOCRAT,BARACK OBAMA,1163,REPUBLICAN,JOHN MCCAIN,2780,OTHER,OTHER,78,
RICE,2012,DEMOCRAT,BARACK OBAMA,911,REPUBLICAN,MITT ROMNEY,2676,OTHER,OTHER,94,
RICE,2016,DEMOCRAT,HILLARY CLINTON,695,REPUBLICAN,DONALD TRUMP,2837,OTHER,OTHER,272,
RICE,2020,DEMOCRAT,JOSEPH R BIDEN JR,965,LIBERTARIAN,JO JORGENSEN,92,REPUBLICAN,DONALD J TRUMP,3262,
RILEY,2000,DEMOCRAT,AL GORE,6188,REPUBLICAN,GEORGE W. BUSH,10672,GREEN,RALPH NADER,1171,OTHER,OTHER,222,
RILEY,2004,DEMOCRAT,JOHN KERRY,7908,REPUBLICAN,GEORGE W. BUSH,12672,OTHER,OTHER,331,
RILEY,2008,DEMOCRAT,BARACK OBAMA,10495,REPUBLICAN,JOHN MCCAIN,12111,OTHER,OTHER,391,
RILEY,2012,DEMOCRAT,BARACK OBAMA,8977,REPUBLICAN,MITT ROMNEY,11507,OTHER,OTHER,617,
RILEY,2016,DEMOCRAT,HILLARY CLINTON,9341,REPUBLICAN,DONALD TRUMP,10107,OTHER,OTHER,2084,
RILEY,2020,DEMOCRAT,JOSEPH R BIDEN JR,12765,LIBERTARIAN,JO JORGENSEN,796,REPUBLICAN,DONALD J TRUMP,11610,
ROOKS,2000,DEMOCRAT,AL GORE,597,REPUBLICAN,GEORGE W. BUSH,2016,GREEN,RALPH NADER,105,OTHER,OTHER,57,
ROOKS,2004,DEMOCRAT,JOHN KERRY,534,REPUBLICAN,GEORGE W. BUSH,2121,OTHER,OTHER,55,
ROOKS,2008,DEMOCRAT,BARACK OBAMA,468,REPUBLICAN,JOHN MCCAIN,2068,OTHER,OTHER,52,
ROOKS,2012,DEMOCRAT,BARACK OBAMA,361,REPUBLICAN,MITT ROMNEY,2038,OTHER,OTHER,61,
ROOKS,2016,DEMOCRAT,HILLARY CLINTON,275,REPUBLICAN,DONALD TRUMP,2031,OTHER,OTHER,113,
ROOKS,2020,DEMOCRAT,JOSEPH R BIDEN JR,339,LIBERTARIAN,JO JORGENSEN,35,REPUBLICAN,DONALD J TRUMP,2325,
RUSH,2000,DEMOCRAT,AL GORE,505,REPUBLICAN,GEORGE W. BUSH,1235,GREEN,RALPH NADER,82,OTHER,OTHER,32,
RUSH,2004,DEMOCRAT,JOHN KERRY,517,REPUBLICAN,GEORGE W. BUSH,1226,OTHER,OTHER,46,
RUSH,2008,DEMOCRAT,BARACK OBAMA,504,REPUBLICAN,JOHN MCCAIN,1225,OTHER,OTHER,52,
RUSH,2012,DEMOCRAT,BARACK OBAMA,367,REPUBLICAN,MITT ROMNEY,1166,OTHER,OTHER,37,
RUSH,2016,DEMOCRAT,HILLARY CLINTON,233,REPUBLICAN,DONALD TRUMP,1197,OTHER,OTHER,73,
RUSH,2020,DEMOCRAT,JOSEPH R BIDEN JR,295,LIBERTARIAN,JO JORGENSEN,32,REPUBLICAN,DONALD J TRUMP,1350,
RUSSELL,2000,DEMOCRAT,AL GORE,886,REPUBLICAN,GEORGE W. BUSH,2434,GREEN,RALPH NADER,121,OTHER,OTHER,41,
RUSSELL,2004,DEMOCRAT,JOHN KERRY,810,REPUBLICAN,GEORGE W. BUSH,2671,OTHER,OTHER,44,
RUSSELL,2008,DEMOCRAT,BARACK OBAMA,736,REPUBLICAN,JOHN MCCAIN,2509,OTHER,OTHER,48,
RUSSELL,2012,DEMOCRAT,BARACK OBAMA,593,REPUBLICAN,MITT ROMNEY,2553,OTHER,OTHER,54,
RUSSELL,2016,DEMOCRAT,HILLARY CLINTON,461,REPUBLICAN,DONALD TRUMP,2574,OTHER,OTHER,158,
RUSSELL,2020,DEMOCRAT,JOSEPH R BIDEN JR,600,LIBERTARIAN,JO JORGENSEN,77,REPUBLICAN,DONALD J TRUMP,2790,
SALINE,2000,DEMOCRAT,AL GORE,7487,REPUBLICAN,GEORGE W. BUSH,12412,GREEN,RALPH NADER,1367,OTHER,OTHER,261,
SALINE,2004,DEMOCRAT,JOHN KERRY,7524,REPUBLICAN,GEORGE W. BUSH,15111,OTHER,OTHER,406,
SALINE,2008,DEMOCRAT,BARACK OBAMA,8186,REPUBLICAN,JOHN MCCAIN,14165,OTHER,OTHER,437,
SALINE,2012,DEMOCRAT,BARACK OBAMA,7040,REPUBLICAN,MITT ROMNEY,13840,OTHER,OTHER,616,
SALINE,2016,DEMOCRAT,HILLARY CLINTON,6317,REPUBLICAN,DONALD TRUMP,13828,OTHER,OTHER,1919,
SALINE,2020,DEMOCRAT,JOSEPH R BIDEN JR,8214,LIBERTARIAN,JO JORGENSEN,595,REPUBLICAN,DONALD J TRUMP,15722,
SCOTT,2000,DEMOCRAT,AL GORE,418,REPUBLICAN,GEORGE W. BUSH,1811,GREEN,RALPH NADER,52,OTHER,OTHER,22,
SCOTT,2004,DEMOCRAT,JOHN KERRY,347,REPUBLICAN,GEORGE W. BUSH,1924,OTHER,OTHER,28,
SCOTT,2008,DEMOCRAT,BARACK OBAMA,321,REPUBLICAN,JOHN MCCAIN,1823,OTHER,OTHER,35,
SCOTT,2012,DEMOCRAT,BARACK OBAMA,277,REPUBLICAN,MITT ROMNEY,1728,OTHER,OTHER,47,
SCOTT,2016,DEMOCRAT,HILLARY CLINTON,236,REPUBLICAN,DONALD TRUMP,1865,OTHER,OTHER,101,
SCOTT,2020,DEMOCRAT,JOSEPH R BIDEN JR,299,LIBERTARIAN,JO JORGENSEN,41,REPUBLICAN,DONALD J TRUMP,2014,
SEDGWICK,2000,DEMOCRAT,AL GORE,62561,REPUBLICAN,GEORGE W. BUSH,93724,GREEN,RALPH NADER,4669,OTHER,OTHER,2463,
SEDGWICK,2004,DEMOCRAT,JOHN KERRY,64839,REPUBLICAN,GEORGE W. BUSH,110381,OTHER,OTHER,2459,
SEDGWICK,2008,DEMOCRAT,BARACK OBAMA,82337,REPUBLICAN,JOHN MCCAIN,106849,OTHER,OTHER,3547,
SEDGWICK,2012,DEMOCRAT,BARACK OBAMA,71977,REPUBLICAN,MITT ROMNEY,106506,OTHER,OTHER,4412,
SEDGWICK,2016,DEMOCRAT,HILLARY CLINTON,69627,REPUBLICAN,DONALD TRUMP,104353,OTHER,OTHER,14803,
SEDGWICK,2020,DEMOCRAT,JOSEPH R BIDEN JR,95870,LIBERTARIAN,JO JORGENSEN,5402,REPUBLICAN,DONALD J TRUMP,122416,
SEWARD,2000,DEMOCRAT,AL GORE,1126,REPUBLICAN,GEORGE W. BUSH,3869,GREEN,RALPH NADER,60,OTHER,OTHER,41,
SEWARD,2004,DEMOCRAT,JOHN KERRY,1122,REPUBLICAN,GEORGE W. BUSH,4272,OTHER,OTHER,45,
SEWARD,2008,DEMOCRAT,BARACK OBAMA,1493,REPUBLICAN,JOHN MCCAIN,3791,OTHER,OTHER,52,
SEWARD,2012,DEMOCRAT,BARACK OBAMA,1490,REPUBLICAN,MITT ROMNEY,3617,OTHER,OTHER,69,
SEWARD,2016,DEMOCRAT,HILLARY CLINTON,1628,REPUBLICAN,DONALD TRUMP,3159,OTHER,OTHER,251,
SEWARD,2020,DEMOCRAT,JOSEPH R BIDEN JR,1833,LIBERTARIAN,JO JORGENSEN,89,REPUBLICAN,DONALD J TRUMP,3372,
SHAWNEE,2000,DEMOCRAT,AL GORE,34818,REPUBLICAN,GEORGE W. BUSH,35894,GREEN,RALPH NADER,2529,OTHER,OTHER,1132,
SHAWNEE,2004,DEMOCRAT,JOHN KERRY,36264,REPUBLICAN,GEORGE W. BUSH,44188,OTHER,OTHER,1125,
SHAWNEE,2008,DEMOCRAT,BARACK OBAMA,41235,REPUBLICAN,JOHN MCCAIN,41476,OTHER,OTHER,1466,
SHAWNEE,2012,DEMOCRAT,BARACK OBAMA,36975,REPUBLICAN,MITT ROMNEY,37782,OTHER,OTHER,1751,
SHAWNEE,2016,DEMOCRAT,HILLARY CLINTON,33926,REPUBLICAN,DONALD TRUMP,35934,OTHER,OTHER,5546,
SHAWNEE,2020,DEMOCRAT,JOSEPH R BIDEN JR,43015,LIBERTARIAN,JO JORGENSEN,2199,REPUBLICAN,DONALD J TRUMP,40443,
SHERIDAN,2000,DEMOCRAT,AL GORE,281,REPUBLICAN,GEORGE W. BUSH,1132,GREEN,RALPH NADER,55,OTHER,OTHER,21,
SHERIDAN,2004,DEMOCRAT,JOHN KERRY,239,REPUBLICAN,GEORGE W. BUSH,1144,OTHER,OTHER,23,
SHERIDAN,2008,DEMOCRAT,BARACK OBAMA,254,REPUBLICAN,JOHN MCCAIN,1108,OTHER,OTHER,14,
SHERIDAN,2012,DEMOCRAT,BARACK OBAMA,168,REPUBLICAN,MITT ROMNEY,1154,OTHER,OTHER,20,
SHERIDAN,2016,DEMOCRAT,HILLARY CLINTON,127,REPUBLICAN,DONALD TRUMP,1197,OTHER,OTHER,50,
SHERIDAN,2020,DEMOCRAT,JOSEPH R BIDEN JR,147,LIBERTARIAN,JO JORGENSEN,16,REPUBLICAN,DONALD J TRUMP,1282,
SHERMAN,2000,DEMOCRAT,AL GORE,681,REPUBLICAN,GEORGE W. BUSH,1894,GREEN,RALPH NADER,60,OTHER,OTHER,47,
SHERMAN,2004,DEMOCRAT,JOHN KERRY,632,REPUBLICAN,GEORGE W. BUSH,2088,OTHER,OTHER,42,
SHERMAN,2008,DEMOCRAT,BARACK OBAMA,688,REPUBLICAN,JOHN MCCAIN,1959,OTHER,OTHER,57,
SHERMAN,2012,DEMOCRAT,BARACK OBAMA,577,REPUBLICAN,MITT ROMNEY,1976,OTHER,OTHER,70,
SHERMAN,2016,DEMOCRAT,HILLARY CLINTON,347,REPUBLICAN,DONALD TRUMP,2089,OTHER,OTHER,176,
SHERMAN,2020,DEMOCRAT,JOSEPH R BIDEN JR,396,LIBERTARIAN,JO JORGENSEN,62,REPUBLICAN,DONALD J TRUMP,2269,
SMITH,2000,DEMOCRAT,AL GORE,534,REPUBLICAN,GEORGE W. BUSH,1534,GREEN,RALPH NADER,79,OTHER,OTHER,37,
SMITH,2004,DEMOCRAT,JOHN KERRY,540,REPUBLICAN,GEORGE W. BUSH,1803,OTHER,OTHER,27,
SMITH,2008,DEMOCRAT,BARACK OBAMA,446,REPUBLICAN,JOHN MCCAIN,1719,OTHER,OTHER,39,
SMITH,2012,DEMOCRAT,BARACK OBAMA,358,REPUBLICAN,MITT ROMNEY,1624,OTHER,OTHER,41,
SMITH,2016,DEMOCRAT,HILLARY CLINTON,297,REPUBLICAN,DONALD TRUMP,1661,OTHER,OTHER,84,
SMITH,2020,DEMOCRAT,JOSEPH R BIDEN JR,336,LIBERTARIAN,JO JORGENSEN,30,REPUBLICAN,DONALD J TRUMP,1763,
STAFFORD,2000,DEMOCRAT,AL GORE,567,REPUBLICAN,GEORGE W. BUSH,1546,GREEN,RALPH NADER,54,OTHER,OTHER,33,
STAFFORD,2004,DEMOCRAT,JOHN KERRY,506,REPUBLICAN,GEORGE W. BUSH,1649,OTHER,OTHER,31,
STAFFORD,2008,DEMOCRAT,BARACK OBAMA,542,REPUBLICAN,JOHN MCCAIN,1495,OTHER,OTHER,37,
STAFFORD,2012,DEMOCRAT,BARACK OBAMA,404,REPUBLICAN,MITT ROMNEY,1385,OTHER,OTHER,50,
STAFFORD,2016,DEMOCRAT,HILLARY CLINTON,304,REPUBLICAN,DONALD TRUMP,1490,OTHER,OTHER,102,
STAFFORD,2020,DEMOCRAT,JOSEPH R BIDEN JR,357,LIBERTARIAN,JO JORGENSEN,32,REPUBLICAN,DONALD J TRUMP,1645,
STANTON,2000,DEMOCRAT,AL GORE,215,REPUBLICAN,GEORGE W. BUSH,785,GREEN,RALPH NADER,16,OTHER,OTHER,13,
STANTON,2004,DEMOCRAT,JOHN KERRY,165,REPUBLICAN,GEORGE W. BUSH,796,OTHER,OTHER,5,
STANTON,2008,DEMOCRAT,BARACK OBAMA,188,REPUBLICAN,JOHN MCCAIN,628,OTHER,OTHER,11,
STANTON,2012,DEMOCRAT,BARACK OBAMA,143,REPUBLICAN,MITT ROMNEY,605,OTHER,OTHER,11,
STANTON,2016,DEMOCRAT,HILLARY CLINTON,115,REPUBLICAN,DONALD TRUMP,492,OTHER,OTHER,30,
STANTON,2020,DEMOCRAT,JOSEPH R BIDEN JR,148,LIBERTARIAN,JO JORGENSEN,14,REPUBLICAN,DONALD J TRUMP,614,
STEVENS,2000,DEMOCRAT,AL GORE,345,REPUBLICAN,GEORGE W. BUSH,1714,GREEN,RALPH NADER,34,OTHER,OTHER,18,
STEVENS,2004,DEMOCRAT,JOHN KERRY,310,REPUBLICAN,GEORGE W. BUSH,1936,OTHER,OTHER,19,
STEVENS,2008,DEMOCRAT,BARACK OBAMA,283,REPUBLICAN,JOHN MCCAIN,1815,OTHER,OTHER,29,
STEVENS,2012,DEMOCRAT,BARACK OBAMA,252,REPUBLICAN,MITT ROMNEY,1749,OTHER,OTHER,33,
STEVENS,2016,DEMOCRAT,HILLARY CLINTON,220,REPUBLICAN,DONALD TRUMP,1599,OTHER,OTHER,72,
STEVENS,2020,DEMOCRAT,JOSEPH R BIDEN JR,237,LIBERTARIAN,JO JORGENSEN,34,REPUBLICAN,DONALD J TRUMP,1760,
SUMNER,2000,DEMOCRAT,AL GORE,3549,REPUBLICAN,GEORGE W. BUSH,6176,GREEN,RALPH NADER,306,OTHER,OTHER,201,
SUMNER,2004,DEMOCRAT,JOHN KERRY,3217,REPUBLICAN,GEORGE W. BUSH,7092,OTHER,OTHER,179,
SUMNER,2008,DEMOCRAT,BARACK OBAMA,3353,REPUBLICAN,JOHN MCCAIN,6737,OTHER,OTHER,247,
SUMNER,2012,DEMOCRAT,BARACK OBAMA,2658,REPUBLICAN,MITT ROMNEY,6260,OTHER,OTHER,223,
SUMNER,2016,DEMOCRAT,HILLARY CLINTON,2076,REPUBLICAN,DONALD TRUMP,6984,OTHER,OTHER,662,
SUMNER,2020,DEMOCRAT,JOSEPH R BIDEN JR,2591,LIBERTARIAN,JO JORGENSEN,232,REPUBLICAN,DONALD J TRUMP,8105,
THOMAS,2000,DEMOCRAT,AL GORE,807,REPUBLICAN,GEORGE W. BUSH,2822,GREEN,RALPH NADER,93,OTHER,OTHER,58,
THOMAS,2004,DEMOCRAT,JOHN KERRY,816,REPUBLICAN,GEORGE W. BUSH,3007,OTHER,OTHER,47,
THOMAS,2008,DEMOCRAT,BARACK OBAMA,787,REPUBLICAN,JOHN MCCAIN,2837,OTHER,OTHER,49,
THOMAS,2012,DEMOCRAT,BARACK OBAMA,598,REPUBLICAN,MITT ROMNEY,2788,OTHER,OTHER,88,
THOMAS,2016,DEMOCRAT,HILLARY CLINTON,473,REPUBLICAN,DONALD TRUMP,2908,OTHER,OTHER,195,
THOMAS,2020,DEMOCRAT,JOSEPH R BIDEN JR,625,LIBERTARIAN,JO JORGENSEN,55,REPUBLICAN,DONALD J TRUMP,3130,
TREGO,2000,DEMOCRAT,AL GORE,516,REPUBLICAN,GEORGE W. BUSH,1220,GREEN,RALPH NADER,69,OTHER,OTHER,32,
TREGO,2004,DEMOCRAT,JOHN KERRY,434,REPUBLICAN,GEORGE W. BUSH,1225,OTHER,OTHER,27,
TREGO,2008,DEMOCRAT,BARACK OBAMA,420,REPUBLICAN,JOHN MCCAIN,1225,OTHER,OTHER,26,
TREGO,2012,DEMOCRAT,BARACK OBAMA,291,REPUBLICAN,MITT ROMNEY,1261,OTHER,OTHER,27,
TREGO,2016,DEMOCRAT,HILLARY CLINTON,198,REPUBLICAN,DONALD TRUMP,1227,OTHER,OTHER,57,
TREGO,2020,DEMOCRAT,JOSEPH R BIDEN JR,242,LIBERTARIAN,JO JORGENSEN,25,REPUBLICAN,DONALD J TRUMP,1363,
WABAUNSEE,2000,DEMOCRAT,AL GORE,1025,REPUBLICAN,GEORGE W. BUSH,2182,GREEN,RALPH NADER,96,OTHER,OTHER,117,
WABAUNSEE,2004,DEMOCRAT,JOHN KERRY,1001,REPUBLICAN,GEORGE W. BUSH,2531,OTHER,OTHER,72,
WABAUNSEE,2008,DEMOCRAT,BARACK OBAMA,1036,REPUBLICAN,JOHN MCCAIN,2395,OTHER,OTHER,90,
WABAUNSEE,2012,DEMOCRAT,BARACK OBAMA,918,REPUBLICAN,MITT ROMNEY,2256,OTHER,OTHER,93,
WABAUNSEE,2016,DEMOCRAT,HILLARY CLINTON,776,REPUBLICAN,DONALD TRUMP,2372,OTHER,OTHER,232,
WABAUNSEE,2020,DEMOCRAT,JOSEPH R BIDEN JR,964,LIBERTARIAN,JO JORGENSEN,93,REPUBLICAN,DONALD J TRUMP,2845,
WALLACE,2000,DEMOCRAT,AL GORE,103,REPUBLICAN,GEORGE W. BUSH,737,GREEN,RALPH NADER,14,OTHER,OTHER,7,
WALLACE,2004,DEMOCRAT,JOHN KERRY,112,REPUBLICAN,GEORGE W. BUSH,742,OTHER,OTHER,22,
WALLACE,2008,DEMOCRAT,BARACK OBAMA,96,REPUBLICAN,JOHN MCCAIN,690,OTHER,OTHER,18,
WALLACE,2012,DEMOCRAT,BARACK OBAMA,68,REPUBLICAN,MITT ROMNEY,719,OTHER,OTHER,11,
WALLACE,2016,DEMOCRAT,HILLARY CLINTON,46,REPUBLICAN,DONALD TRUMP,721,OTHER,OTHER,31,
WALLACE,2020,DEMOCRAT,JOSEPH R BIDEN JR,44,LIBERTARIAN,JO JORGENSEN,11,REPUBLICAN,DONALD J TRUMP,770,
WASHINGTON,2000,DEMOCRAT,AL GORE,687,REPUBLICAN,GEORGE W. BUSH,2446,GREEN,RALPH NADER,77,OTHER,OTHER,57,
WASHINGTON,2004,DEMOCRAT,JOHN KERRY,643,REPUBLICAN,GEORGE W. BUSH,2498,OTHER,OTHER,49,
WASHINGTON,2008,DEMOCRAT,BARACK OBAMA,659,REPUBLICAN,JOHN MCCAIN,2248,OTHER,OTHER,73,
WASHINGTON,2012,DEMOCRAT,BARACK OBAMA,524,REPUBLICAN,MITT ROMNEY,2316,OTHER,OTHER,49,
WASHINGTON,2016,DEMOCRAT,HILLARY CLINTON,387,REPUBLICAN,DONALD TRUMP,2194,OTHER,OTHER,184,
WASHINGTON,2020,DEMOCRAT,JOSEPH R BIDEN JR,475,LIBERTARIAN,JO JORGENSEN,45,REPUBLICAN,DONALD J TRUMP,2363,
WICHITA,2000,DEMOCRAT,AL GORE,207,REPUBLICAN,GEORGE W. BUSH,859,GREEN,RALPH NADER,15,OTHER,OTHER,9,
WICHITA,2004,DEMOCRAT,JOHN KERRY,183,REPUBLICAN,GEORGE W. BUSH,869,OTHER,OTHER,10,
WICHITA,2008,DEMOCRAT,BARACK OBAMA,163,REPUBLICAN,JOHN MCCAIN,840,OTHER,OTHER,16,
WICHITA,2012,DEMOCRAT,BARACK OBAMA,157,REPUBLICAN,MITT ROMNEY,821,OTHER,OTHER,9,
WICHITA,2016,DEMOCRAT,HILLARY CLINTON,140,REPUBLICAN,DONALD TRUMP,769,OTHER,OTHER,47,
WICHITA,2020,DEMOCRAT,JOSEPH R BIDEN JR,149,LIBERTARIAN,JO JORGENSEN,11,REPUBLICAN,DONALD J TRUMP,808,
WILSON,2000,DEMOCRAT,AL GORE,1186,REPUBLICAN,GEORGE W. BUSH,2748,GREEN,RALPH NADER,100,OTHER,OTHER,61,
WILSON,2004,DEMOCRAT,JOHN KERRY,1060,REPUBLICAN,GEORGE W. BUSH,3263,OTHER,OTHER,75,
WILSON,2008,DEMOCRAT,BARACK OBAMA,1170,REPUBLICAN,JOHN MCCAIN,2850,OTHER,OTHER,101,
WILSON,2012,DEMOCRAT,BARACK OBAMA,818,REPUBLICAN,MITT ROMNEY,2825,OTHER,OTHER,74,
WILSON,2016,DEMOCRAT,HILLARY CLINTON,594,REPUBLICAN,DONALD TRUMP,2788,OTHER,OTHER,209,
WILSON,2020,DEMOCRAT,JOSEPH R BIDEN JR,723,LIBERTARIAN,JO JORGENSEN,78,REPUBLICAN,DONALD J TRUMP,3153,
WOODSON,2000,DEMOCRAT,AL GORE,521,REPUBLICAN,GEORGE W. BUSH,974,GREEN,RALPH NADER,59,OTHER,OTHER,41,
WOODSON,2004,DEMOCRAT,JOHN KERRY,530,REPUBLICAN,GEORGE W. BUSH,1204,OTHER,OTHER,29,
WOODSON,2008,DEMOCRAT,BARACK OBAMA,512,REPUBLICAN,JOHN MCCAIN,1055,OTHER,OTHER,32,
WOODSON,2012,DEMOCRAT,BARACK OBAMA,380,REPUBLICAN,MITT ROMNEY,1035,OTHER,OTHER,32,
WOODSON,2016,DEMOCRAT,HILLARY CLINTON,273,REPUBLICAN,DONALD TRUMP,1082,OTHER,OTHER,88,
WOODSON,2020,DEMOCRAT,JOSEPH R BIDEN JR,294,LIBERTARIAN,JO JORGENSEN,24,REPUBLICAN,DONALD J TRUMP,1228,
WYANDOTTE,2000,DEMOCRAT,AL GORE,32411,REPUBLICAN,GEORGE W. BUSH,14024,GREEN,RALPH NADER,1287,OTHER,OTHER,550,
WYANDOTTE,2004,DEMOCRAT,JOHN KERRY,34923,REPUBLICAN,GEORGE W. BUSH,17919,OTHER,OTHER,559,
WYANDOTTE,2008,DEMOCRAT,BARACK OBAMA,39865,REPUBLICAN,JOHN MCCAIN,16506,OTHER,OTHER,798,
WYANDOTTE,2012,DEMOCRAT,BARACK OBAMA,34302,REPUBLICAN,MITT ROMNEY,15496,OTHER,OTHER,940,
WYANDOTTE,2016,DEMOCRAT,HILLARY CLINTON,30146,REPUBLICAN,DONALD TRUMP,15806,OTHER,OTHER,2829,
WYANDOTTE,2020,DEMOCRAT,JOSEPH R BIDEN JR,36788,LIBERTARIAN,JO JORGENSEN,1063,REPUBLICAN,DONALD J TRUMP,18934,
