ALLEGANY,2000,DEMOCRAT,AL GORE,10894,REPUBLICAN,GEORGE W. BUSH,14656,GREEN,RALPH NADER,610,OTHER,OTHER,211,
ALLEGANY,2004,DEMOCRAT,JOHN KERRY,10576,REPUBLICAN,GEORGE W. BUSH,18980,OTHER,OTHER,299,
ALLEGANY,2008,DEMOCRAT,BARACK OBAMA,10693,REPUBLICAN,JOHN MCCAIN,18405,OTHER,OTHER,644,
ALLEGANY,2012,DEMOCRAT,BARACK OBAMA,9805,REPUBLICAN,MITT ROMNEY,19230,OTHER,OTHER,815,
ALLEGANY,2016,DEMOCRAT,HILLARY CLINTON,7875,REPUBLICAN,DONALD TRUMP,21270,OTHER,OTHER,1509,
ALLEGANY,2020,DEMOCRAT,JOSEPH R BIDEN JR,2048,DEMOCRAT,JOSEPH R BIDEN JR,2876,DEMOCRAT,JOSEPH R BIDEN JR,1839,DEMOCRAT,JOSEPH R BIDEN JR,1888,DEMOCRAT,JOSEPH R BIDEN JR,507,GREEN,OTHER,25,GREEN,OTHER,20,GREEN,OTHER,23,GREEN,OTHER,46,GREEN,OTHER,6,LIBERTARIAN,JO JORGENSEN,41,LIBERTARIAN,JO JORGENSEN,30,LIBERTARIAN,JO JORGENSEN,56,LIBERTARIAN,JO JORGENSEN,174,LIBERTARIAN,JO JORGENSEN,7,OTHER,OTHER,36,OTHER,OTHER,31,OTHER,OTHER,34,OTHER,OTHER,63,OTHER,OTHER,5,REPUBLICAN,DONALD J TRUMP,1883,REPUBLICAN,DONALD J TRUMP,1703,REPUBLICAN,DONALD J TRUMP,7342,REPUBLICAN,DONALD J TRUMP,9513,REPUBLICAN,DONALD J TRUMP,445,
ANNE ARUNDEL,2000,DEMOCRAT,AL GORE,89624,REPUBLICAN,GEORGE W. BUSH,104209,GREEN,RALPH NADER,5493,OTHER,OTHER,1331,
ANNE ARUNDEL,2004,DEMOCRAT,JOHN KERRY,103324,REPUBLICAN,GEORGE W. BUSH,133231,OTHER,OTHER,3112,
ANNE ARUNDEL,2008,DEMOCRAT,BARACK OBAMA,125015,REPUBLICAN,JOHN MCCAIN,129682,OTHER,OTHER,4922,
ANNE ARUNDEL,2012,DEMOCRAT,BARACK OBAMA,126635,REPUBLICAN,MITT ROMNEY,126832,OTHER,OTHER,6688,
ANNE ARUNDEL,2016,DEMOCRAT,HILLARY CLINTON,128419,REPUBLICAN,DONALD TRUMP,122403,OTHER,OTHER,19259,
ANNE ARUNDEL,2020,DEMOCRAT,JOSEPH R BIDEN JR,39496,DEMOCRAT,JOSEPH R BIDEN JR,68916,DEMOCRAT,JOSEPH R BIDEN JR,43825,DEMOCRAT,JOSEPH R BIDEN JR,13405,DEMOCRAT,JOSEPH R BIDEN JR,7181,GREEN,OTHER,291,GREEN,OTHER,272,GREEN,OTHER,390,GREEN,OTHER,235,GREEN,OTHER,59,LIBERTARIAN,JO JORGENSEN,1193,LIBERTARIAN,JO JORGENSEN,879,LIBERTARIAN,JO JORGENSEN,1418,LIBERTARIAN,JO JORGENSEN,1008,LIBERTARIAN,JO JORGENSEN,154,OTHER,OTHER,979,OTHER,OTHER,711,OTHER,OTHER,805,OTHER,OTHER,471,OTHER,OTHER,108,REPUBLICAN,DONALD J TRUMP,16213,REPUBLICAN,DONALD J TRUMP,17630,REPUBLICAN,DONALD J TRUMP,65507,REPUBLICAN,DONALD J TRUMP,24625,REPUBLICAN,DONALD J TRUMP,3846,
BALTIMORE,2000,DEMOCRAT,AL GORE,160635,REPUBLICAN,GEORGE W. BUSH,133033,GREEN,RALPH NADER,8544,OTHER,OTHER,1872,
BALTIMORE,2004,DEMOCRAT,JOHN KERRY,182474,REPUBLICAN,GEORGE W. BUSH,166051,OTHER,OTHER,4954,
BALTIMORE,2008,DEMOCRAT,BARACK OBAMA,214151,REPUBLICAN,JOHN MCCAIN,158714,OTHER,OTHER,8073,
BALTIMORE,2012,DEMOCRAT,BARACK OBAMA,220322,REPUBLICAN,MITT ROMNEY,154908,OTHER,OTHER,9552,
BALTIMORE,2016,DEMOCRAT,HILLARY CLINTON,218412,REPUBLICAN,DONALD TRUMP,149477,OTHER,OTHER,22793,
BALTIMORE,2020,DEMOCRAT,JOSEPH R BIDEN JR,81534,DEMOCRAT,JOSEPH R BIDEN JR,78059,DEMOCRAT,JOSEPH R BIDEN JR,63878,DEMOCRAT,JOSEPH R BIDEN JR,23728,DEMOCRAT,JOSEPH R BIDEN JR,11210,GREEN,OTHER,562,GREEN,OTHER,291,GREEN,OTHER,497,GREEN,OTHER,404,GREEN,OTHER,66,LIBERTARIAN,JO JORGENSEN,1549,LIBERTARIAN,JO JORGENSEN,758,LIBERTARIAN,JO JORGENSEN,1326,LIBERTARIAN,JO JORGENSEN,1168,LIBERTARIAN,JO JORGENSEN,126,OTHER,OTHER,1408,OTHER,OTHER,605,OTHER,OTHER,848,OTHER,OTHER,623,OTHER,OTHER,90,REPUBLICAN,DONALD J TRUMP,26841,REPUBLICAN,DONALD J TRUMP,16954,REPUBLICAN,DONALD J TRUMP,66437,REPUBLICAN,DONALD J TRUMP,31927,REPUBLICAN,DONALD J TRUMP,4043,
CALVERT,2000,DEMOCRAT,AL GORE,12986,REPUBLICAN,GEORGE W. BUSH,16004,GREEN,RALPH NADER,660,OTHER,OTHER,156,
CALVERT,2004,DEMOCRAT,JOHN KERRY,15967,REPUBLICAN,GEORGE W. BUSH,23017,OTHER,OTHER,367,
CALVERT,2008,DEMOCRAT,BARACK OBAMA,20299,REPUBLICAN,JOHN MCCAIN,23095,OTHER,OTHER,663,
CALVERT,2012,DEMOCRAT,BARACK OBAMA,20529,REPUBLICAN,MITT ROMNEY,23952,OTHER,OTHER,1037,
CALVERT,2016,DEMOCRAT,HILLARY CLINTON,18225,REPUBLICAN,DONALD TRUMP,26176,OTHER,OTHER,3007,
CALVERT,2020,DEMOCRAT,JOSEPH R BIDEN JR,5144,DEMOCRAT,JOSEPH R BIDEN JR,9117,DEMOCRAT,JOSEPH R BIDEN JR,4956,DEMOCRAT,JOSEPH R BIDEN JR,3064,DEMOCRAT,JOSEPH R BIDEN JR,306,GREEN,OTHER,37,GREEN,OTHER,31,GREEN,OTHER,14,GREEN,OTHER,43,GREEN,OTHER,2,LIBERTARIAN,JO JORGENSEN,173,LIBERTARIAN,JO JORGENSEN,141,LIBERTARIAN,JO JORGENSEN,159,LIBERTARIAN,JO JORGENSEN,247,LIBERTARIAN,JO JORGENSEN,13,OTHER,OTHER,104,OTHER,OTHER,85,OTHER,OTHER,49,OTHER,OTHER,78,OTHER,OTHER,4,REPUBLICAN,DONALD J TRUMP,3144,REPUBLICAN,DONALD J TRUMP,2757,REPUBLICAN,DONALD J TRUMP,9115,REPUBLICAN,DONALD J TRUMP,9980,REPUBLICAN,DONALD J TRUMP,350,
CAROLINE,2000,DEMOCRAT,AL GORE,3396,REPUBLICAN,GEORGE W. BUSH,5300,GREEN,RALPH NADER,198,OTHER,OTHER,58,
CAROLINE,2004,DEMOCRAT,JOHN KERRY,3810,REPUBLICAN,GEORGE W. BUSH,7396,OTHER,OTHER,150,
CAROLINE,2008,DEMOCRAT,BARACK OBAMA,4971,REPUBLICAN,JOHN MCCAIN,8015,OTHER,OTHER,232,
CAROLINE,2012,DEMOCRAT,BARACK OBAMA,4970,REPUBLICAN,MITT ROMNEY,8098,OTHER,OTHER,289,
CAROLINE,2016,DEMOCRAT,HILLARY CLINTON,4009,REPUBLICAN,DONALD TRUMP,9368,OTHER,OTHER,736,
CAROLINE,2020,DEMOCRAT,JOSEPH R BIDEN JR,1327,DEMOCRAT,JOSEPH R BIDEN JR,959,DEMOCRAT,JOSEPH R BIDEN JR,1819,DEMOCRAT,JOSEPH R BIDEN JR,794,DEMOCRAT,JOSEPH R BIDEN JR,196,GREEN,OTHER,8,GREEN,OTHER,4,GREEN,OTHER,48,GREEN,OTHER,29,GREEN,OTHER,1,LIBERTARIAN,JO JORGENSEN,35,LIBERTARIAN,JO JORGENSEN,11,LIBERTARIAN,JO JORGENSEN,93,LIBERTARIAN,JO JORGENSEN,85,LIBERTARIAN,JO JORGENSEN,5,OTHER,OTHER,23,OTHER,OTHER,7,OTHER,OTHER,34,OTHER,OTHER,32,OTHER,OTHER,1,REPUBLICAN,DONALD J TRUMP,795,REPUBLICAN,DONALD J TRUMP,409,REPUBLICAN,DONALD J TRUMP,5305,REPUBLICAN,DONALD J TRUMP,3523,REPUBLICAN,DONALD J TRUMP,251,
CARROLL,2000,DEMOCRAT,AL GORE,20146,REPUBLICAN,GEORGE W. BUSH,41742,GREEN,RALPH NADER,1681,OTHER,OTHER,458,
CARROLL,2004,DEMOCRAT,JOHN KERRY,22974,REPUBLICAN,GEORGE W. BUSH,55275,OTHER,OTHER,1100,
CARROLL,2008,DEMOCRAT,BARACK OBAMA,28060,REPUBLICAN,JOHN MCCAIN,54503,OTHER,OTHER,2197,
CARROLL,2012,DEMOCRAT,BARACK OBAMA,27939,REPUBLICAN,MITT ROMNEY,56761,OTHER,OTHER,2836,
CARROLL,2016,DEMOCRAT,HILLARY CLINTON,26567,REPUBLICAN,DONALD TRUMP,58215,OTHER,OTHER,7066,
CARROLL,2020,DEMOCRAT,JOSEPH R BIDEN JR,7163,DEMOCRAT,JOSEPH R BIDEN JR,15591,DEMOCRAT,JOSEPH R BIDEN JR,8898,DEMOCRAT,JOSEPH R BIDEN JR,4648,DEMOCRAT,JOSEPH R BIDEN JR,156,GREEN,OTHER,87,GREEN,OTHER,108,GREEN,OTHER,175,GREEN,OTHER,166,GREEN,OTHER,1,LIBERTARIAN,JO JORGENSEN,401,LIBERTARIAN,JO JORGENSEN,353,LIBERTARIAN,JO JORGENSEN,545,LIBERTARIAN,JO JORGENSEN,714,LIBERTARIAN,JO JORGENSEN,15,OTHER,OTHER,280,OTHER,OTHER,256,OTHER,OTHER,270,OTHER,OTHER,278,OTHER,OTHER,4,REPUBLICAN,DONALD J TRUMP,5633,REPUBLICAN,DONALD J TRUMP,7025,REPUBLICAN,DONALD J TRUMP,25406,REPUBLICAN,DONALD J TRUMP,21755,REPUBLICAN,DONALD J TRUMP,399,
CECIL,2000,DEMOCRAT,AL GORE,12327,REPUBLICAN,GEORGE W. BUSH,15494,GREEN,RALPH NADER,794,OTHER,OTHER,261,
CECIL,2004,DEMOCRAT,JOHN KERRY,14680,REPUBLICAN,GEORGE W. BUSH,22556,OTHER,OTHER,438,
CECIL,2008,DEMOCRAT,BARACK OBAMA,17665,REPUBLICAN,JOHN MCCAIN,23855,OTHER,OTHER,974,
CECIL,2012,DEMOCRAT,BARACK OBAMA,16557,REPUBLICAN,MITT ROMNEY,24806,OTHER,OTHER,1117,
CECIL,2016,DEMOCRAT,HILLARY CLINTON,13650,REPUBLICAN,DONALD TRUMP,28868,OTHER,OTHER,2751,
CECIL,2020,DEMOCRAT,JOSEPH R BIDEN JR,3834,DEMOCRAT,JOSEPH R BIDEN JR,4912,DEMOCRAT,JOSEPH R BIDEN JR,4408,DEMOCRAT,JOSEPH R BIDEN JR,3156,DEMOCRAT,JOSEPH R BIDEN JR,499,GREEN,OTHER,35,GREEN,OTHER,17,GREEN,OTHER,94,GREEN,OTHER,80,GREEN,OTHER,3,LIBERTARIAN,JO JORGENSEN,146,LIBERTARIAN,JO JORGENSEN,79,LIBERTARIAN,JO JORGENSEN,182,LIBERTARIAN,JO JORGENSEN,288,LIBERTARIAN,JO JORGENSEN,11,OTHER,OTHER,72,OTHER,OTHER,50,OTHER,OTHER,71,OTHER,OTHER,80,OTHER,OTHER,6,REPUBLICAN,DONALD J TRUMP,2799,REPUBLICAN,DONALD J TRUMP,2054,REPUBLICAN,DONALD J TRUMP,11162,REPUBLICAN,DONALD J TRUMP,12852,REPUBLICAN,DONALD J TRUMP,572,
CHARLES,2000,DEMOCRAT,AL GORE,21873,REPUBLICAN,GEORGE W. BUSH,21768,GREEN,RALPH NADER,755,OTHER,OTHER,196,
CHARLES,2004,DEMOCRAT,JOHN KERRY,29354,REPUBLICAN,GEORGE W. BUSH,28442,OTHER,OTHER,445,
CHARLES,2008,DEMOCRAT,BARACK OBAMA,43635,REPUBLICAN,JOHN MCCAIN,25732,OTHER,OTHER,760,
CHARLES,2012,DEMOCRAT,BARACK OBAMA,48774,REPUBLICAN,MITT ROMNEY,25178,OTHER,OTHER,1270,
CHARLES,2016,DEMOCRAT,HILLARY CLINTON,49341,REPUBLICAN,DONALD TRUMP,25614,OTHER,OTHER,3348,
CHARLES,2020,DEMOCRAT,JOSEPH R BIDEN JR,23831,DEMOCRAT,JOSEPH R BIDEN JR,9246,DEMOCRAT,JOSEPH R BIDEN JR,21333,DEMOCRAT,JOSEPH R BIDEN JR,5358,DEMOCRAT,JOSEPH R BIDEN JR,2403,GREEN,OTHER,92,GREEN,OTHER,20,GREEN,OTHER,174,GREEN,OTHER,109,GREEN,OTHER,13,LIBERTARIAN,JO JORGENSEN,229,LIBERTARIAN,JO JORGENSEN,48,LIBERTARIAN,JO JORGENSEN,282,LIBERTARIAN,JO JORGENSEN,184,LIBERTARIAN,JO JORGENSEN,26,OTHER,OTHER,225,OTHER,OTHER,45,OTHER,OTHER,177,OTHER,OTHER,112,OTHER,OTHER,12,REPUBLICAN,DONALD J TRUMP,4700,REPUBLICAN,DONALD J TRUMP,1372,REPUBLICAN,DONALD J TRUMP,13578,REPUBLICAN,DONALD J TRUMP,5339,REPUBLICAN,DONALD J TRUMP,590,
DORCHESTER,2000,DEMOCRAT,AL GORE,5232,REPUBLICAN,GEORGE W. BUSH,5847,GREEN,RALPH NADER,222,OTHER,OTHER,91,
DORCHESTER,2004,DEMOCRAT,JOHN KERRY,5411,REPUBLICAN,GEORGE W. BUSH,7801,OTHER,OTHER,127,
DORCHESTER,2008,DEMOCRAT,BARACK OBAMA,6912,REPUBLICAN,JOHN MCCAIN,8168,OTHER,OTHER,194,
DORCHESTER,2012,DEMOCRAT,BARACK OBAMA,7257,REPUBLICAN,MITT ROMNEY,7976,OTHER,OTHER,211,
DORCHESTER,2016,DEMOCRAT,HILLARY CLINTON,6245,REPUBLICAN,DONALD TRUMP,8413,OTHER,OTHER,567,
DORCHESTER,2020,DEMOCRAT,JOSEPH R BIDEN JR,1345,DEMOCRAT,JOSEPH R BIDEN JR,1744,DEMOCRAT,JOSEPH R BIDEN JR,2398,DEMOCRAT,JOSEPH R BIDEN JR,1153,DEMOCRAT,JOSEPH R BIDEN JR,217,GREEN,OTHER,7,GREEN,OTHER,6,GREEN,OTHER,55,GREEN,OTHER,29,GREEN,OTHER,0,LIBERTARIAN,JO JORGENSEN,29,LIBERTARIAN,JO JORGENSEN,23,LIBERTARIAN,JO JORGENSEN,59,LIBERTARIAN,JO JORGENSEN,61,LIBERTARIAN,JO JORGENSEN,2,OTHER,OTHER,18,OTHER,OTHER,10,OTHER,OTHER,25,OTHER,OTHER,31,OTHER,OTHER,1,REPUBLICAN,DONALD J TRUMP,809,REPUBLICAN,DONALD J TRUMP,650,REPUBLICAN,DONALD J TRUMP,4749,REPUBLICAN,DONALD J TRUMP,2405,REPUBLICAN,DONALD J TRUMP,151,
FREDERICK,2000,DEMOCRAT,AL GORE,30725,REPUBLICAN,GEORGE W. BUSH,45350,GREEN,RALPH NADER,2052,OTHER,OTHER,534,
FREDERICK,2004,DEMOCRAT,JOHN KERRY,39503,REPUBLICAN,GEORGE W. BUSH,59934,OTHER,OTHER,1157,
FREDERICK,2008,DEMOCRAT,BARACK OBAMA,54013,REPUBLICAN,JOHN MCCAIN,55170,OTHER,OTHER,2003,
FREDERICK,2012,DEMOCRAT,BARACK OBAMA,55146,REPUBLICAN,MITT ROMNEY,58798,OTHER,OTHER,3171,
FREDERICK,2016,DEMOCRAT,HILLARY CLINTON,56522,REPUBLICAN,DONALD TRUMP,59522,OTHER,OTHER,9633,
FREDERICK,2020,DEMOCRAT,JOSEPH R BIDEN JR,13267,DEMOCRAT,JOSEPH R BIDEN JR,33787,DEMOCRAT,JOSEPH R BIDEN JR,20063,DEMOCRAT,JOSEPH R BIDEN JR,8302,DEMOCRAT,JOSEPH R BIDEN JR,2256,GREEN,OTHER,123,GREEN,OTHER,150,GREEN,OTHER,208,GREEN,OTHER,188,GREEN,OTHER,17,LIBERTARIAN,JO JORGENSEN,448,LIBERTARIAN,JO JORGENSEN,438,LIBERTARIAN,JO JORGENSEN,681,LIBERTARIAN,JO JORGENSEN,655,LIBERTARIAN,JO JORGENSEN,60,OTHER,OTHER,284,OTHER,OTHER,322,OTHER,OTHER,370,OTHER,OTHER,275,OTHER,OTHER,39,REPUBLICAN,DONALD J TRUMP,5692,REPUBLICAN,DONALD J TRUMP,7936,REPUBLICAN,DONALD J TRUMP,31490,REPUBLICAN,DONALD J TRUMP,17190,REPUBLICAN,DONALD J TRUMP,1374,
GARRETT,2000,DEMOCRAT,AL GORE,2872,REPUBLICAN,GEORGE W. BUSH,7514,GREEN,RALPH NADER,203,OTHER,OTHER,66,
GARRETT,2004,DEMOCRAT,JOHN KERRY,3291,REPUBLICAN,GEORGE W. BUSH,9085,OTHER,OTHER,108,
GARRETT,2008,DEMOCRAT,BARACK OBAMA,3736,REPUBLICAN,JOHN MCCAIN,8903,OTHER,OTHER,233,
GARRETT,2012,DEMOCRAT,BARACK OBAMA,3124,REPUBLICAN,MITT ROMNEY,9743,OTHER,OTHER,290,
GARRETT,2016,DEMOCRAT,HILLARY CLINTON,2567,REPUBLICAN,DONALD TRUMP,10776,OTHER,OTHER,668,
GARRETT,2020,DEMOCRAT,JOSEPH R BIDEN JR,543,DEMOCRAT,JOSEPH R BIDEN JR,1204,DEMOCRAT,JOSEPH R BIDEN JR,1167,DEMOCRAT,JOSEPH R BIDEN JR,202,DEMOCRAT,JOSEPH R BIDEN JR,165,GREEN,OTHER,7,GREEN,OTHER,11,GREEN,OTHER,42,GREEN,OTHER,4,GREEN,OTHER,0,LIBERTARIAN,JO JORGENSEN,37,LIBERTARIAN,JO JORGENSEN,20,LIBERTARIAN,JO JORGENSEN,113,LIBERTARIAN,JO JORGENSEN,39,LIBERTARIAN,JO JORGENSEN,3,OTHER,OTHER,7,OTHER,OTHER,7,OTHER,OTHER,29,OTHER,OTHER,8,OTHER,OTHER,1,REPUBLICAN,DONALD J TRUMP,808,REPUBLICAN,DONALD J TRUMP,881,REPUBLICAN,DONALD J TRUMP,7973,REPUBLICAN,DONALD J TRUMP,2060,REPUBLICAN,DONALD J TRUMP,280,
HARFORD,2000,DEMOCRAT,AL GORE,35665,REPUBLICAN,GEORGE W. BUSH,52862,GREEN,RALPH NADER,2298,OTHER,OTHER,599,
HARFORD,2004,DEMOCRAT,JOHN KERRY,39685,REPUBLICAN,GEORGE W. BUSH,71565,OTHER,OTHER,1478,
HARFORD,2008,DEMOCRAT,BARACK OBAMA,48552,REPUBLICAN,JOHN MCCAIN,71751,OTHER,OTHER,2992,
HARFORD,2012,DEMOCRAT,BARACK OBAMA,49729,REPUBLICAN,MITT ROMNEY,72911,OTHER,OTHER,3314,
HARFORD,2016,DEMOCRAT,HILLARY CLINTON,47077,REPUBLICAN,DONALD TRUMP,77860,OTHER,OTHER,8735,
HARFORD,2020,DEMOCRAT,JOSEPH R BIDEN JR,17926,DEMOCRAT,JOSEPH R BIDEN JR,14464,DEMOCRAT,JOSEPH R BIDEN JR,22216,DEMOCRAT,JOSEPH R BIDEN JR,6701,DEMOCRAT,JOSEPH R BIDEN JR,1788,GREEN,OTHER,154,GREEN,OTHER,53,GREEN,OTHER,200,GREEN,OTHER,159,GREEN,OTHER,11,LIBERTARIAN,JO JORGENSEN,587,LIBERTARIAN,JO JORGENSEN,234,LIBERTARIAN,JO JORGENSEN,899,LIBERTARIAN,JO JORGENSEN,686,LIBERTARIAN,JO JORGENSEN,67,OTHER,OTHER,384,OTHER,OTHER,111,OTHER,OTHER,335,OTHER,OTHER,270,OTHER,OTHER,11,REPUBLICAN,DONALD J TRUMP,10016,REPUBLICAN,DONALD J TRUMP,4927,REPUBLICAN,DONALD J TRUMP,45623,REPUBLICAN,DONALD J TRUMP,18918,REPUBLICAN,DONALD J TRUMP,1446,
HOWARD,2000,DEMOCRAT,AL GORE,58556,REPUBLICAN,GEORGE W. BUSH,49809,GREEN,RALPH NADER,3643,OTHER,OTHER,771,
HOWARD,2004,DEMOCRAT,JOHN KERRY,72257,REPUBLICAN,GEORGE W. BUSH,59724,OTHER,OTHER,1829,
HOWARD,2008,DEMOCRAT,BARACK OBAMA,87120,REPUBLICAN,JOHN MCCAIN,55393,OTHER,OTHER,2720,
HOWARD,2012,DEMOCRAT,BARACK OBAMA,91393,REPUBLICAN,MITT ROMNEY,57758,OTHER,OTHER,3957,
HOWARD,2016,DEMOCRAT,HILLARY CLINTON,102597,REPUBLICAN,DONALD TRUMP,47484,OTHER,OTHER,12112,
HOWARD,2020,DEMOCRAT,JOSEPH R BIDEN JR,27425,DEMOCRAT,JOSEPH R BIDEN JR,54712,DEMOCRAT,JOSEPH R BIDEN JR,35872,DEMOCRAT,JOSEPH R BIDEN JR,7878,DEMOCRAT,JOSEPH R BIDEN JR,3546,GREEN,OTHER,200,GREEN,OTHER,209,GREEN,OTHER,248,GREEN,OTHER,111,GREEN,OTHER,17,LIBERTARIAN,JO JORGENSEN,594,LIBERTARIAN,JO JORGENSEN,543,LIBERTARIAN,JO JORGENSEN,810,LIBERTARIAN,JO JORGENSEN,472,LIBERTARIAN,JO JORGENSEN,52,OTHER,OTHER,653,OTHER,OTHER,452,OTHER,OTHER,569,OTHER,OTHER,276,OTHER,OTHER,33,REPUBLICAN,DONALD J TRUMP,6791,REPUBLICAN,DONALD J TRUMP,7458,REPUBLICAN,DONALD J TRUMP,23430,REPUBLICAN,DONALD J TRUMP,9534,REPUBLICAN,DONALD J TRUMP,1177,
KENT,2000,DEMOCRAT,AL GORE,3627,REPUBLICAN,GEORGE W. BUSH,4155,GREEN,RALPH NADER,270,OTHER,OTHER,33,
KENT,2004,DEMOCRAT,JOHN KERRY,4278,REPUBLICAN,GEORGE W. BUSH,4900,OTHER,OTHER,107,
KENT,2008,DEMOCRAT,BARACK OBAMA,4953,REPUBLICAN,JOHN MCCAIN,4905,OTHER,OTHER,162,
KENT,2012,DEMOCRAT,BARACK OBAMA,4842,REPUBLICAN,MITT ROMNEY,4870,OTHER,OTHER,192,
KENT,2016,DEMOCRAT,HILLARY CLINTON,4575,REPUBLICAN,DONALD TRUMP,4876,OTHER,OTHER,570,
KENT,2020,DEMOCRAT,JOSEPH R BIDEN JR,1493,DEMOCRAT,JOSEPH R BIDEN JR,1403,DEMOCRAT,JOSEPH R BIDEN JR,1736,DEMOCRAT,JOSEPH R BIDEN JR,524,DEMOCRAT,JOSEPH R BIDEN JR,173,GREEN,OTHER,7,GREEN,OTHER,5,GREEN,OTHER,33,GREEN,OTHER,21,GREEN,OTHER,2,LIBERTARIAN,JO JORGENSEN,24,LIBERTARIAN,JO JORGENSEN,8,LIBERTARIAN,JO JORGENSEN,46,LIBERTARIAN,JO JORGENSEN,33,LIBERTARIAN,JO JORGENSEN,6,OTHER,OTHER,12,OTHER,OTHER,11,OTHER,OTHER,37,OTHER,OTHER,23,OTHER,OTHER,2,REPUBLICAN,DONALD J TRUMP,657,REPUBLICAN,DONALD J TRUMP,269,REPUBLICAN,DONALD J TRUMP,2643,REPUBLICAN,DONALD J TRUMP,1466,REPUBLICAN,DONALD J TRUMP,160,
MONTGOMERY,2000,DEMOCRAT,AL GORE,232453,REPUBLICAN,GEORGE W. BUSH,124580,GREEN,RALPH NADER,12485,OTHER,OTHER,2170,
MONTGOMERY,2004,DEMOCRAT,JOHN KERRY,273936,REPUBLICAN,GEORGE W. BUSH,136334,OTHER,OTHER,4955,
MONTGOMERY,2008,DEMOCRAT,BARACK OBAMA,314444,REPUBLICAN,JOHN MCCAIN,118608,OTHER,OTHER,6209,
MONTGOMERY,2012,DEMOCRAT,BARACK OBAMA,323400,REPUBLICAN,MITT ROMNEY,123353,OTHER,OTHER,9239,
MONTGOMERY,2016,DEMOCRAT,HILLARY CLINTON,357837,REPUBLICAN,DONALD TRUMP,92704,OTHER,OTHER,28332,
MONTGOMERY,2020,DEMOCRAT,JOSEPH R BIDEN JR,139352,DEMOCRAT,JOSEPH R BIDEN JR,160521,DEMOCRAT,JOSEPH R BIDEN JR,83156,DEMOCRAT,JOSEPH R BIDEN JR,21626,DEMOCRAT,JOSEPH R BIDEN JR,14914,GREEN,OTHER,778,GREEN,OTHER,417,GREEN,OTHER,1052,GREEN,OTHER,630,GREEN,OTHER,214,LIBERTARIAN,JO JORGENSEN,1561,LIBERTARIAN,JO JORGENSEN,764,LIBERTARIAN,JO JORGENSEN,1037,LIBERTARIAN,JO JORGENSEN,735,LIBERTARIAN,JO JORGENSEN,150,OTHER,OTHER,2001,OTHER,OTHER,964,OTHER,OTHER,1530,OTHER,OTHER,853,OTHER,OTHER,266,REPUBLICAN,DONALD J TRUMP,24591,REPUBLICAN,DONALD J TRUMP,14962,REPUBLICAN,DONALD J TRUMP,41476,REPUBLICAN,DONALD J TRUMP,16506,REPUBLICAN,DONALD J TRUMP,3687,
PRINCE GEORGE'S,2000,DEMOCRAT,AL GORE,216119,REPUBLICAN,GEORGE W. BUSH,49987,GREEN,RALPH NADER,4497,OTHER,OTHER,1306,
PRINCE GEORGE'S,2004,DEMOCRAT,JOHN KERRY,260532,REPUBLICAN,GEORGE W. BUSH,55532,OTHER,OTHER,2410,
PRINCE GEORGE'S,2008,DEMOCRAT,BARACK OBAMA,332396,REPUBLICAN,JOHN MCCAIN,38833,OTHER,OTHER,2797,
PRINCE GEORGE'S,2012,DEMOCRAT,BARACK OBAMA,347938,REPUBLICAN,MITT ROMNEY,35734,OTHER,OTHER,4072,
PRINCE GEORGE'S,2016,DEMOCRAT,HILLARY CLINTON,344049,REPUBLICAN,DONALD TRUMP,32811,OTHER,OTHER,13525,
PRINCE GEORGE'S,2020,DEMOCRAT,JOSEPH R BIDEN JR,50813,DEMOCRAT,JOSEPH R BIDEN JR,168777,DEMOCRAT,JOSEPH R BIDEN JR,109223,DEMOCRAT,JOSEPH R BIDEN JR,28996,DEMOCRAT,JOSEPH R BIDEN JR,21399,GREEN,OTHER,283,GREEN,OTHER,446,GREEN,OTHER,1569,GREEN,OTHER,879,GREEN,OTHER,172,LIBERTARIAN,JO JORGENSEN,381,LIBERTARIAN,JO JORGENSEN,473,LIBERTARIAN,JO JORGENSEN,509,LIBERTARIAN,JO JORGENSEN,328,LIBERTARIAN,JO JORGENSEN,119,OTHER,OTHER,525,OTHER,OTHER,668,OTHER,OTHER,1287,OTHER,OTHER,753,OTHER,OTHER,165,REPUBLICAN,DONALD J TRUMP,3942,REPUBLICAN,DONALD J TRUMP,8685,REPUBLICAN,DONALD J TRUMP,15824,REPUBLICAN,DONALD J TRUMP,6691,REPUBLICAN,DONALD J TRUMP,1948,
QUEEN ANNE'S,2000,DEMOCRAT,AL GORE,6257,REPUBLICAN,GEORGE W. BUSH,9970,GREEN,RALPH NADER,446,OTHER,OTHER,88,
QUEEN ANNE'S,2004,DEMOCRAT,JOHN KERRY,7070,REPUBLICAN,GEORGE W. BUSH,14489,OTHER,OTHER,235,
QUEEN ANNE'S,2008,DEMOCRAT,BARACK OBAMA,8575,REPUBLICAN,JOHN MCCAIN,15087,OTHER,OTHER,383,
QUEEN ANNE'S,2012,DEMOCRAT,BARACK OBAMA,8556,REPUBLICAN,MITT ROMNEY,15823,OTHER,OTHER,509,
QUEEN ANNE'S,2016,DEMOCRAT,HILLARY CLINTON,7973,REPUBLICAN,DONALD TRUMP,16993,OTHER,OTHER,1557,
QUEEN ANNE'S,2020,DEMOCRAT,JOSEPH R BIDEN JR,2241,DEMOCRAT,JOSEPH R BIDEN JR,3306,DEMOCRAT,JOSEPH R BIDEN JR,3885,DEMOCRAT,JOSEPH R BIDEN JR,859,DEMOCRAT,JOSEPH R BIDEN JR,418,GREEN,OTHER,26,GREEN,OTHER,12,GREEN,OTHER,84,GREEN,OTHER,40,GREEN,OTHER,2,LIBERTARIAN,JO JORGENSEN,72,LIBERTARIAN,JO JORGENSEN,29,LIBERTARIAN,JO JORGENSEN,193,LIBERTARIAN,JO JORGENSEN,96,LIBERTARIAN,JO JORGENSEN,21,OTHER,OTHER,67,OTHER,OTHER,34,OTHER,OTHER,114,OTHER,OTHER,45,OTHER,OTHER,5,REPUBLICAN,DONALD J TRUMP,1554,REPUBLICAN,DONALD J TRUMP,1347,REPUBLICAN,DONALD J TRUMP,11705,REPUBLICAN,DONALD J TRUMP,3651,REPUBLICAN,DONALD J TRUMP,484,
ST. MARY'S,2000,DEMOCRAT,AL GORE,11912,REPUBLICAN,GEORGE W. BUSH,16856,GREEN,RALPH NADER,568,OTHER,OTHER,165,
ST. MARY'S,2004,DEMOCRAT,JOHN KERRY,13776,REPUBLICAN,GEORGE W. BUSH,23725,OTHER,OTHER,415,
ST. MARY'S,2008,DEMOCRAT,BARACK OBAMA,19023,REPUBLICAN,JOHN MCCAIN,24705,OTHER,OTHER,681,
ST. MARY'S,2012,DEMOCRAT,BARACK OBAMA,19711,REPUBLICAN,MITT ROMNEY,26797,OTHER,OTHER,1316,
ST. MARY'S,2016,DEMOCRAT,HILLARY CLINTON,17534,REPUBLICAN,DONALD TRUMP,28663,OTHER,OTHER,3645,
ST. MARY'S,2020,
SOMERSET,2000,DEMOCRAT,AL GORE,3785,REPUBLICAN,GEORGE W. BUSH,3609,GREEN,RALPH NADER,142,OTHER,OTHER,68,
SOMERSET,2004,DEMOCRAT,JOHN KERRY,4034,REPUBLICAN,GEORGE W. BUSH,4884,OTHER,OTHER,76,
SOMERSET,2008,DEMOCRAT,BARACK OBAMA,4779,REPUBLICAN,JOHN MCCAIN,5037,OTHER,OTHER,108,
SOMERSET,2012,DEMOCRAT,BARACK OBAMA,5240,REPUBLICAN,MITT ROMNEY,5042,OTHER,OTHER,117,
SOMERSET,2016,DEMOCRAT,HILLARY CLINTON,4196,REPUBLICAN,DONALD TRUMP,5341,OTHER,OTHER,363,
SOMERSET,2020,DEMOCRAT,JOSEPH R BIDEN JR,430,DEMOCRAT,JOSEPH R BIDEN JR,958,DEMOCRAT,JOSEPH R BIDEN JR,1581,DEMOCRAT,JOSEPH R BIDEN JR,773,DEMOCRAT,JOSEPH R BIDEN JR,499,GREEN,OTHER,1,GREEN,OTHER,3,GREEN,OTHER,20,GREEN,OTHER,11,GREEN,OTHER,3,LIBERTARIAN,JO JORGENSEN,16,LIBERTARIAN,JO JORGENSEN,8,LIBERTARIAN,JO JORGENSEN,24,LIBERTARIAN,JO JORGENSEN,32,LIBERTARIAN,JO JORGENSEN,2,OTHER,OTHER,4,OTHER,OTHER,5,OTHER,OTHER,20,OTHER,OTHER,15,OTHER,OTHER,3,REPUBLICAN,DONALD J TRUMP,295,REPUBLICAN,DONALD J TRUMP,489,REPUBLICAN,DONALD J TRUMP,3145,REPUBLICAN,DONALD J TRUMP,1614,REPUBLICAN,DONALD J TRUMP,196,
TALBOT,2000,DEMOCRAT,AL GORE,5854,REPUBLICAN,GEORGE W. BUSH,8874,GREEN,RALPH NADER,424,OTHER,OTHER,82,
TALBOT,2004,DEMOCRAT,JOHN KERRY,7367,REPUBLICAN,GEORGE W. BUSH,11288,OTHER,OTHER,209,
TALBOT,2008,DEMOCRAT,BARACK OBAMA,9035,REPUBLICAN,JOHN MCCAIN,10995,OTHER,OTHER,298,
TALBOT,2012,DEMOCRAT,BARACK OBAMA,8808,REPUBLICAN,MITT ROMNEY,11339,OTHER,OTHER,312,
TALBOT,2016,DEMOCRAT,HILLARY CLINTON,8653,REPUBLICAN,DONALD TRUMP,10724,OTHER,OTHER,1176,
TALBOT,2020,DEMOCRAT,JOSEPH R BIDEN JR,1719,DEMOCRAT,JOSEPH R BIDEN JR,4552,DEMOCRAT,JOSEPH R BIDEN JR,3684,DEMOCRAT,JOSEPH R BIDEN JR,810,DEMOCRAT,JOSEPH R BIDEN JR,297,GREEN,OTHER,11,GREEN,OTHER,13,GREEN,OTHER,43,GREEN,OTHER,14,GREEN,OTHER,2,LIBERTARIAN,JO JORGENSEN,48,LIBERTARIAN,JO JORGENSEN,36,LIBERTARIAN,JO JORGENSEN,119,LIBERTARIAN,JO JORGENSEN,64,LIBERTARIAN,JO JORGENSEN,7,OTHER,OTHER,55,OTHER,OTHER,46,OTHER,OTHER,69,OTHER,OTHER,20,OTHER,OTHER,0,REPUBLICAN,DONALD J TRUMP,1084,REPUBLICAN,DONALD J TRUMP,1255,REPUBLICAN,DONALD J TRUMP,6435,REPUBLICAN,DONALD J TRUMP,1972,REPUBLICAN,DONALD J TRUMP,200,
WASHINGTON,2000,DEMOCRAT,AL GORE,18221,REPUBLICAN,GEORGE W. BUSH,27948,GREEN,RALPH NADER,1027,OTHER,OTHER,274,
WASHINGTON,2004,DEMOCRAT,JOHN KERRY,20387,REPUBLICAN,GEORGE W. BUSH,36917,OTHER,OTHER,600,
WASHINGTON,2008,DEMOCRAT,BARACK OBAMA,26245,REPUBLICAN,JOHN MCCAIN,34169,OTHER,OTHER,1186,
WASHINGTON,2012,DEMOCRAT,BARACK OBAMA,25042,REPUBLICAN,MITT ROMNEY,36074,OTHER,OTHER,1639,
WASHINGTON,2016,DEMOCRAT,HILLARY CLINTON,21129,REPUBLICAN,DONALD TRUMP,40998,OTHER,OTHER,3864,
WASHINGTON,2020,DEMOCRAT,JOSEPH R BIDEN JR,3621,DEMOCRAT,JOSEPH R BIDEN JR,10432,DEMOCRAT,JOSEPH R BIDEN JR,5520,DEMOCRAT,JOSEPH R BIDEN JR,5470,DEMOCRAT,JOSEPH R BIDEN JR,1001,GREEN,OTHER,39,GREEN,OTHER,53,GREEN,OTHER,87,GREEN,OTHER,120,GREEN,OTHER,10,LIBERTARIAN,JO JORGENSEN,125,LIBERTARIAN,JO JORGENSEN,147,LIBERTARIAN,JO JORGENSEN,124,LIBERTARIAN,JO JORGENSEN,409,LIBERTARIAN,JO JORGENSEN,31,OTHER,OTHER,78,OTHER,OTHER,101,OTHER,OTHER,71,OTHER,OTHER,107,OTHER,OTHER,9,REPUBLICAN,DONALD J TRUMP,2450,REPUBLICAN,DONALD J TRUMP,4276,REPUBLICAN,DONALD J TRUMP,11882,REPUBLICAN,DONALD J TRUMP,20760,REPUBLICAN,DONALD J TRUMP,856,
WICOMICO,2000,DEMOCRAT,AL GORE,14469,REPUBLICAN,GEORGE W. BUSH,16338,GREEN,RALPH NADER,762,OTHER,OTHER,226,
WICOMICO,2004,DEMOCRAT,JOHN KERRY,15137,REPUBLICAN,GEORGE W. BUSH,21998,OTHER,OTHER,368,
WICOMICO,2008,DEMOCRAT,BARACK OBAMA,19436,REPUBLICAN,JOHN MCCAIN,21849,OTHER,OTHER,569,
WICOMICO,2012,DEMOCRAT,BARACK OBAMA,19635,REPUBLICAN,MITT ROMNEY,21764,OTHER,OTHER,860,
WICOMICO,2016,DEMOCRAT,HILLARY CLINTON,18050,REPUBLICAN,DONALD TRUMP,22198,OTHER,OTHER,2299,
WICOMICO,2020,DEMOCRAT,JOSEPH R BIDEN JR,3482,DEMOCRAT,JOSEPH R BIDEN JR,6311,DEMOCRAT,JOSEPH R BIDEN JR,7382,DEMOCRAT,JOSEPH R BIDEN JR,3220,DEMOCRAT,JOSEPH R BIDEN JR,1659,GREEN,OTHER,27,GREEN,OTHER,37,GREEN,OTHER,115,GREEN,OTHER,99,GREEN,OTHER,14,LIBERTARIAN,JO JORGENSEN,79,LIBERTARIAN,JO JORGENSEN,53,LIBERTARIAN,JO JORGENSEN,186,LIBERTARIAN,JO JORGENSEN,185,LIBERTARIAN,JO JORGENSEN,35,OTHER,OTHER,62,OTHER,OTHER,51,OTHER,OTHER,133,OTHER,OTHER,127,OTHER,OTHER,15,REPUBLICAN,DONALD J TRUMP,1651,REPUBLICAN,DONALD J TRUMP,2101,REPUBLICAN,DONALD J TRUMP,11294,REPUBLICAN,DONALD J TRUMP,6972,REPUBLICAN,DONALD J TRUMP,926,
WORCESTER,2000,DEMOCRAT,AL GORE,9389,REPUBLICAN,GEORGE W. BUSH,10742,GREEN,RALPH NADER,482,OTHER,OTHER,140,
WORCESTER,2004,DEMOCRAT,JOHN KERRY,9648,REPUBLICAN,GEORGE W. BUSH,15349,OTHER,OTHER,232,
WORCESTER,2008,DEMOCRAT,BARACK OBAMA,11374,REPUBLICAN,JOHN MCCAIN,15607,OTHER,OTHER,365,
WORCESTER,2012,DEMOCRAT,BARACK OBAMA,11014,REPUBLICAN,MITT ROMNEY,15951,OTHER,OTHER,455,
WORCESTER,2016,DEMOCRAT,HILLARY CLINTON,9753,REPUBLICAN,DONALD TRUMP,17210,OTHER,OTHER,1310,
WORCESTER,2020,DEMOCRAT,JOSEPH R BIDEN JR,4097,DEMOCRAT,JOSEPH R BIDEN JR,2137,DEMOCRAT,JOSEPH R BIDEN JR,3638,DEMOCRAT,JOSEPH R BIDEN JR,2123,DEMOCRAT,JOSEPH R BIDEN JR,565,GREEN,OTHER,25,GREEN,OTHER,8,GREEN,OTHER,21,GREEN,OTHER,23,GREEN,OTHER,3,LIBERTARIAN,JO JORGENSEN,82,LIBERTARIAN,JO JORGENSEN,21,LIBERTARIAN,JO JORGENSEN,102,LIBERTARIAN,JO JORGENSEN,116,LIBERTARIAN,JO JORGENSEN,15,OTHER,OTHER,55,OTHER,OTHER,8,OTHER,OTHER,39,OTHER,OTHER,34,OTHER,OTHER,8,REPUBLICAN,DONALD J TRUMP,2570,REPUBLICAN,DONALD J TRUMP,696,REPUBLICAN,DONALD J TRUMP,9333,REPUBLICAN,DONALD J TRUMP,5357,REPUBLICAN,DONALD J TRUMP,615,
BALTIMORE CITY,2000,DEMOCRAT,AL GORE,158765,REPUBLICAN,GEORGE W. BUSH,27150,GREEN,RALPH NADER,5512,OTHER,OTHER,977,
BALTIMORE CITY,2004,DEMOCRAT,JOHN KERRY,175022,REPUBLICAN,GEORGE W. BUSH,36230,OTHER,OTHER,2311,
BALTIMORE CITY,2008,DEMOCRAT,BARACK OBAMA,214385,REPUBLICAN,JOHN MCCAIN,28681,OTHER,OTHER,2902,
BALTIMORE CITY,2012,DEMOCRAT,BARACK OBAMA,221478,REPUBLICAN,MITT ROMNEY,28171,OTHER,OTHER,4356,
BALTIMORE CITY,2016,DEMOCRAT,HILLARY CLINTON,202673,REPUBLICAN,DONALD TRUMP,25205,OTHER,OTHER,11524,
BALTIMORE CITY,2020,DEMOCRAT,JOSEPH R BIDEN JR,29353,DEMOCRAT,JOSEPH R BIDEN JR,92866,DEMOCRAT,JOSEPH R BIDEN JR,49591,DEMOCRAT,JOSEPH R BIDEN JR,22896,DEMOCRAT,JOSEPH R BIDEN JR,12554,GREEN,OTHER,262,GREEN,OTHER,359,GREEN,OTHER,367,GREEN,OTHER,280,GREEN,OTHER,70,LIBERTARIAN,JO JORGENSEN,369,LIBERTARIAN,JO JORGENSEN,510,LIBERTARIAN,JO JORGENSEN,421,LIBERTARIAN,JO JORGENSEN,349,LIBERTARIAN,JO JORGENSEN,112,OTHER,OTHER,387,OTHER,OTHER,446,OTHER,OTHER,427,OTHER,OTHER,360,OTHER,OTHER,108,REPUBLICAN,DONALD J TRUMP,3401,REPUBLICAN,DONALD J TRUMP,6768,REPUBLICAN,DONALD J TRUMP,8465,REPUBLICAN,DONALD J TRUMP,5444,REPUBLICAN,DONALD J TRUMP,1296,
ST MARY'S,2020,DEMOCRAT,JOSEPH R BIDEN JR,5176,DEMOCRAT,JOSEPH R BIDEN JR,8337,DEMOCRAT,JOSEPH R BIDEN JR,5887,DEMOCRAT,JOSEPH R BIDEN JR,3193,DEMOCRAT,JOSEPH R BIDEN JR,545,GREEN,OTHER,41,GREEN,OTHER,38,GREEN,OTHER,65,GREEN,OTHER,49,GREEN,OTHER,7,LIBERTARIAN,JO JORGENSEN,231,LIBERTARIAN,JO JORGENSEN,186,LIBERTARIAN,JO JORGENSEN,351,LIBERTARIAN,JO JORGENSEN,319,LIBERTARIAN,JO JORGENSEN,25,OTHER,OTHER,118,OTHER,OTHER,83,OTHER,OTHER,101,OTHER,OTHER,87,OTHER,OTHER,0,REPUBLICAN,DONALD J TRUMP,4407,REPUBLICAN,DONALD J TRUMP,2910,REPUBLICAN,DONALD J TRUMP,13908,REPUBLICAN,DONALD J TRUMP,9069,REPUBLICAN,DONALD J TRUMP,532,
