AITKIN,2000,DEMOCRAT,AL GORE,3830,REPUBLICAN,GEORGE W. BUSH,3755,GREEN,RALPH NADER,403,OTHER,OTHER,272,
AITKIN,2004,DEMOCRAT,JOHN KERRY,4539,REPUBLICAN,GEORGE W. BUSH,4768,OTHER,OTHER,145,
AITKIN,2008,DEMOCRAT,BARACK OBAMA,4595,REPUBLICAN,JOHN MCCAIN,4589,OTHER,OTHER,226,
AITKIN,2012,DEMOCRAT,BARACK OBAMA,4412,REPUBLICAN,MITT ROMNEY,4533,OTHER,OTHER,197,
AITKIN,2016,DEMOCRAT,HILLARY CLINTON,3134,REPUBLICAN,DONALD TRUMP,5516,OTHER,OTHER,581,
AITKIN,2020,DEMOCRAT,JOSEPH R BIDEN JR,3607,GREEN,OTHER,24,LIBERTARIAN,JO JORGENSEN,55,OTHER,OTHER,81,REPUBLICAN,DONALD J TRUMP,6258,
ANOKA,2000,DEMOCRAT,AL GORE,68008,REPUBLICAN,GEORGE W. BUSH,69256,GREEN,RALPH NADER,6616,OTHER,OTHER,1739,
ANOKA,2004,DEMOCRAT,JOHN KERRY,80226,REPUBLICAN,GEORGE W. BUSH,91853,OTHER,OTHER,1987,
ANOKA,2008,DEMOCRAT,BARACK OBAMA,86976,REPUBLICAN,JOHN MCCAIN,91357,OTHER,OTHER,3891,
ANOKA,2012,DEMOCRAT,BARACK OBAMA,88614,REPUBLICAN,MITT ROMNEY,93430,OTHER,OTHER,4421,
ANOKA,2016,DEMOCRAT,HILLARY CLINTON,75500,REPUBLICAN,DONALD TRUMP,93339,OTHER,OTHER,16919,
ANOKA,2020,DEMOCRAT,JOSEPH R BIDEN JR,100893,GREEN,OTHER,731,LIBERTARIAN,JO JORGENSEN,2475,OTHER,OTHER,2131,REPUBLICAN,DONALD J TRUMP,104902,
BECKER,2000,DEMOCRAT,AL GORE,5253,REPUBLICAN,GEORGE W. BUSH,8152,GREEN,RALPH NADER,591,OTHER,OTHER,337,
BECKER,2004,DEMOCRAT,JOHN KERRY,6756,REPUBLICAN,GEORGE W. BUSH,9795,OTHER,OTHER,250,
BECKER,2008,DEMOCRAT,BARACK OBAMA,7687,REPUBLICAN,JOHN MCCAIN,8851,OTHER,OTHER,427,
BECKER,2012,DEMOCRAT,BARACK OBAMA,6829,REPUBLICAN,MITT ROMNEY,9204,OTHER,OTHER,349,
BECKER,2016,DEMOCRAT,HILLARY CLINTON,5208,REPUBLICAN,DONALD TRUMP,10880,OTHER,OTHER,1134,
BECKER,2020,DEMOCRAT,JOSEPH R BIDEN JR,6589,GREEN,OTHER,35,LIBERTARIAN,JO JORGENSEN,168,OTHER,OTHER,171,REPUBLICAN,DONALD J TRUMP,12438,
BELTRAMI,2000,DEMOCRAT,AL GORE,7301,REPUBLICAN,GEORGE W. BUSH,8346,GREEN,RALPH NADER,1269,OTHER,OTHER,301,
BELTRAMI,2004,DEMOCRAT,JOHN KERRY,10592,REPUBLICAN,GEORGE W. BUSH,10237,OTHER,OTHER,302,
BELTRAMI,2008,DEMOCRAT,BARACK OBAMA,12019,REPUBLICAN,JOHN MCCAIN,9762,OTHER,OTHER,455,
BELTRAMI,2012,DEMOCRAT,BARACK OBAMA,11818,REPUBLICAN,MITT ROMNEY,9637,OTHER,OTHER,596,
BELTRAMI,2016,DEMOCRAT,HILLARY CLINTON,8688,REPUBLICAN,DONALD TRUMP,10783,OTHER,OTHER,2093,
BELTRAMI,2020,DEMOCRAT,JOSEPH R BIDEN JR,11426,GREEN,OTHER,75,LIBERTARIAN,JO JORGENSEN,256,OTHER,OTHER,244,REPUBLICAN,DONALD J TRUMP,12188,
BENTON,2000,DEMOCRAT,AL GORE,6009,REPUBLICAN,GEORGE W. BUSH,7663,GREEN,RALPH NADER,862,OTHER,OTHER,374,
BENTON,2004,DEMOCRAT,JOHN KERRY,8059,REPUBLICAN,GEORGE W. BUSH,10043,OTHER,OTHER,282,
BENTON,2008,DEMOCRAT,BARACK OBAMA,8454,REPUBLICAN,JOHN MCCAIN,10338,OTHER,OTHER,547,
BENTON,2012,DEMOCRAT,BARACK OBAMA,8173,REPUBLICAN,MITT ROMNEY,10849,OTHER,OTHER,597,
BENTON,2016,DEMOCRAT,HILLARY CLINTON,5640,REPUBLICAN,DONALD TRUMP,12872,OTHER,OTHER,1546,
BENTON,2020,DEMOCRAT,JOSEPH R BIDEN JR,7280,GREEN,OTHER,81,LIBERTARIAN,JO JORGENSEN,351,OTHER,OTHER,166,REPUBLICAN,DONALD J TRUMP,14382,
BIG STONE,2000,DEMOCRAT,AL GORE,1430,REPUBLICAN,GEORGE W. BUSH,1370,GREEN,RALPH NADER,109,OTHER,OTHER,71,
BIG STONE,2004,DEMOCRAT,JOHN KERRY,1536,REPUBLICAN,GEORGE W. BUSH,1483,OTHER,OTHER,48,
BIG STONE,2008,DEMOCRAT,BARACK OBAMA,1552,REPUBLICAN,JOHN MCCAIN,1362,OTHER,OTHER,76,
BIG STONE,2012,DEMOCRAT,BARACK OBAMA,1345,REPUBLICAN,MITT ROMNEY,1385,OTHER,OTHER,59,
BIG STONE,2016,DEMOCRAT,HILLARY CLINTON,921,REPUBLICAN,DONALD TRUMP,1608,OTHER,OTHER,226,
BIG STONE,2020,DEMOCRAT,JOSEPH R BIDEN JR,1053,GREEN,OTHER,14,LIBERTARIAN,JO JORGENSEN,14,OTHER,OTHER,30,REPUBLICAN,DONALD J TRUMP,1863,
BLUE EARTH,2000,DEMOCRAT,AL GORE,12329,REPUBLICAN,GEORGE W. BUSH,12942,GREEN,RALPH NADER,1761,OTHER,OTHER,370,
BLUE EARTH,2004,DEMOCRAT,JOHN KERRY,16865,REPUBLICAN,GEORGE W. BUSH,15737,OTHER,OTHER,517,
BLUE EARTH,2008,DEMOCRAT,BARACK OBAMA,19325,REPUBLICAN,JOHN MCCAIN,14782,OTHER,OTHER,963,
BLUE EARTH,2012,DEMOCRAT,BARACK OBAMA,18164,REPUBLICAN,MITT ROMNEY,14916,OTHER,OTHER,1194,
BLUE EARTH,2016,DEMOCRAT,HILLARY CLINTON,14428,REPUBLICAN,DONALD TRUMP,15667,OTHER,OTHER,3498,
BLUE EARTH,2020,DEMOCRAT,JOSEPH R BIDEN JR,18330,GREEN,OTHER,139,LIBERTARIAN,JO JORGENSEN,477,OTHER,OTHER,374,REPUBLICAN,DONALD J TRUMP,16731,
BROWN,2000,DEMOCRAT,AL GORE,4650,REPUBLICAN,GEORGE W. BUSH,7370,GREEN,RALPH NADER,561,OTHER,OTHER,253,
BROWN,2004,DEMOCRAT,JOHN KERRY,5158,REPUBLICAN,GEORGE W. BUSH,8395,OTHER,OTHER,225,
BROWN,2008,DEMOCRAT,BARACK OBAMA,5809,REPUBLICAN,JOHN MCCAIN,7456,OTHER,OTHER,355,
BROWN,2012,DEMOCRAT,BARACK OBAMA,5630,REPUBLICAN,MITT ROMNEY,7938,OTHER,OTHER,361,
BROWN,2016,DEMOCRAT,HILLARY CLINTON,3763,REPUBLICAN,DONALD TRUMP,8708,OTHER,OTHER,1308,
BROWN,2020,DEMOCRAT,JOSEPH R BIDEN JR,4753,GREEN,OTHER,38,LIBERTARIAN,JO JORGENSEN,136,OTHER,OTHER,156,REPUBLICAN,DONALD J TRUMP,9552,
CARLTON,2000,DEMOCRAT,AL GORE,8620,REPUBLICAN,GEORGE W. BUSH,5578,GREEN,RALPH NADER,634,OTHER,OTHER,249,
CARLTON,2004,DEMOCRAT,JOHN KERRY,11462,REPUBLICAN,GEORGE W. BUSH,6642,OTHER,OTHER,230,
CARLTON,2008,DEMOCRAT,BARACK OBAMA,11501,REPUBLICAN,JOHN MCCAIN,6549,OTHER,OTHER,399,
CARLTON,2012,DEMOCRAT,BARACK OBAMA,11389,REPUBLICAN,MITT ROMNEY,6586,OTHER,OTHER,461,
CARLTON,2016,DEMOCRAT,HILLARY CLINTON,8460,REPUBLICAN,DONALD TRUMP,8160,OTHER,OTHER,1591,
CARLTON,2020,DEMOCRAT,JOSEPH R BIDEN JR,10098,GREEN,OTHER,61,LIBERTARIAN,JO JORGENSEN,231,OTHER,OTHER,188,REPUBLICAN,DONALD J TRUMP,9791,
CARVER,2000,DEMOCRAT,AL GORE,12462,REPUBLICAN,GEORGE W. BUSH,20790,GREEN,RALPH NADER,1381,OTHER,OTHER,388,
CARVER,2004,DEMOCRAT,JOHN KERRY,16456,REPUBLICAN,GEORGE W. BUSH,28510,OTHER,OTHER,445,
CARVER,2008,DEMOCRAT,BARACK OBAMA,20654,REPUBLICAN,JOHN MCCAIN,28156,OTHER,OTHER,873,
CARVER,2012,DEMOCRAT,BARACK OBAMA,20745,REPUBLICAN,MITT ROMNEY,31155,OTHER,OTHER,999,
CARVER,2016,DEMOCRAT,HILLARY CLINTON,21508,REPUBLICAN,DONALD TRUMP,29056,OTHER,OTHER,5132,
CARVER,2020,DEMOCRAT,JOSEPH R BIDEN JR,30774,GREEN,OTHER,141,LIBERTARIAN,JO JORGENSEN,822,OTHER,OTHER,615,REPUBLICAN,DONALD J TRUMP,34009,
CASS,2000,DEMOCRAT,AL GORE,5534,REPUBLICAN,GEORGE W. BUSH,7134,GREEN,RALPH NADER,663,OTHER,OTHER,262,
CASS,2004,DEMOCRAT,JOHN KERRY,6835,REPUBLICAN,GEORGE W. BUSH,8875,OTHER,OTHER,200,
CASS,2008,DEMOCRAT,BARACK OBAMA,7276,REPUBLICAN,JOHN MCCAIN,8660,OTHER,OTHER,371,
CASS,2012,DEMOCRAT,BARACK OBAMA,6858,REPUBLICAN,MITT ROMNEY,8957,OTHER,OTHER,326,
CASS,2016,DEMOCRAT,HILLARY CLINTON,4949,REPUBLICAN,DONALD TRUMP,9982,OTHER,OTHER,1068,
CASS,2020,DEMOCRAT,JOSEPH R BIDEN JR,6342,GREEN,OTHER,60,LIBERTARIAN,JO JORGENSEN,111,OTHER,OTHER,156,REPUBLICAN,DONALD J TRUMP,11620,
CHIPPEWA,2000,DEMOCRAT,AL GORE,2952,REPUBLICAN,GEORGE W. BUSH,2977,GREEN,RALPH NADER,268,OTHER,OTHER,155,
CHIPPEWA,2004,DEMOCRAT,JOHN KERRY,3424,REPUBLICAN,GEORGE W. BUSH,3089,OTHER,OTHER,93,
CHIPPEWA,2008,DEMOCRAT,BARACK OBAMA,3280,REPUBLICAN,JOHN MCCAIN,2907,OTHER,OTHER,169,
CHIPPEWA,2012,DEMOCRAT,BARACK OBAMA,3083,REPUBLICAN,MITT ROMNEY,2967,OTHER,OTHER,151,
CHIPPEWA,2016,DEMOCRAT,HILLARY CLINTON,1978,REPUBLICAN,DONALD TRUMP,3764,OTHER,OTHER,480,
CHIPPEWA,2020,DEMOCRAT,JOSEPH R BIDEN JR,2226,GREEN,OTHER,12,LIBERTARIAN,JO JORGENSEN,58,OTHER,OTHER,65,REPUBLICAN,DONALD J TRUMP,4250,
CHISAGO,2000,DEMOCRAT,AL GORE,9593,REPUBLICAN,GEORGE W. BUSH,10937,GREEN,RALPH NADER,1116,OTHER,OTHER,341,
CHISAGO,2004,DEMOCRAT,JOHN KERRY,12219,REPUBLICAN,GEORGE W. BUSH,15705,OTHER,OTHER,336,
CHISAGO,2008,DEMOCRAT,BARACK OBAMA,12783,REPUBLICAN,JOHN MCCAIN,15789,OTHER,OTHER,733,
CHISAGO,2012,DEMOCRAT,BARACK OBAMA,12524,REPUBLICAN,MITT ROMNEY,16227,OTHER,OTHER,690,
CHISAGO,2016,DEMOCRAT,HILLARY CLINTON,9278,REPUBLICAN,DONALD TRUMP,18441,OTHER,OTHER,2509,
CHISAGO,2020,DEMOCRAT,JOSEPH R BIDEN JR,11806,GREEN,OTHER,111,LIBERTARIAN,JO JORGENSEN,464,OTHER,OTHER,273,REPUBLICAN,DONALD J TRUMP,21916,
CLAY,2000,DEMOCRAT,AL GORE,10128,REPUBLICAN,GEORGE W. BUSH,11712,GREEN,RALPH NADER,963,OTHER,OTHER,555,
CLAY,2004,DEMOCRAT,JOHN KERRY,12989,REPUBLICAN,GEORGE W. BUSH,14365,OTHER,OTHER,383,
CLAY,2008,DEMOCRAT,BARACK OBAMA,16666,REPUBLICAN,JOHN MCCAIN,11978,OTHER,OTHER,615,
CLAY,2012,DEMOCRAT,BARACK OBAMA,15208,REPUBLICAN,MITT ROMNEY,12920,OTHER,OTHER,758,
CLAY,2016,DEMOCRAT,HILLARY CLINTON,12971,REPUBLICAN,DONALD TRUMP,13543,OTHER,OTHER,2884,
CLAY,2020,DEMOCRAT,JOSEPH R BIDEN JR,16357,GREEN,OTHER,101,LIBERTARIAN,JO JORGENSEN,410,OTHER,OTHER,328,REPUBLICAN,DONALD J TRUMP,15043,
CLEARWATER,2000,DEMOCRAT,AL GORE,1466,REPUBLICAN,GEORGE W. BUSH,2137,GREEN,RALPH NADER,134,OTHER,OTHER,87,
CLEARWATER,2004,DEMOCRAT,JOHN KERRY,1871,REPUBLICAN,GEORGE W. BUSH,2438,OTHER,OTHER,52,
CLEARWATER,2008,DEMOCRAT,BARACK OBAMA,1877,REPUBLICAN,JOHN MCCAIN,2291,OTHER,OTHER,93,
CLEARWATER,2012,DEMOCRAT,BARACK OBAMA,1753,REPUBLICAN,MITT ROMNEY,2359,OTHER,OTHER,85,
CLEARWATER,2016,DEMOCRAT,HILLARY CLINTON,1100,REPUBLICAN,DONALD TRUMP,2925,OTHER,OTHER,220,
CLEARWATER,2020,DEMOCRAT,JOSEPH R BIDEN JR,1260,GREEN,OTHER,14,LIBERTARIAN,JO JORGENSEN,28,OTHER,OTHER,34,REPUBLICAN,DONALD J TRUMP,3372,
COOK,2000,DEMOCRAT,AL GORE,1171,REPUBLICAN,GEORGE W. BUSH,1295,GREEN,RALPH NADER,290,OTHER,OTHER,64,
COOK,2004,DEMOCRAT,JOHN KERRY,1733,REPUBLICAN,GEORGE W. BUSH,1489,OTHER,OTHER,81,
COOK,2008,DEMOCRAT,BARACK OBAMA,2019,REPUBLICAN,JOHN MCCAIN,1240,OTHER,OTHER,89,
COOK,2012,DEMOCRAT,BARACK OBAMA,1993,REPUBLICAN,MITT ROMNEY,1221,OTHER,OTHER,108,
COOK,2016,DEMOCRAT,HILLARY CLINTON,1912,REPUBLICAN,DONALD TRUMP,1156,OTHER,OTHER,327,
COOK,2020,DEMOCRAT,JOSEPH R BIDEN JR,2496,GREEN,OTHER,15,LIBERTARIAN,JO JORGENSEN,36,OTHER,OTHER,56,REPUBLICAN,DONALD J TRUMP,1203,
COTTONWOOD,2000,DEMOCRAT,AL GORE,2503,REPUBLICAN,GEORGE W. BUSH,3369,GREEN,RALPH NADER,208,OTHER,OTHER,101,
COTTONWOOD,2004,DEMOCRAT,JOHN KERRY,2726,REPUBLICAN,GEORGE W. BUSH,3557,OTHER,OTHER,86,
COTTONWOOD,2008,DEMOCRAT,BARACK OBAMA,2759,REPUBLICAN,JOHN MCCAIN,3157,OTHER,OTHER,120,
COTTONWOOD,2012,DEMOCRAT,BARACK OBAMA,2433,REPUBLICAN,MITT ROMNEY,3316,OTHER,OTHER,113,
COTTONWOOD,2016,DEMOCRAT,HILLARY CLINTON,1678,REPUBLICAN,DONALD TRUMP,3679,OTHER,OTHER,364,
COTTONWOOD,2020,DEMOCRAT,JOSEPH R BIDEN JR,1834,GREEN,OTHER,13,LIBERTARIAN,JO JORGENSEN,55,OTHER,OTHER,40,REPUBLICAN,DONALD J TRUMP,4165,
CROW WING,2000,DEMOCRAT,AL GORE,11255,REPUBLICAN,GEORGE W. BUSH,15035,GREEN,RALPH NADER,1314,OTHER,OTHER,524,
CROW WING,2004,DEMOCRAT,JOHN KERRY,14005,REPUBLICAN,GEORGE W. BUSH,19106,OTHER,OTHER,434,
CROW WING,2008,DEMOCRAT,BARACK OBAMA,15859,REPUBLICAN,JOHN MCCAIN,18567,OTHER,OTHER,739,
CROW WING,2012,DEMOCRAT,BARACK OBAMA,14760,REPUBLICAN,MITT ROMNEY,19415,OTHER,OTHER,745,
CROW WING,2016,DEMOCRAT,HILLARY CLINTON,10982,REPUBLICAN,DONALD TRUMP,22287,OTHER,OTHER,2573,
CROW WING,2020,DEMOCRAT,JOSEPH R BIDEN JR,13726,GREEN,OTHER,92,LIBERTARIAN,JO JORGENSEN,357,OTHER,OTHER,322,REPUBLICAN,DONALD J TRUMP,25676,
DAKOTA,2000,DEMOCRAT,AL GORE,85446,REPUBLICAN,GEORGE W. BUSH,87250,GREEN,RALPH NADER,7799,OTHER,OTHER,1754,
DAKOTA,2004,DEMOCRAT,JOHN KERRY,104635,REPUBLICAN,GEORGE W. BUSH,108959,OTHER,OTHER,2252,
DAKOTA,2008,DEMOCRAT,BARACK OBAMA,116778,REPUBLICAN,JOHN MCCAIN,104364,OTHER,OTHER,4330,
DAKOTA,2012,DEMOCRAT,BARACK OBAMA,116255,REPUBLICAN,MITT ROMNEY,109516,OTHER,OTHER,5050,
DAKOTA,2016,DEMOCRAT,HILLARY CLINTON,110483,REPUBLICAN,DONALD TRUMP,99583,OTHER,OTHER,21374,
DAKOTA,2020,DEMOCRAT,JOSEPH R BIDEN JR,146155,GREEN,OTHER,827,LIBERTARIAN,JO JORGENSEN,2957,OTHER,OTHER,2682,REPUBLICAN,DONALD J TRUMP,109638,
DODGE,2000,DEMOCRAT,AL GORE,3370,REPUBLICAN,GEORGE W. BUSH,4213,GREEN,RALPH NADER,327,OTHER,OTHER,140,
DODGE,2004,DEMOCRAT,JOHN KERRY,4117,REPUBLICAN,GEORGE W. BUSH,5593,OTHER,OTHER,158,
DODGE,2008,DEMOCRAT,BARACK OBAMA,4463,REPUBLICAN,JOHN MCCAIN,5468,OTHER,OTHER,282,
DODGE,2012,DEMOCRAT,BARACK OBAMA,4487,REPUBLICAN,MITT ROMNEY,5522,OTHER,OTHER,318,
DODGE,2016,DEMOCRAT,HILLARY CLINTON,3102,REPUBLICAN,DONALD TRUMP,6527,OTHER,OTHER,1025,
DODGE,2020,DEMOCRAT,JOSEPH R BIDEN JR,4079,GREEN,OTHER,39,LIBERTARIAN,JO JORGENSEN,167,OTHER,OTHER,119,REPUBLICAN,DONALD J TRUMP,7783,
DOUGLAS,2000,DEMOCRAT,AL GORE,6352,REPUBLICAN,GEORGE W. BUSH,9811,GREEN,RALPH NADER,746,OTHER,OTHER,296,
DOUGLAS,2004,DEMOCRAT,JOHN KERRY,8219,REPUBLICAN,GEORGE W. BUSH,11793,OTHER,OTHER,297,
DOUGLAS,2008,DEMOCRAT,BARACK OBAMA,9256,REPUBLICAN,JOHN MCCAIN,11241,OTHER,OTHER,421,
DOUGLAS,2012,DEMOCRAT,BARACK OBAMA,8653,REPUBLICAN,MITT ROMNEY,11884,OTHER,OTHER,416,
DOUGLAS,2016,DEMOCRAT,HILLARY CLINTON,6227,REPUBLICAN,DONALD TRUMP,13966,OTHER,OTHER,1592,
DOUGLAS,2020,DEMOCRAT,JOSEPH R BIDEN JR,7868,GREEN,OTHER,56,LIBERTARIAN,JO JORGENSEN,238,OTHER,OTHER,204,REPUBLICAN,DONALD J TRUMP,15799,
FARIBAULT,2000,DEMOCRAT,AL GORE,3624,REPUBLICAN,GEORGE W. BUSH,4336,GREEN,RALPH NADER,309,OTHER,OTHER,155,
FARIBAULT,2004,DEMOCRAT,JOHN KERRY,3767,REPUBLICAN,GEORGE W. BUSH,4794,OTHER,OTHER,120,
FARIBAULT,2008,DEMOCRAT,BARACK OBAMA,3736,REPUBLICAN,JOHN MCCAIN,4196,OTHER,OTHER,220,
FARIBAULT,2012,DEMOCRAT,BARACK OBAMA,3407,REPUBLICAN,MITT ROMNEY,4104,OTHER,OTHER,202,
FARIBAULT,2016,DEMOCRAT,HILLARY CLINTON,2153,REPUBLICAN,DONALD TRUMP,4659,OTHER,OTHER,600,
FARIBAULT,2020,DEMOCRAT,JOSEPH R BIDEN JR,2531,GREEN,OTHER,19,LIBERTARIAN,JO JORGENSEN,72,OTHER,OTHER,101,REPUBLICAN,DONALD J TRUMP,5191,
FILLMORE,2000,DEMOCRAT,AL GORE,5020,REPUBLICAN,GEORGE W. BUSH,4646,GREEN,RALPH NADER,409,OTHER,OTHER,148,
FILLMORE,2004,DEMOCRAT,JOHN KERRY,5825,REPUBLICAN,GEORGE W. BUSH,5694,OTHER,OTHER,179,
FILLMORE,2008,DEMOCRAT,BARACK OBAMA,5921,REPUBLICAN,JOHN MCCAIN,4993,OTHER,OTHER,320,
FILLMORE,2012,DEMOCRAT,BARACK OBAMA,5713,REPUBLICAN,MITT ROMNEY,4913,OTHER,OTHER,266,
FILLMORE,2016,DEMOCRAT,HILLARY CLINTON,3872,REPUBLICAN,DONALD TRUMP,6271,OTHER,OTHER,912,
FILLMORE,2020,DEMOCRAT,JOSEPH R BIDEN JR,4551,GREEN,OTHER,24,LIBERTARIAN,JO JORGENSEN,135,OTHER,OTHER,130,REPUBLICAN,DONALD J TRUMP,7301,
FREEBORN,2000,DEMOCRAT,AL GORE,8514,REPUBLICAN,GEORGE W. BUSH,6843,GREEN,RALPH NADER,555,OTHER,OTHER,227,
FREEBORN,2004,DEMOCRAT,JOHN KERRY,9733,REPUBLICAN,GEORGE W. BUSH,7681,OTHER,OTHER,252,
FREEBORN,2008,DEMOCRAT,BARACK OBAMA,9915,REPUBLICAN,JOHN MCCAIN,6955,OTHER,OTHER,410,
FREEBORN,2012,DEMOCRAT,BARACK OBAMA,9326,REPUBLICAN,MITT ROMNEY,6969,OTHER,OTHER,411,
FREEBORN,2016,DEMOCRAT,HILLARY CLINTON,6041,REPUBLICAN,DONALD TRUMP,8808,OTHER,OTHER,1202,
FREEBORN,2020,DEMOCRAT,JOSEPH R BIDEN JR,6889,GREEN,OTHER,51,LIBERTARIAN,JO JORGENSEN,146,OTHER,OTHER,154,REPUBLICAN,DONALD J TRUMP,9578,
GOODHUE,2000,DEMOCRAT,AL GORE,9981,REPUBLICAN,GEORGE W. BUSH,10852,GREEN,RALPH NADER,1093,OTHER,OTHER,331,
GOODHUE,2004,DEMOCRAT,JOHN KERRY,12103,REPUBLICAN,GEORGE W. BUSH,13134,OTHER,OTHER,371,
GOODHUE,2008,DEMOCRAT,BARACK OBAMA,12420,REPUBLICAN,JOHN MCCAIN,12775,OTHER,OTHER,600,
GOODHUE,2012,DEMOCRAT,BARACK OBAMA,12212,REPUBLICAN,MITT ROMNEY,12986,OTHER,OTHER,603,
GOODHUE,2016,DEMOCRAT,HILLARY CLINTON,9446,REPUBLICAN,DONALD TRUMP,14041,OTHER,OTHER,2230,
GOODHUE,2020,DEMOCRAT,JOSEPH R BIDEN JR,11806,GREEN,OTHER,102,LIBERTARIAN,JO JORGENSEN,397,OTHER,OTHER,279,REPUBLICAN,DONALD J TRUMP,16052,
GRANT,2000,DEMOCRAT,AL GORE,1507,REPUBLICAN,GEORGE W. BUSH,1804,GREEN,RALPH NADER,214,OTHER,OTHER,99,
GRANT,2004,DEMOCRAT,JOHN KERRY,1856,REPUBLICAN,GEORGE W. BUSH,1893,OTHER,OTHER,70,
GRANT,2008,DEMOCRAT,BARACK OBAMA,1850,REPUBLICAN,JOHN MCCAIN,1646,OTHER,OTHER,109,
GRANT,2012,DEMOCRAT,BARACK OBAMA,1647,REPUBLICAN,MITT ROMNEY,1748,OTHER,OTHER,92,
GRANT,2016,DEMOCRAT,HILLARY CLINTON,1105,REPUBLICAN,DONALD TRUMP,2063,OTHER,OTHER,305,
GRANT,2020,DEMOCRAT,JOSEPH R BIDEN JR,1300,GREEN,OTHER,8,LIBERTARIAN,JO JORGENSEN,43,OTHER,OTHER,34,REPUBLICAN,DONALD J TRUMP,2269,
HENNEPIN,2000,DEMOCRAT,AL GORE,307599,REPUBLICAN,GEORGE W. BUSH,225657,GREEN,RALPH NADER,35584,OTHER,OTHER,5006,
HENNEPIN,2004,DEMOCRAT,JOHN KERRY,383842,REPUBLICAN,GEORGE W. BUSH,255135,OTHER,OTHER,8007,
HENNEPIN,2008,DEMOCRAT,BARACK OBAMA,420958,REPUBLICAN,JOHN MCCAIN,231054,OTHER,OTHER,11768,
HENNEPIN,2012,DEMOCRAT,BARACK OBAMA,423982,REPUBLICAN,MITT ROMNEY,240073,OTHER,OTHER,16010,
HENNEPIN,2016,DEMOCRAT,HILLARY CLINTON,429288,REPUBLICAN,DONALD TRUMP,191770,OTHER,OTHER,58919,
HENNEPIN,2020,DEMOCRAT,JOSEPH R BIDEN JR,532623,GREEN,OTHER,2448,LIBERTARIAN,JO JORGENSEN,7526,OTHER,OTHER,7399,REPUBLICAN,DONALD J TRUMP,205973,
HOUSTON,2000,DEMOCRAT,AL GORE,4502,REPUBLICAN,GEORGE W. BUSH,5077,GREEN,RALPH NADER,421,OTHER,OTHER,167,
HOUSTON,2004,DEMOCRAT,JOHN KERRY,5276,REPUBLICAN,GEORGE W. BUSH,5631,OTHER,OTHER,175,
HOUSTON,2008,DEMOCRAT,BARACK OBAMA,5906,REPUBLICAN,JOHN MCCAIN,4743,OTHER,OTHER,234,
HOUSTON,2012,DEMOCRAT,BARACK OBAMA,5281,REPUBLICAN,MITT ROMNEY,4951,OTHER,OTHER,214,
HOUSTON,2016,DEMOCRAT,HILLARY CLINTON,4145,REPUBLICAN,DONALD TRUMP,5616,OTHER,OTHER,843,
HOUSTON,2020,DEMOCRAT,JOSEPH R BIDEN JR,4853,GREEN,OTHER,29,LIBERTARIAN,JO JORGENSEN,114,OTHER,OTHER,110,REPUBLICAN,DONALD J TRUMP,6334,
HUBBARD,2000,DEMOCRAT,AL GORE,3632,REPUBLICAN,GEORGE W. BUSH,5307,GREEN,RALPH NADER,484,OTHER,OTHER,190,
HUBBARD,2004,DEMOCRAT,JOHN KERRY,4741,REPUBLICAN,GEORGE W. BUSH,6444,OTHER,OTHER,155,
HUBBARD,2008,DEMOCRAT,BARACK OBAMA,4872,REPUBLICAN,JOHN MCCAIN,6558,OTHER,OTHER,208,
HUBBARD,2012,DEMOCRAT,BARACK OBAMA,4676,REPUBLICAN,MITT ROMNEY,6622,OTHER,OTHER,222,
HUBBARD,2016,DEMOCRAT,HILLARY CLINTON,3423,REPUBLICAN,DONALD TRUMP,7261,OTHER,OTHER,821,
HUBBARD,2020,DEMOCRAT,JOSEPH R BIDEN JR,4462,GREEN,OTHER,48,LIBERTARIAN,JO JORGENSEN,134,OTHER,OTHER,119,REPUBLICAN,DONALD J TRUMP,8202,
ISANTI,2000,DEMOCRAT,AL GORE,6247,REPUBLICAN,GEORGE W. BUSH,7668,GREEN,RALPH NADER,753,OTHER,OTHER,261,
ISANTI,2004,DEMOCRAT,JOHN KERRY,7883,REPUBLICAN,GEORGE W. BUSH,11190,OTHER,OTHER,240,
ISANTI,2008,DEMOCRAT,BARACK OBAMA,8248,REPUBLICAN,JOHN MCCAIN,11324,OTHER,OTHER,481,
ISANTI,2012,DEMOCRAT,BARACK OBAMA,8024,REPUBLICAN,MITT ROMNEY,11675,OTHER,OTHER,518,
ISANTI,2016,DEMOCRAT,HILLARY CLINTON,5657,REPUBLICAN,DONALD TRUMP,13635,OTHER,OTHER,1724,
ISANTI,2020,DEMOCRAT,JOSEPH R BIDEN JR,7138,GREEN,OTHER,79,LIBERTARIAN,JO JORGENSEN,304,OTHER,OTHER,223,REPUBLICAN,DONALD J TRUMP,16491,
ITASCA,2000,DEMOCRAT,AL GORE,10583,REPUBLICAN,GEORGE W. BUSH,9545,GREEN,RALPH NADER,1137,OTHER,OTHER,449,
ITASCA,2004,DEMOCRAT,JOHN KERRY,13290,REPUBLICAN,GEORGE W. BUSH,10705,OTHER,OTHER,372,
ITASCA,2008,DEMOCRAT,BARACK OBAMA,13460,REPUBLICAN,JOHN MCCAIN,10309,OTHER,OTHER,626,
ITASCA,2012,DEMOCRAT,BARACK OBAMA,12852,REPUBLICAN,MITT ROMNEY,10501,OTHER,OTHER,566,
ITASCA,2016,DEMOCRAT,HILLARY CLINTON,9015,REPUBLICAN,DONALD TRUMP,12920,OTHER,OTHER,1945,
ITASCA,2020,DEMOCRAT,JOSEPH R BIDEN JR,10786,GREEN,OTHER,77,LIBERTARIAN,JO JORGENSEN,247,OTHER,OTHER,212,REPUBLICAN,DONALD J TRUMP,15239,
JACKSON,2000,DEMOCRAT,AL GORE,2364,REPUBLICAN,GEORGE W. BUSH,2773,GREEN,RALPH NADER,194,OTHER,OTHER,107,
JACKSON,2004,DEMOCRAT,JOHN KERRY,2652,REPUBLICAN,GEORGE W. BUSH,3024,OTHER,OTHER,103,
JACKSON,2008,DEMOCRAT,BARACK OBAMA,2618,REPUBLICAN,JOHN MCCAIN,2858,OTHER,OTHER,147,
JACKSON,2012,DEMOCRAT,BARACK OBAMA,2268,REPUBLICAN,MITT ROMNEY,3044,OTHER,OTHER,118,
JACKSON,2016,DEMOCRAT,HILLARY CLINTON,1492,REPUBLICAN,DONALD TRUMP,3609,OTHER,OTHER,383,
JACKSON,2020,DEMOCRAT,JOSEPH R BIDEN JR,1745,GREEN,OTHER,12,LIBERTARIAN,JO JORGENSEN,53,OTHER,OTHER,61,REPUBLICAN,DONALD J TRUMP,3948,
KANABEC,2000,DEMOCRAT,AL GORE,2831,REPUBLICAN,GEORGE W. BUSH,3480,GREEN,RALPH NADER,344,OTHER,OTHER,156,
KANABEC,2004,DEMOCRAT,JOHN KERRY,3592,REPUBLICAN,GEORGE W. BUSH,4527,OTHER,OTHER,129,
KANABEC,2008,DEMOCRAT,BARACK OBAMA,3743,REPUBLICAN,JOHN MCCAIN,4479,OTHER,OTHER,277,
KANABEC,2012,DEMOCRAT,BARACK OBAMA,3593,REPUBLICAN,MITT ROMNEY,4328,OTHER,OTHER,229,
KANABEC,2016,DEMOCRAT,HILLARY CLINTON,2327,REPUBLICAN,DONALD TRUMP,5230,OTHER,OTHER,620,
KANABEC,2020,DEMOCRAT,JOSEPH R BIDEN JR,2774,GREEN,OTHER,23,LIBERTARIAN,JO JORGENSEN,93,OTHER,OTHER,74,REPUBLICAN,DONALD J TRUMP,6278,
KANDIYOHI,2000,DEMOCRAT,AL GORE,8220,REPUBLICAN,GEORGE W. BUSH,10026,GREEN,RALPH NADER,734,OTHER,OTHER,305,
KANDIYOHI,2004,DEMOCRAT,JOHN KERRY,9337,REPUBLICAN,GEORGE W. BUSH,11704,OTHER,OTHER,308,
KANDIYOHI,2008,DEMOCRAT,BARACK OBAMA,10125,REPUBLICAN,JOHN MCCAIN,11319,OTHER,OTHER,451,
KANDIYOHI,2012,DEMOCRAT,BARACK OBAMA,9805,REPUBLICAN,MITT ROMNEY,11240,OTHER,OTHER,420,
KANDIYOHI,2016,DEMOCRAT,HILLARY CLINTON,7266,REPUBLICAN,DONALD TRUMP,12785,OTHER,OTHER,1721,
KANDIYOHI,2020,DEMOCRAT,JOSEPH R BIDEN JR,8440,GREEN,OTHER,53,LIBERTARIAN,JO JORGENSEN,211,OTHER,OTHER,226,REPUBLICAN,DONALD J TRUMP,14437,
KITTSON,2000,DEMOCRAT,AL GORE,1107,REPUBLICAN,GEORGE W. BUSH,1353,GREEN,RALPH NADER,68,OTHER,OTHER,109,
KITTSON,2004,DEMOCRAT,JOHN KERRY,1333,REPUBLICAN,GEORGE W. BUSH,1307,OTHER,OTHER,42,
KITTSON,2008,DEMOCRAT,BARACK OBAMA,1492,REPUBLICAN,JOHN MCCAIN,1016,OTHER,OTHER,60,
KITTSON,2012,DEMOCRAT,BARACK OBAMA,1241,REPUBLICAN,MITT ROMNEY,1095,OTHER,OTHER,84,
KITTSON,2016,DEMOCRAT,HILLARY CLINTON,823,REPUBLICAN,DONALD TRUMP,1349,OTHER,OTHER,213,
KITTSON,2020,DEMOCRAT,JOSEPH R BIDEN JR,1006,GREEN,OTHER,8,LIBERTARIAN,JO JORGENSEN,44,OTHER,OTHER,35,REPUBLICAN,DONALD J TRUMP,1546,
KOOCHICHING,2000,DEMOCRAT,AL GORE,2903,REPUBLICAN,GEORGE W. BUSH,3523,GREEN,RALPH NADER,302,OTHER,OTHER,151,
KOOCHICHING,2004,DEMOCRAT,JOHN KERRY,3662,REPUBLICAN,GEORGE W. BUSH,3539,OTHER,OTHER,108,
KOOCHICHING,2008,DEMOCRAT,BARACK OBAMA,3649,REPUBLICAN,JOHN MCCAIN,2962,OTHER,OTHER,191,
KOOCHICHING,2012,DEMOCRAT,BARACK OBAMA,3451,REPUBLICAN,MITT ROMNEY,2841,OTHER,OTHER,166,
KOOCHICHING,2016,DEMOCRAT,HILLARY CLINTON,2306,REPUBLICAN,DONALD TRUMP,3569,OTHER,OTHER,488,
KOOCHICHING,2020,DEMOCRAT,JOSEPH R BIDEN JR,2659,GREEN,OTHER,17,LIBERTARIAN,JO JORGENSEN,60,OTHER,OTHER,55,REPUBLICAN,DONALD J TRUMP,4131,
LAC QUI PARLE,2000,DEMOCRAT,AL GORE,2244,REPUBLICAN,GEORGE W. BUSH,1941,GREEN,RALPH NADER,160,OTHER,OTHER,108,
LAC QUI PARLE,2004,DEMOCRAT,JOHN KERRY,2390,REPUBLICAN,GEORGE W. BUSH,2093,OTHER,OTHER,58,
LAC QUI PARLE,2008,DEMOCRAT,BARACK OBAMA,2160,REPUBLICAN,JOHN MCCAIN,1912,OTHER,OTHER,120,
LAC QUI PARLE,2012,DEMOCRAT,BARACK OBAMA,1974,REPUBLICAN,MITT ROMNEY,1938,OTHER,OTHER,72,
LAC QUI PARLE,2016,DEMOCRAT,HILLARY CLINTON,1305,REPUBLICAN,DONALD TRUMP,2293,OTHER,OTHER,262,
LAC QUI PARLE,2020,DEMOCRAT,JOSEPH R BIDEN JR,1446,GREEN,OTHER,7,LIBERTARIAN,JO JORGENSEN,20,OTHER,OTHER,39,REPUBLICAN,DONALD J TRUMP,2528,
LAKE,2000,DEMOCRAT,AL GORE,3579,REPUBLICAN,GEORGE W. BUSH,2465,GREEN,RALPH NADER,426,OTHER,OTHER,93,
LAKE,2004,DEMOCRAT,JOHN KERRY,4212,REPUBLICAN,GEORGE W. BUSH,2769,OTHER,OTHER,90,
LAKE,2008,DEMOCRAT,BARACK OBAMA,4174,REPUBLICAN,JOHN MCCAIN,2636,OTHER,OTHER,159,
LAKE,2012,DEMOCRAT,BARACK OBAMA,4043,REPUBLICAN,MITT ROMNEY,2610,OTHER,OTHER,167,
LAKE,2016,DEMOCRAT,HILLARY CLINTON,3077,REPUBLICAN,DONALD TRUMP,2932,OTHER,OTHER,512,
LAKE,2020,DEMOCRAT,JOSEPH R BIDEN JR,3647,GREEN,OTHER,26,LIBERTARIAN,JO JORGENSEN,78,OTHER,OTHER,58,REPUBLICAN,DONALD J TRUMP,3393,
LAKE OF THE WOODS,2000,DEMOCRAT,AL GORE,848,REPUBLICAN,GEORGE W. BUSH,1216,GREEN,RALPH NADER,74,OTHER,OTHER,49,
LAKE OF THE WOODS,2004,DEMOCRAT,JOHN KERRY,921,REPUBLICAN,GEORGE W. BUSH,1428,OTHER,OTHER,51,
LAKE OF THE WOODS,2008,DEMOCRAT,BARACK OBAMA,971,REPUBLICAN,JOHN MCCAIN,1278,OTHER,OTHER,64,
LAKE OF THE WOODS,2012,DEMOCRAT,BARACK OBAMA,859,REPUBLICAN,MITT ROMNEY,1306,OTHER,OTHER,69,
LAKE OF THE WOODS,2016,DEMOCRAT,HILLARY CLINTON,553,REPUBLICAN,DONALD TRUMP,1540,OTHER,OTHER,149,
LAKE OF THE WOODS,2020,DEMOCRAT,JOSEPH R BIDEN JR,671,GREEN,OTHER,4,LIBERTARIAN,JO JORGENSEN,22,OTHER,OTHER,7,REPUBLICAN,DONALD J TRUMP,1704,
LE SUEUR,2000,DEMOCRAT,AL GORE,5361,REPUBLICAN,GEORGE W. BUSH,6138,GREEN,RALPH NADER,603,OTHER,OTHER,229,
LE SUEUR,2004,DEMOCRAT,JOHN KERRY,6466,REPUBLICAN,GEORGE W. BUSH,7746,OTHER,OTHER,212,
LE SUEUR,2008,DEMOCRAT,BARACK OBAMA,6994,REPUBLICAN,JOHN MCCAIN,7636,OTHER,OTHER,379,
LE SUEUR,2012,DEMOCRAT,BARACK OBAMA,6753,REPUBLICAN,MITT ROMNEY,7715,OTHER,OTHER,327,
LE SUEUR,2016,DEMOCRAT,HILLARY CLINTON,4623,REPUBLICAN,DONALD TRUMP,9182,OTHER,OTHER,1166,
LE SUEUR,2020,DEMOCRAT,JOSEPH R BIDEN JR,5672,GREEN,OTHER,42,LIBERTARIAN,JO JORGENSEN,169,OTHER,OTHER,160,REPUBLICAN,DONALD J TRUMP,10775,
LINCOLN,2000,DEMOCRAT,AL GORE,1590,REPUBLICAN,GEORGE W. BUSH,1513,GREEN,RALPH NADER,105,OTHER,OTHER,76,
LINCOLN,2004,DEMOCRAT,JOHN KERRY,1558,REPUBLICAN,GEORGE W. BUSH,1736,OTHER,OTHER,48,
LINCOLN,2008,DEMOCRAT,BARACK OBAMA,1517,REPUBLICAN,JOHN MCCAIN,1491,OTHER,OTHER,118,
LINCOLN,2012,DEMOCRAT,BARACK OBAMA,1429,REPUBLICAN,MITT ROMNEY,1595,OTHER,OTHER,96,
LINCOLN,2016,DEMOCRAT,HILLARY CLINTON,860,REPUBLICAN,DONALD TRUMP,1931,OTHER,OTHER,228,
LINCOLN,2020,DEMOCRAT,JOSEPH R BIDEN JR,937,GREEN,OTHER,6,LIBERTARIAN,JO JORGENSEN,23,OTHER,OTHER,28,REPUBLICAN,DONALD J TRUMP,2121,
LYON,2000,DEMOCRAT,AL GORE,4737,REPUBLICAN,GEORGE W. BUSH,6087,GREEN,RALPH NADER,460,OTHER,OTHER,205,
LYON,2004,DEMOCRAT,JOHN KERRY,5292,REPUBLICAN,GEORGE W. BUSH,7203,OTHER,OTHER,178,
LYON,2008,DEMOCRAT,BARACK OBAMA,6110,REPUBLICAN,JOHN MCCAIN,6315,OTHER,OTHER,283,
LYON,2012,DEMOCRAT,BARACK OBAMA,5465,REPUBLICAN,MITT ROMNEY,6594,OTHER,OTHER,329,
LYON,2016,DEMOCRAT,HILLARY CLINTON,3825,REPUBLICAN,DONALD TRUMP,7256,OTHER,OTHER,1134,
LYON,2020,DEMOCRAT,JOSEPH R BIDEN JR,4634,GREEN,OTHER,28,LIBERTARIAN,JO JORGENSEN,140,OTHER,OTHER,112,REPUBLICAN,DONALD J TRUMP,7979,
MCLEOD,2000,DEMOCRAT,AL GORE,5609,REPUBLICAN,GEORGE W. BUSH,8782,GREEN,RALPH NADER,681,OTHER,OTHER,322,
MCLEOD,2004,DEMOCRAT,JOHN KERRY,6712,REPUBLICAN,GEORGE W. BUSH,11407,OTHER,OTHER,293,
MCLEOD,2008,DEMOCRAT,BARACK OBAMA,7505,REPUBLICAN,JOHN MCCAIN,10993,OTHER,OTHER,531,
MCLEOD,2012,DEMOCRAT,BARACK OBAMA,6968,REPUBLICAN,MITT ROMNEY,11069,OTHER,OTHER,516,
MCLEOD,2016,DEMOCRAT,HILLARY CLINTON,4978,REPUBLICAN,DONALD TRUMP,12155,OTHER,OTHER,1674,
MCLEOD,2020,DEMOCRAT,JOSEPH R BIDEN JR,6413,GREEN,OTHER,58,LIBERTARIAN,JO JORGENSEN,292,OTHER,OTHER,184,REPUBLICAN,DONALD J TRUMP,13986,
MAHNOMEN,2000,DEMOCRAT,AL GORE,921,REPUBLICAN,GEORGE W. BUSH,1122,GREEN,RALPH NADER,96,OTHER,OTHER,85,
MAHNOMEN,2004,DEMOCRAT,JOHN KERRY,1339,REPUBLICAN,GEORGE W. BUSH,1132,OTHER,OTHER,37,
MAHNOMEN,2008,DEMOCRAT,BARACK OBAMA,1436,REPUBLICAN,JOHN MCCAIN,843,OTHER,OTHER,64,
MAHNOMEN,2012,DEMOCRAT,BARACK OBAMA,1276,REPUBLICAN,MITT ROMNEY,871,OTHER,OTHER,35,
MAHNOMEN,2016,DEMOCRAT,HILLARY CLINTON,930,REPUBLICAN,DONALD TRUMP,991,OTHER,OTHER,167,
MAHNOMEN,2020,DEMOCRAT,JOSEPH R BIDEN JR,1112,GREEN,OTHER,6,LIBERTARIAN,JO JORGENSEN,9,OTHER,OTHER,35,REPUBLICAN,DONALD J TRUMP,1142,
MARSHALL,2000,DEMOCRAT,AL GORE,1910,REPUBLICAN,GEORGE W. BUSH,2912,GREEN,RALPH NADER,160,OTHER,OTHER,217,
MARSHALL,2004,DEMOCRAT,JOHN KERRY,2308,REPUBLICAN,GEORGE W. BUSH,3187,OTHER,OTHER,67,
MARSHALL,2008,DEMOCRAT,BARACK OBAMA,2311,REPUBLICAN,JOHN MCCAIN,2285,OTHER,OTHER,143,
MARSHALL,2012,DEMOCRAT,BARACK OBAMA,1998,REPUBLICAN,MITT ROMNEY,2569,OTHER,OTHER,131,
MARSHALL,2016,DEMOCRAT,HILLARY CLINTON,1225,REPUBLICAN,DONALD TRUMP,3208,OTHER,OTHER,384,
MARSHALL,2020,DEMOCRAT,JOSEPH R BIDEN JR,1295,GREEN,OTHER,8,LIBERTARIAN,JO JORGENSEN,37,OTHER,OTHER,52,REPUBLICAN,DONALD J TRUMP,3721,
MARTIN,2000,DEMOCRAT,AL GORE,4166,REPUBLICAN,GEORGE W. BUSH,5686,GREEN,RALPH NADER,376,OTHER,OTHER,143,
MARTIN,2004,DEMOCRAT,JOHN KERRY,4590,REPUBLICAN,GEORGE W. BUSH,6311,OTHER,OTHER,146,
MARTIN,2008,DEMOCRAT,BARACK OBAMA,4413,REPUBLICAN,JOHN MCCAIN,6053,OTHER,OTHER,288,
MARTIN,2012,DEMOCRAT,BARACK OBAMA,4054,REPUBLICAN,MITT ROMNEY,6657,OTHER,OTHER,257,
MARTIN,2016,DEMOCRAT,HILLARY CLINTON,2733,REPUBLICAN,DONALD TRUMP,7062,OTHER,OTHER,736,
MARTIN,2020,DEMOCRAT,JOSEPH R BIDEN JR,3305,GREEN,OTHER,24,LIBERTARIAN,JO JORGENSEN,98,OTHER,OTHER,102,REPUBLICAN,DONALD J TRUMP,7480,
MEEKER,2000,DEMOCRAT,AL GORE,4402,REPUBLICAN,GEORGE W. BUSH,5520,GREEN,RALPH NADER,517,OTHER,OTHER,233,
MEEKER,2004,DEMOCRAT,JOHN KERRY,5292,REPUBLICAN,GEORGE W. BUSH,6854,OTHER,OTHER,188,
MEEKER,2008,DEMOCRAT,BARACK OBAMA,5380,REPUBLICAN,JOHN MCCAIN,6737,OTHER,OTHER,428,
MEEKER,2012,DEMOCRAT,BARACK OBAMA,4969,REPUBLICAN,MITT ROMNEY,6913,OTHER,OTHER,332,
MEEKER,2016,DEMOCRAT,HILLARY CLINTON,3191,REPUBLICAN,DONALD TRUMP,8104,OTHER,OTHER,987,
MEEKER,2020,DEMOCRAT,JOSEPH R BIDEN JR,3867,GREEN,OTHER,41,LIBERTARIAN,JO JORGENSEN,122,OTHER,OTHER,140,REPUBLICAN,DONALD J TRUMP,9359,
MILLE LACS,2000,DEMOCRAT,AL GORE,4376,REPUBLICAN,GEORGE W. BUSH,5223,GREEN,RALPH NADER,448,OTHER,OTHER,206,
MILLE LACS,2004,DEMOCRAT,JOHN KERRY,5677,REPUBLICAN,GEORGE W. BUSH,7194,OTHER,OTHER,194,
MILLE LACS,2008,DEMOCRAT,BARACK OBAMA,6072,REPUBLICAN,JOHN MCCAIN,7049,OTHER,OTHER,423,
MILLE LACS,2012,DEMOCRAT,BARACK OBAMA,5829,REPUBLICAN,MITT ROMNEY,6951,OTHER,OTHER,311,
MILLE LACS,2016,DEMOCRAT,HILLARY CLINTON,3710,REPUBLICAN,DONALD TRUMP,8340,OTHER,OTHER,967,
MILLE LACS,2020,DEMOCRAT,JOSEPH R BIDEN JR,4404,GREEN,OTHER,31,LIBERTARIAN,JO JORGENSEN,181,OTHER,OTHER,121,REPUBLICAN,DONALD J TRUMP,9952,
MORRISON,2000,DEMOCRAT,AL GORE,5274,REPUBLICAN,GEORGE W. BUSH,8197,GREEN,RALPH NADER,633,OTHER,OTHER,573,
MORRISON,2004,DEMOCRAT,JOHN KERRY,6794,REPUBLICAN,GEORGE W. BUSH,9698,OTHER,OTHER,266,
MORRISON,2008,DEMOCRAT,BARACK OBAMA,6547,REPUBLICAN,JOHN MCCAIN,9735,OTHER,OTHER,461,
MORRISON,2012,DEMOCRAT,BARACK OBAMA,6153,REPUBLICAN,MITT ROMNEY,10159,OTHER,OTHER,402,
MORRISON,2016,DEMOCRAT,HILLARY CLINTON,3637,REPUBLICAN,DONALD TRUMP,12925,OTHER,OTHER,1052,
MORRISON,2020,DEMOCRAT,JOSEPH R BIDEN JR,4367,GREEN,OTHER,52,LIBERTARIAN,JO JORGENSEN,173,OTHER,OTHER,145,REPUBLICAN,DONALD J TRUMP,14821,
MOWER,2000,DEMOCRAT,AL GORE,10693,REPUBLICAN,GEORGE W. BUSH,6873,GREEN,RALPH NADER,678,OTHER,OTHER,236,
MOWER,2004,DEMOCRAT,JOHN KERRY,12334,REPUBLICAN,GEORGE W. BUSH,7591,OTHER,OTHER,297,
MOWER,2008,DEMOCRAT,BARACK OBAMA,11605,REPUBLICAN,JOHN MCCAIN,7075,OTHER,OTHER,507,
MOWER,2012,DEMOCRAT,BARACK OBAMA,11129,REPUBLICAN,MITT ROMNEY,6938,OTHER,OTHER,472,
MOWER,2016,DEMOCRAT,HILLARY CLINTON,7437,REPUBLICAN,DONALD TRUMP,8823,OTHER,OTHER,1455,
MOWER,2020,DEMOCRAT,JOSEPH R BIDEN JR,8899,GREEN,OTHER,47,LIBERTARIAN,JO JORGENSEN,177,OTHER,OTHER,197,REPUBLICAN,DONALD J TRUMP,10025,
MURRAY,2000,DEMOCRAT,AL GORE,2093,REPUBLICAN,GEORGE W. BUSH,2407,GREEN,RALPH NADER,149,OTHER,OTHER,104,
MURRAY,2004,DEMOCRAT,JOHN KERRY,2218,REPUBLICAN,GEORGE W. BUSH,2719,OTHER,OTHER,61,
MURRAY,2008,DEMOCRAT,BARACK OBAMA,2345,REPUBLICAN,JOHN MCCAIN,2320,OTHER,OTHER,148,
MURRAY,2012,DEMOCRAT,BARACK OBAMA,2160,REPUBLICAN,MITT ROMNEY,2504,OTHER,OTHER,103,
MURRAY,2016,DEMOCRAT,HILLARY CLINTON,1295,REPUBLICAN,DONALD TRUMP,2974,OTHER,OTHER,399,
MURRAY,2020,DEMOCRAT,JOSEPH R BIDEN JR,1449,GREEN,OTHER,10,LIBERTARIAN,JO JORGENSEN,32,OTHER,OTHER,42,REPUBLICAN,DONALD J TRUMP,3363,
NICOLLET,2000,DEMOCRAT,AL GORE,7041,REPUBLICAN,GEORGE W. BUSH,7221,GREEN,RALPH NADER,842,OTHER,OTHER,223,
NICOLLET,2004,DEMOCRAT,JOHN KERRY,8797,REPUBLICAN,GEORGE W. BUSH,8689,OTHER,OTHER,255,
NICOLLET,2008,DEMOCRAT,BARACK OBAMA,9887,REPUBLICAN,JOHN MCCAIN,7968,OTHER,OTHER,390,
NICOLLET,2012,DEMOCRAT,BARACK OBAMA,9652,REPUBLICAN,MITT ROMNEY,8214,OTHER,OTHER,491,
NICOLLET,2016,DEMOCRAT,HILLARY CLINTON,7886,REPUBLICAN,DONALD TRUMP,8437,OTHER,OTHER,1774,
NICOLLET,2020,DEMOCRAT,JOSEPH R BIDEN JR,9622,GREEN,OTHER,78,LIBERTARIAN,JO JORGENSEN,222,OTHER,OTHER,185,REPUBLICAN,DONALD J TRUMP,9018,
NOBLES,2000,DEMOCRAT,AL GORE,3760,REPUBLICAN,GEORGE W. BUSH,4766,GREEN,RALPH NADER,238,OTHER,OTHER,108,
NOBLES,2004,DEMOCRAT,JOHN KERRY,3898,REPUBLICAN,GEORGE W. BUSH,5159,OTHER,OTHER,147,
NOBLES,2008,DEMOCRAT,BARACK OBAMA,4244,REPUBLICAN,JOHN MCCAIN,4368,OTHER,OTHER,201,
NOBLES,2012,DEMOCRAT,BARACK OBAMA,3793,REPUBLICAN,MITT ROMNEY,4581,OTHER,OTHER,146,
NOBLES,2016,DEMOCRAT,HILLARY CLINTON,2733,REPUBLICAN,DONALD TRUMP,5299,OTHER,OTHER,600,
NOBLES,2020,DEMOCRAT,JOSEPH R BIDEN JR,2933,GREEN,OTHER,19,LIBERTARIAN,JO JORGENSEN,59,OTHER,OTHER,104,REPUBLICAN,DONALD J TRUMP,5600,
NORMAN,2000,DEMOCRAT,AL GORE,1575,REPUBLICAN,GEORGE W. BUSH,1808,GREEN,RALPH NADER,123,OTHER,OTHER,135,
NORMAN,2004,DEMOCRAT,JOHN KERRY,1954,REPUBLICAN,GEORGE W. BUSH,1794,OTHER,OTHER,62,
NORMAN,2008,DEMOCRAT,BARACK OBAMA,2129,REPUBLICAN,JOHN MCCAIN,1204,OTHER,OTHER,101,
NORMAN,2012,DEMOCRAT,BARACK OBAMA,1730,REPUBLICAN,MITT ROMNEY,1384,OTHER,OTHER,93,
NORMAN,2016,DEMOCRAT,HILLARY CLINTON,1264,REPUBLICAN,DONALD TRUMP,1699,OTHER,OTHER,298,
NORMAN,2020,DEMOCRAT,JOSEPH R BIDEN JR,1404,GREEN,OTHER,10,LIBERTARIAN,JO JORGENSEN,31,OTHER,OTHER,43,REPUBLICAN,DONALD J TRUMP,1953,
OLMSTED,2000,DEMOCRAT,AL GORE,25822,REPUBLICAN,GEORGE W. BUSH,30641,GREEN,RALPH NADER,2198,OTHER,OTHER,731,
OLMSTED,2004,DEMOCRAT,JOHN KERRY,33285,REPUBLICAN,GEORGE W. BUSH,37371,OTHER,OTHER,920,
OLMSTED,2008,DEMOCRAT,BARACK OBAMA,38711,REPUBLICAN,JOHN MCCAIN,36202,OTHER,OTHER,1557,
OLMSTED,2012,DEMOCRAT,BARACK OBAMA,39338,REPUBLICAN,MITT ROMNEY,36832,OTHER,OTHER,2146,
OLMSTED,2016,DEMOCRAT,HILLARY CLINTON,36268,REPUBLICAN,DONALD TRUMP,35668,OTHER,OTHER,8193,
OLMSTED,2020,DEMOCRAT,JOSEPH R BIDEN JR,49491,GREEN,OTHER,263,LIBERTARIAN,JO JORGENSEN,1078,OTHER,OTHER,861,REPUBLICAN,DONALD J TRUMP,39692,
OTTER TAIL,2000,DEMOCRAT,AL GORE,9844,REPUBLICAN,GEORGE W. BUSH,16963,GREEN,RALPH NADER,1120,OTHER,OTHER,584,
OTTER TAIL,2004,DEMOCRAT,JOHN KERRY,12038,REPUBLICAN,GEORGE W. BUSH,19734,OTHER,OTHER,406,
OTTER TAIL,2008,DEMOCRAT,BARACK OBAMA,13856,REPUBLICAN,JOHN MCCAIN,18077,OTHER,OTHER,754,
OTTER TAIL,2012,DEMOCRAT,BARACK OBAMA,12165,REPUBLICAN,MITT ROMNEY,18860,OTHER,OTHER,645,
OTTER TAIL,2016,DEMOCRAT,HILLARY CLINTON,9340,REPUBLICAN,DONALD TRUMP,20939,OTHER,OTHER,2221,
OTTER TAIL,2020,DEMOCRAT,JOSEPH R BIDEN JR,11958,GREEN,OTHER,76,LIBERTARIAN,JO JORGENSEN,257,OTHER,OTHER,308,REPUBLICAN,DONALD J TRUMP,23800,
PENNINGTON,2000,DEMOCRAT,AL GORE,2458,REPUBLICAN,GEORGE W. BUSH,3380,GREEN,RALPH NADER,255,OTHER,OTHER,227,
PENNINGTON,2004,DEMOCRAT,JOHN KERRY,3117,REPUBLICAN,GEORGE W. BUSH,3767,OTHER,OTHER,133,
PENNINGTON,2008,DEMOCRAT,BARACK OBAMA,3394,REPUBLICAN,JOHN MCCAIN,3248,OTHER,OTHER,180,
PENNINGTON,2012,DEMOCRAT,BARACK OBAMA,3024,REPUBLICAN,MITT ROMNEY,3305,OTHER,OTHER,188,
PENNINGTON,2016,DEMOCRAT,HILLARY CLINTON,2147,REPUBLICAN,DONALD TRUMP,4000,OTHER,OTHER,568,
PENNINGTON,2020,DEMOCRAT,JOSEPH R BIDEN JR,2568,GREEN,OTHER,12,LIBERTARIAN,JO JORGENSEN,103,OTHER,OTHER,62,REPUBLICAN,DONALD J TRUMP,4532,
PINE,2000,DEMOCRAT,AL GORE,6148,REPUBLICAN,GEORGE W. BUSH,5854,GREEN,RALPH NADER,734,OTHER,OTHER,332,
PINE,2004,DEMOCRAT,JOHN KERRY,7228,REPUBLICAN,GEORGE W. BUSH,7033,OTHER,OTHER,257,
PINE,2008,DEMOCRAT,BARACK OBAMA,7084,REPUBLICAN,JOHN MCCAIN,6862,OTHER,OTHER,437,
PINE,2012,DEMOCRAT,BARACK OBAMA,6750,REPUBLICAN,MITT ROMNEY,6845,OTHER,OTHER,370,
PINE,2016,DEMOCRAT,HILLARY CLINTON,4580,REPUBLICAN,DONALD TRUMP,8191,OTHER,OTHER,1040,
PINE,2020,DEMOCRAT,JOSEPH R BIDEN JR,5419,GREEN,OTHER,51,LIBERTARIAN,JO JORGENSEN,168,OTHER,OTHER,107,REPUBLICAN,DONALD J TRUMP,10256,
PIPESTONE,2000,DEMOCRAT,AL GORE,1970,REPUBLICAN,GEORGE W. BUSH,2693,GREEN,RALPH NADER,140,OTHER,OTHER,91,
PIPESTONE,2004,DEMOCRAT,JOHN KERRY,1900,REPUBLICAN,GEORGE W. BUSH,3066,OTHER,OTHER,66,
PIPESTONE,2008,DEMOCRAT,BARACK OBAMA,2023,REPUBLICAN,JOHN MCCAIN,2652,OTHER,OTHER,126,
PIPESTONE,2012,DEMOCRAT,BARACK OBAMA,1725,REPUBLICAN,MITT ROMNEY,2826,OTHER,OTHER,95,
PIPESTONE,2016,DEMOCRAT,HILLARY CLINTON,1127,REPUBLICAN,DONALD TRUMP,3338,OTHER,OTHER,343,
PIPESTONE,2020,DEMOCRAT,JOSEPH R BIDEN JR,1306,GREEN,OTHER,12,LIBERTARIAN,JO JORGENSEN,25,OTHER,OTHER,44,REPUBLICAN,DONALD J TRUMP,3553,
POLK,2000,DEMOCRAT,AL GORE,5764,REPUBLICAN,GEORGE W. BUSH,7609,GREEN,RALPH NADER,369,OTHER,OTHER,398,
POLK,2004,DEMOCRAT,JOHN KERRY,6729,REPUBLICAN,GEORGE W. BUSH,8724,OTHER,OTHER,215,
POLK,2008,DEMOCRAT,BARACK OBAMA,7850,REPUBLICAN,JOHN MCCAIN,7148,OTHER,OTHER,336,
POLK,2012,DEMOCRAT,BARACK OBAMA,6773,REPUBLICAN,MITT ROMNEY,7615,OTHER,OTHER,305,
POLK,2016,DEMOCRAT,HILLARY CLINTON,4712,REPUBLICAN,DONALD TRUMP,8979,OTHER,OTHER,1105,
POLK,2020,DEMOCRAT,JOSEPH R BIDEN JR,5439,GREEN,OTHER,29,LIBERTARIAN,JO JORGENSEN,123,OTHER,OTHER,138,REPUBLICAN,DONALD J TRUMP,9865,
POPE,2000,DEMOCRAT,AL GORE,2771,REPUBLICAN,GEORGE W. BUSH,2808,GREEN,RALPH NADER,264,OTHER,OTHER,144,
POPE,2004,DEMOCRAT,JOHN KERRY,3301,REPUBLICAN,GEORGE W. BUSH,3303,OTHER,OTHER,96,
POPE,2008,DEMOCRAT,BARACK OBAMA,3317,REPUBLICAN,JOHN MCCAIN,3069,OTHER,OTHER,150,
POPE,2012,DEMOCRAT,BARACK OBAMA,2981,REPUBLICAN,MITT ROMNEY,3142,OTHER,OTHER,123,
POPE,2016,DEMOCRAT,HILLARY CLINTON,2106,REPUBLICAN,DONALD TRUMP,3793,OTHER,OTHER,420,
POPE,2020,DEMOCRAT,JOSEPH R BIDEN JR,2477,GREEN,OTHER,16,LIBERTARIAN,JO JORGENSEN,56,OTHER,OTHER,56,REPUBLICAN,DONALD J TRUMP,4417,
RAMSEY,2000,DEMOCRAT,AL GORE,138470,REPUBLICAN,GEORGE W. BUSH,87669,GREEN,RALPH NADER,15522,OTHER,OTHER,2617,
RAMSEY,2004,DEMOCRAT,JOHN KERRY,171846,REPUBLICAN,GEORGE W. BUSH,97096,OTHER,OTHER,3635,
RAMSEY,2008,DEMOCRAT,BARACK OBAMA,182974,REPUBLICAN,JOHN MCCAIN,88942,OTHER,OTHER,5470,
RAMSEY,2012,DEMOCRAT,BARACK OBAMA,184938,REPUBLICAN,MITT ROMNEY,86800,OTHER,OTHER,7084,
RAMSEY,2016,DEMOCRAT,HILLARY CLINTON,177738,REPUBLICAN,DONALD TRUMP,70894,OTHER,OTHER,24511,
RAMSEY,2020,DEMOCRAT,JOSEPH R BIDEN JR,211620,GREEN,OTHER,1062,LIBERTARIAN,JO JORGENSEN,2865,OTHER,OTHER,3054,REPUBLICAN,DONALD J TRUMP,77376,
RED LAKE,2000,DEMOCRAT,AL GORE,830,REPUBLICAN,GEORGE W. BUSH,1090,GREEN,RALPH NADER,68,OTHER,OTHER,102,
RED LAKE,2004,DEMOCRAT,JOHN KERRY,963,REPUBLICAN,GEORGE W. BUSH,1164,OTHER,OTHER,49,
RED LAKE,2008,DEMOCRAT,BARACK OBAMA,1120,REPUBLICAN,JOHN MCCAIN,983,OTHER,OTHER,88,
RED LAKE,2012,DEMOCRAT,BARACK OBAMA,928,REPUBLICAN,MITT ROMNEY,978,OTHER,OTHER,69,
RED LAKE,2016,DEMOCRAT,HILLARY CLINTON,540,REPUBLICAN,DONALD TRUMP,1141,OTHER,OTHER,200,
RED LAKE,2020,DEMOCRAT,JOSEPH R BIDEN JR,691,GREEN,OTHER,7,LIBERTARIAN,JO JORGENSEN,18,OTHER,OTHER,26,REPUBLICAN,DONALD J TRUMP,1454,
REDWOOD,2000,DEMOCRAT,AL GORE,2681,REPUBLICAN,GEORGE W. BUSH,4589,GREEN,RALPH NADER,314,OTHER,OTHER,164,
REDWOOD,2004,DEMOCRAT,JOHN KERRY,3104,REPUBLICAN,GEORGE W. BUSH,4898,OTHER,OTHER,137,
REDWOOD,2008,DEMOCRAT,BARACK OBAMA,3250,REPUBLICAN,JOHN MCCAIN,4308,OTHER,OTHER,248,
REDWOOD,2012,DEMOCRAT,BARACK OBAMA,3008,REPUBLICAN,MITT ROMNEY,4570,OTHER,OTHER,212,
REDWOOD,2016,DEMOCRAT,HILLARY CLINTON,1887,REPUBLICAN,DONALD TRUMP,5137,OTHER,OTHER,587,
REDWOOD,2020,DEMOCRAT,JOSEPH R BIDEN JR,2355,GREEN,OTHER,11,LIBERTARIAN,JO JORGENSEN,76,OTHER,OTHER,71,REPUBLICAN,DONALD J TRUMP,5771,
RENVILLE,2000,DEMOCRAT,AL GORE,3533,REPUBLICAN,GEORGE W. BUSH,4036,GREEN,RALPH NADER,355,OTHER,OTHER,198,
RENVILLE,2004,DEMOCRAT,JOHN KERRY,3787,REPUBLICAN,GEORGE W. BUSH,4430,OTHER,OTHER,132,
RENVILLE,2008,DEMOCRAT,BARACK OBAMA,3904,REPUBLICAN,JOHN MCCAIN,3956,OTHER,OTHER,275,
RENVILLE,2012,DEMOCRAT,BARACK OBAMA,3394,REPUBLICAN,MITT ROMNEY,4149,OTHER,OTHER,167,
RENVILLE,2016,DEMOCRAT,HILLARY CLINTON,2117,REPUBLICAN,DONALD TRUMP,4890,OTHER,OTHER,599,
RENVILLE,2020,DEMOCRAT,JOSEPH R BIDEN JR,2496,GREEN,OTHER,19,LIBERTARIAN,JO JORGENSEN,68,OTHER,OTHER,78,REPUBLICAN,DONALD J TRUMP,5467,
RICE,2000,DEMOCRAT,AL GORE,13140,REPUBLICAN,GEORGE W. BUSH,10876,GREEN,RALPH NADER,1639,OTHER,OTHER,366,
RICE,2004,DEMOCRAT,JOHN KERRY,16425,REPUBLICAN,GEORGE W. BUSH,13881,OTHER,OTHER,439,
RICE,2008,DEMOCRAT,BARACK OBAMA,17381,REPUBLICAN,JOHN MCCAIN,13723,OTHER,OTHER,695,
RICE,2012,DEMOCRAT,BARACK OBAMA,17054,REPUBLICAN,MITT ROMNEY,14384,OTHER,OTHER,829,
RICE,2016,DEMOCRAT,HILLARY CLINTON,14437,REPUBLICAN,DONALD TRUMP,15429,OTHER,OTHER,2577,
RICE,2020,DEMOCRAT,JOSEPH R BIDEN JR,17402,GREEN,OTHER,115,LIBERTARIAN,JO JORGENSEN,372,OTHER,OTHER,333,REPUBLICAN,DONALD J TRUMP,17464,
ROCK,2000,DEMOCRAT,AL GORE,2081,REPUBLICAN,GEORGE W. BUSH,2772,GREEN,RALPH NADER,116,OTHER,OTHER,41,
ROCK,2004,DEMOCRAT,JOHN KERRY,2000,REPUBLICAN,GEORGE W. BUSH,3111,OTHER,OTHER,80,
ROCK,2008,DEMOCRAT,BARACK OBAMA,2079,REPUBLICAN,JOHN MCCAIN,2775,OTHER,OTHER,121,
ROCK,2012,DEMOCRAT,BARACK OBAMA,1946,REPUBLICAN,MITT ROMNEY,2810,OTHER,OTHER,90,
ROCK,2016,DEMOCRAT,HILLARY CLINTON,1373,REPUBLICAN,DONALD TRUMP,3091,OTHER,OTHER,375,
ROCK,2020,DEMOCRAT,JOSEPH R BIDEN JR,1556,GREEN,OTHER,13,LIBERTARIAN,JO JORGENSEN,35,OTHER,OTHER,53,REPUBLICAN,DONALD J TRUMP,3583,
ROSEAU,2000,DEMOCRAT,AL GORE,2128,REPUBLICAN,GEORGE W. BUSH,4695,GREEN,RALPH NADER,176,OTHER,OTHER,167,
ROSEAU,2004,DEMOCRAT,JOHN KERRY,2442,REPUBLICAN,GEORGE W. BUSH,5355,OTHER,OTHER,114,
ROSEAU,2008,DEMOCRAT,BARACK OBAMA,3097,REPUBLICAN,JOHN MCCAIN,4438,OTHER,OTHER,165,
ROSEAU,2012,DEMOCRAT,BARACK OBAMA,2772,REPUBLICAN,MITT ROMNEY,4409,OTHER,OTHER,171,
ROSEAU,2016,DEMOCRAT,HILLARY CLINTON,1856,REPUBLICAN,DONALD TRUMP,5451,OTHER,OTHER,497,
ROSEAU,2020,DEMOCRAT,JOSEPH R BIDEN JR,2188,GREEN,OTHER,18,LIBERTARIAN,JO JORGENSEN,81,OTHER,OTHER,69,REPUBLICAN,DONALD J TRUMP,6065,
SAINT LOUIS,2000,DEMOCRAT,AL GORE,64237,REPUBLICAN,GEORGE W. BUSH,35420,GREEN,RALPH NADER,6290,OTHER,OTHER,1517,
SAINT LOUIS,2004,DEMOCRAT,JOHN KERRY,77694,REPUBLICAN,GEORGE W. BUSH,39866,OTHER,OTHER,1481,
SAINT LOUIS,2008,DEMOCRAT,BARACK OBAMA,77351,REPUBLICAN,JOHN MCCAIN,38742,OTHER,OTHER,2721,
SAINT LOUIS,2012,DEMOCRAT,BARACK OBAMA,73378,REPUBLICAN,MITT ROMNEY,39131,OTHER,OTHER,3085,
SAINT LOUIS,2016,DEMOCRAT,HILLARY CLINTON,57771,REPUBLICAN,DONALD TRUMP,44630,OTHER,OTHER,10021,
SAINT LOUIS,2020,DEMOCRAT,JOSEPH R BIDEN JR,67704,GREEN,OTHER,396,LIBERTARIAN,JO JORGENSEN,1388,OTHER,OTHER,1026,REPUBLICAN,DONALD J TRUMP,49017,
SCOTT,2000,DEMOCRAT,AL GORE,17503,REPUBLICAN,GEORGE W. BUSH,23954,GREEN,RALPH NADER,1829,OTHER,OTHER,507,
SCOTT,2004,DEMOCRAT,JOHN KERRY,23958,REPUBLICAN,GEORGE W. BUSH,36055,OTHER,OTHER,626,
SCOTT,2008,DEMOCRAT,BARACK OBAMA,29208,REPUBLICAN,JOHN MCCAIN,36724,OTHER,OTHER,1200,
SCOTT,2012,DEMOCRAT,BARACK OBAMA,29712,REPUBLICAN,MITT ROMNEY,40323,OTHER,OTHER,1612,
SCOTT,2016,DEMOCRAT,HILLARY CLINTON,28502,REPUBLICAN,DONALD TRUMP,39948,OTHER,OTHER,6579,
SCOTT,2020,DEMOCRAT,JOSEPH R BIDEN JR,40040,GREEN,OTHER,240,LIBERTARIAN,JO JORGENSEN,1048,OTHER,OTHER,765,REPUBLICAN,DONALD J TRUMP,45872,
SHERBURNE,2000,DEMOCRAT,AL GORE,12109,REPUBLICAN,GEORGE W. BUSH,16813,GREEN,RALPH NADER,1501,OTHER,OTHER,412,
SHERBURNE,2004,DEMOCRAT,JOHN KERRY,15816,REPUBLICAN,GEORGE W. BUSH,25182,OTHER,OTHER,456,
SHERBURNE,2008,DEMOCRAT,BARACK OBAMA,17957,REPUBLICAN,JOHN MCCAIN,26140,OTHER,OTHER,893,
SHERBURNE,2012,DEMOCRAT,BARACK OBAMA,17597,REPUBLICAN,MITT ROMNEY,27848,OTHER,OTHER,1064,
SHERBURNE,2016,DEMOCRAT,HILLARY CLINTON,13293,REPUBLICAN,DONALD TRUMP,31053,OTHER,OTHER,3937,
SHERBURNE,2020,DEMOCRAT,JOSEPH R BIDEN JR,18065,GREEN,OTHER,153,LIBERTARIAN,JO JORGENSEN,734,OTHER,OTHER,438,REPUBLICAN,DONALD J TRUMP,36222,
SIBLEY,2000,DEMOCRAT,AL GORE,2687,REPUBLICAN,GEORGE W. BUSH,4087,GREEN,RALPH NADER,361,OTHER,OTHER,200,
SIBLEY,2004,DEMOCRAT,JOHN KERRY,3109,REPUBLICAN,GEORGE W. BUSH,4669,OTHER,OTHER,171,
SIBLEY,2008,DEMOCRAT,BARACK OBAMA,2998,REPUBLICAN,JOHN MCCAIN,4492,OTHER,OTHER,239,
SIBLEY,2012,DEMOCRAT,BARACK OBAMA,2916,REPUBLICAN,MITT ROMNEY,4693,OTHER,OTHER,206,
SIBLEY,2016,DEMOCRAT,HILLARY CLINTON,1954,REPUBLICAN,DONALD TRUMP,5193,OTHER,OTHER,627,
SIBLEY,2020,DEMOCRAT,JOSEPH R BIDEN JR,2417,GREEN,OTHER,22,LIBERTARIAN,JO JORGENSEN,71,OTHER,OTHER,78,REPUBLICAN,DONALD J TRUMP,5864,
STEARNS,2000,DEMOCRAT,AL GORE,24800,REPUBLICAN,GEORGE W. BUSH,32402,GREEN,RALPH NADER,3820,OTHER,OTHER,1454,
STEARNS,2004,DEMOCRAT,JOHN KERRY,32659,REPUBLICAN,GEORGE W. BUSH,41726,OTHER,OTHER,1192,
STEARNS,2008,DEMOCRAT,BARACK OBAMA,35690,REPUBLICAN,JOHN MCCAIN,41194,OTHER,OTHER,1872,
STEARNS,2012,DEMOCRAT,BARACK OBAMA,33551,REPUBLICAN,MITT ROMNEY,43015,OTHER,OTHER,1911,
STEARNS,2016,DEMOCRAT,HILLARY CLINTON,25576,REPUBLICAN,DONALD TRUMP,47617,OTHER,OTHER,6399,
STEARNS,2020,DEMOCRAT,JOSEPH R BIDEN JR,31879,GREEN,OTHER,275,LIBERTARIAN,JO JORGENSEN,1036,OTHER,OTHER,686,REPUBLICAN,DONALD J TRUMP,50959,
STEELE,2000,DEMOCRAT,AL GORE,6900,REPUBLICAN,GEORGE W. BUSH,8223,GREEN,RALPH NADER,697,OTHER,OTHER,246,
STEELE,2004,DEMOCRAT,JOHN KERRY,7994,REPUBLICAN,GEORGE W. BUSH,10389,OTHER,OTHER,312,
STEELE,2008,DEMOCRAT,BARACK OBAMA,9016,REPUBLICAN,JOHN MCCAIN,10068,OTHER,OTHER,572,
STEELE,2012,DEMOCRAT,BARACK OBAMA,8706,REPUBLICAN,MITT ROMNEY,9903,OTHER,OTHER,515,
STEELE,2016,DEMOCRAT,HILLARY CLINTON,6241,REPUBLICAN,DONALD TRUMP,11198,OTHER,OTHER,1740,
STEELE,2020,DEMOCRAT,JOSEPH R BIDEN JR,7917,GREEN,OTHER,69,LIBERTARIAN,JO JORGENSEN,278,OTHER,OTHER,208,REPUBLICAN,DONALD J TRUMP,12656,
STEVENS,2000,DEMOCRAT,AL GORE,2434,REPUBLICAN,GEORGE W. BUSH,2831,GREEN,RALPH NADER,393,OTHER,OTHER,94,
STEVENS,2004,DEMOCRAT,JOHN KERRY,2821,REPUBLICAN,GEORGE W. BUSH,3030,OTHER,OTHER,98,
STEVENS,2008,DEMOCRAT,BARACK OBAMA,2781,REPUBLICAN,JOHN MCCAIN,2710,OTHER,OTHER,143,
STEVENS,2012,DEMOCRAT,BARACK OBAMA,2742,REPUBLICAN,MITT ROMNEY,2766,OTHER,OTHER,144,
STEVENS,2016,DEMOCRAT,HILLARY CLINTON,2116,REPUBLICAN,DONALD TRUMP,2799,OTHER,OTHER,483,
STEVENS,2020,DEMOCRAT,JOSEPH R BIDEN JR,1922,GREEN,OTHER,18,LIBERTARIAN,JO JORGENSEN,44,OTHER,OTHER,57,REPUBLICAN,DONALD J TRUMP,3044,
SWIFT,2000,DEMOCRAT,AL GORE,2698,REPUBLICAN,GEORGE W. BUSH,2376,GREEN,RALPH NADER,218,OTHER,OTHER,145,
SWIFT,2004,DEMOCRAT,JOHN KERRY,3165,REPUBLICAN,GEORGE W. BUSH,2481,OTHER,OTHER,89,
SWIFT,2008,DEMOCRAT,BARACK OBAMA,2907,REPUBLICAN,JOHN MCCAIN,2184,OTHER,OTHER,153,
SWIFT,2012,DEMOCRAT,BARACK OBAMA,2751,REPUBLICAN,MITT ROMNEY,2248,OTHER,OTHER,120,
SWIFT,2016,DEMOCRAT,HILLARY CLINTON,1686,REPUBLICAN,DONALD TRUMP,2963,OTHER,OTHER,345,
SWIFT,2020,DEMOCRAT,JOSEPH R BIDEN JR,1784,GREEN,OTHER,11,LIBERTARIAN,JO JORGENSEN,42,OTHER,OTHER,40,REPUBLICAN,DONALD J TRUMP,3316,
TODD,2000,DEMOCRAT,AL GORE,4132,REPUBLICAN,GEORGE W. BUSH,6031,GREEN,RALPH NADER,485,OTHER,OTHER,444,
TODD,2004,DEMOCRAT,JOHN KERRY,5034,REPUBLICAN,GEORGE W. BUSH,6945,OTHER,OTHER,235,
TODD,2008,DEMOCRAT,BARACK OBAMA,5277,REPUBLICAN,JOHN MCCAIN,6637,OTHER,OTHER,343,
TODD,2012,DEMOCRAT,BARACK OBAMA,4819,REPUBLICAN,MITT ROMNEY,6719,OTHER,OTHER,265,
TODD,2016,DEMOCRAT,HILLARY CLINTON,2783,REPUBLICAN,DONALD TRUMP,8485,OTHER,OTHER,725,
TODD,2020,DEMOCRAT,JOSEPH R BIDEN JR,3286,GREEN,OTHER,23,LIBERTARIAN,JO JORGENSEN,85,OTHER,OTHER,110,REPUBLICAN,DONALD J TRUMP,9753,
TRAVERSE,2000,DEMOCRAT,AL GORE,884,REPUBLICAN,GEORGE W. BUSH,1074,GREEN,RALPH NADER,86,OTHER,OTHER,62,
TRAVERSE,2004,DEMOCRAT,JOHN KERRY,1026,REPUBLICAN,GEORGE W. BUSH,1076,OTHER,OTHER,39,
TRAVERSE,2008,DEMOCRAT,BARACK OBAMA,1043,REPUBLICAN,JOHN MCCAIN,933,OTHER,OTHER,59,
TRAVERSE,2012,DEMOCRAT,BARACK OBAMA,943,REPUBLICAN,MITT ROMNEY,861,OTHER,OTHER,43,
TRAVERSE,2016,DEMOCRAT,HILLARY CLINTON,630,REPUBLICAN,DONALD TRUMP,1049,OTHER,OTHER,119,
TRAVERSE,2020,DEMOCRAT,JOSEPH R BIDEN JR,661,GREEN,OTHER,5,LIBERTARIAN,JO JORGENSEN,12,OTHER,OTHER,14,REPUBLICAN,DONALD J TRUMP,1172,
WABASHA,2000,DEMOCRAT,AL GORE,4522,REPUBLICAN,GEORGE W. BUSH,5245,GREEN,RALPH NADER,571,OTHER,OTHER,193,
WABASHA,2004,DEMOCRAT,JOHN KERRY,5548,REPUBLICAN,GEORGE W. BUSH,6120,OTHER,OTHER,167,
WABASHA,2008,DEMOCRAT,BARACK OBAMA,5646,REPUBLICAN,JOHN MCCAIN,5935,OTHER,OTHER,312,
WABASHA,2012,DEMOCRAT,BARACK OBAMA,5415,REPUBLICAN,MITT ROMNEY,6049,OTHER,OTHER,299,
WABASHA,2016,DEMOCRAT,HILLARY CLINTON,3866,REPUBLICAN,DONALD TRUMP,6989,OTHER,OTHER,977,
WABASHA,2020,DEMOCRAT,JOSEPH R BIDEN JR,4696,GREEN,OTHER,33,LIBERTARIAN,JO JORGENSEN,133,OTHER,OTHER,108,REPUBLICAN,DONALD J TRUMP,8153,
WADENA,2000,DEMOCRAT,AL GORE,2251,REPUBLICAN,GEORGE W. BUSH,3733,GREEN,RALPH NADER,253,OTHER,OTHER,145,
WADENA,2004,DEMOCRAT,JOHN KERRY,2791,REPUBLICAN,GEORGE W. BUSH,4214,OTHER,OTHER,88,
WADENA,2008,DEMOCRAT,BARACK OBAMA,2882,REPUBLICAN,JOHN MCCAIN,4128,OTHER,OTHER,159,
WADENA,2012,DEMOCRAT,BARACK OBAMA,2492,REPUBLICAN,MITT ROMNEY,4143,OTHER,OTHER,156,
WADENA,2016,DEMOCRAT,HILLARY CLINTON,1684,REPUBLICAN,DONALD TRUMP,4837,OTHER,OTHER,413,
WADENA,2020,DEMOCRAT,JOSEPH R BIDEN JR,2023,GREEN,OTHER,14,LIBERTARIAN,JO JORGENSEN,54,OTHER,OTHER,66,REPUBLICAN,DONALD J TRUMP,5520,
WASECA,2000,DEMOCRAT,AL GORE,3694,REPUBLICAN,GEORGE W. BUSH,4608,GREEN,RALPH NADER,398,OTHER,OTHER,164,
WASECA,2004,DEMOCRAT,JOHN KERRY,4179,REPUBLICAN,GEORGE W. BUSH,5457,OTHER,OTHER,164,
WASECA,2008,DEMOCRAT,BARACK OBAMA,4401,REPUBLICAN,JOHN MCCAIN,5211,OTHER,OTHER,276,
WASECA,2012,DEMOCRAT,BARACK OBAMA,4370,REPUBLICAN,MITT ROMNEY,5116,OTHER,OTHER,261,
WASECA,2016,DEMOCRAT,HILLARY CLINTON,2838,REPUBLICAN,DONALD TRUMP,5967,OTHER,OTHER,848,
WASECA,2020,DEMOCRAT,JOSEPH R BIDEN JR,3496,GREEN,OTHER,34,LIBERTARIAN,JO JORGENSEN,123,OTHER,OTHER,112,REPUBLICAN,DONALD J TRUMP,6624,
WASHINGTON,2000,DEMOCRAT,AL GORE,49637,REPUBLICAN,GEORGE W. BUSH,51502,GREEN,RALPH NADER,4891,OTHER,OTHER,979,
WASHINGTON,2004,DEMOCRAT,JOHN KERRY,61395,REPUBLICAN,GEORGE W. BUSH,65751,OTHER,OTHER,1303,
WASHINGTON,2008,DEMOCRAT,BARACK OBAMA,70277,REPUBLICAN,JOHN MCCAIN,64334,OTHER,OTHER,2448,
WASHINGTON,2012,DEMOCRAT,BARACK OBAMA,70203,REPUBLICAN,MITT ROMNEY,69137,OTHER,OTHER,2793,
WASHINGTON,2016,DEMOCRAT,HILLARY CLINTON,67086,REPUBLICAN,DONALD TRUMP,64428,OTHER,OTHER,12721,
WASHINGTON,2020,DEMOCRAT,JOSEPH R BIDEN JR,89165,GREEN,OTHER,477,LIBERTARIAN,JO JORGENSEN,1895,OTHER,OTHER,1485,REPUBLICAN,DONALD J TRUMP,73764,
WATONWAN,2000,DEMOCRAT,AL GORE,2258,REPUBLICAN,GEORGE W. BUSH,2562,GREEN,RALPH NADER,212,OTHER,OTHER,102,
WATONWAN,2004,DEMOCRAT,JOHN KERRY,2514,REPUBLICAN,GEORGE W. BUSH,2970,OTHER,OTHER,99,
WATONWAN,2008,DEMOCRAT,BARACK OBAMA,2562,REPUBLICAN,JOHN MCCAIN,2526,OTHER,OTHER,170,
WATONWAN,2012,DEMOCRAT,BARACK OBAMA,2494,REPUBLICAN,MITT ROMNEY,2517,OTHER,OTHER,133,
WATONWAN,2016,DEMOCRAT,HILLARY CLINTON,1814,REPUBLICAN,DONALD TRUMP,2768,OTHER,OTHER,416,
WATONWAN,2020,DEMOCRAT,JOSEPH R BIDEN JR,1987,GREEN,OTHER,16,LIBERTARIAN,JO JORGENSEN,28,OTHER,OTHER,67,REPUBLICAN,DONALD J TRUMP,3103,
WILKIN,2000,DEMOCRAT,AL GORE,1046,REPUBLICAN,GEORGE W. BUSH,2032,GREEN,RALPH NADER,77,OTHER,OTHER,150,
WILKIN,2004,DEMOCRAT,JOHN KERRY,1169,REPUBLICAN,GEORGE W. BUSH,2303,OTHER,OTHER,55,
WILKIN,2008,DEMOCRAT,BARACK OBAMA,1550,REPUBLICAN,JOHN MCCAIN,1786,OTHER,OTHER,78,
WILKIN,2012,DEMOCRAT,BARACK OBAMA,1258,REPUBLICAN,MITT ROMNEY,1884,OTHER,OTHER,80,
WILKIN,2016,DEMOCRAT,HILLARY CLINTON,893,REPUBLICAN,DONALD TRUMP,2129,OTHER,OTHER,280,
WILKIN,2020,DEMOCRAT,JOSEPH R BIDEN JR,1026,GREEN,OTHER,5,LIBERTARIAN,JO JORGENSEN,41,OTHER,OTHER,30,REPUBLICAN,DONALD J TRUMP,2328,
WINONA,2000,DEMOCRAT,AL GORE,11069,REPUBLICAN,GEORGE W. BUSH,10773,GREEN,RALPH NADER,1750,OTHER,OTHER,326,
WINONA,2004,DEMOCRAT,JOHN KERRY,14231,REPUBLICAN,GEORGE W. BUSH,12686,OTHER,OTHER,489,
WINONA,2008,DEMOCRAT,BARACK OBAMA,16308,REPUBLICAN,JOHN MCCAIN,10975,OTHER,OTHER,652,
WINONA,2012,DEMOCRAT,BARACK OBAMA,14980,REPUBLICAN,MITT ROMNEY,11480,OTHER,OTHER,772,
WINONA,2016,DEMOCRAT,HILLARY CLINTON,11366,REPUBLICAN,DONALD TRUMP,12122,OTHER,OTHER,2586,
WINONA,2020,DEMOCRAT,JOSEPH R BIDEN JR,13333,GREEN,OTHER,80,LIBERTARIAN,JO JORGENSEN,272,OTHER,OTHER,261,REPUBLICAN,DONALD J TRUMP,13227,
WRIGHT,2000,DEMOCRAT,AL GORE,16762,REPUBLICAN,GEORGE W. BUSH,23861,GREEN,RALPH NADER,1977,OTHER,OTHER,766,
WRIGHT,2004,DEMOCRAT,JOHN KERRY,22618,REPUBLICAN,GEORGE W. BUSH,36176,OTHER,OTHER,740,
WRIGHT,2008,DEMOCRAT,BARACK OBAMA,26343,REPUBLICAN,JOHN MCCAIN,37779,OTHER,OTHER,1456,
WRIGHT,2012,DEMOCRAT,BARACK OBAMA,25741,REPUBLICAN,MITT ROMNEY,40466,OTHER,OTHER,1609,
WRIGHT,2016,DEMOCRAT,HILLARY CLINTON,20334,REPUBLICAN,DONALD TRUMP,43274,OTHER,OTHER,6010,
WRIGHT,2020,DEMOCRAT,JOSEPH R BIDEN JR,28430,GREEN,OTHER,273,LIBERTARIAN,JO JORGENSEN,992,OTHER,OTHER,758,REPUBLICAN,DONALD J TRUMP,51973,
YELLOW MEDICINE,2000,DEMOCRAT,AL GORE,2528,REPUBLICAN,GEORGE W. BUSH,2598,GREEN,RALPH NADER,232,OTHER,OTHER,157,
YELLOW MEDICINE,2004,DEMOCRAT,JOHN KERRY,2799,REPUBLICAN,GEORGE W. BUSH,2878,OTHER,OTHER,81,
YELLOW MEDICINE,2008,DEMOCRAT,BARACK OBAMA,2816,REPUBLICAN,JOHN MCCAIN,2579,OTHER,OTHER,174,
YELLOW MEDICINE,2012,DEMOCRAT,BARACK OBAMA,2465,REPUBLICAN,MITT ROMNEY,2806,OTHER,OTHER,143,
YELLOW MEDICINE,2016,DEMOCRAT,HILLARY CLINTON,1524,REPUBLICAN,DONALD TRUMP,3382,OTHER,OTHER,370,
YELLOW MEDICINE,2020,DEMOCRAT,JOSEPH R BIDEN JR,1688,GREEN,OTHER,11,LIBERTARIAN,JO JORGENSEN,45,OTHER,OTHER,50,REPUBLICAN,DONALD J TRUMP,3734,
