ADAIR,2000,DEMOCRAT,AL GORE,4101,REPUBLICAN,GEORGE W. BUSH,6050,GREEN,RALPH NADER,301,OTHER,OTHER,100,
ADAIR,2004,DEMOCRAT,JOHN KERRY,4938,REPUBLICAN,GEORGE W. BUSH,6367,OTHER,OTHER,99,
ADAIR,2008,DEMOCRAT,BARACK OBAMA,5735,REPUBLICAN,JOHN MCCAIN,5891,OTHER,OTHER,245,
ADAIR,2012,DEMOCRAT,BARACK OBAMA,4219,REPUBLICAN,MITT ROMNEY,5651,OTHER,OTHER,256,
ADAIR,2016,DEMOCRAT,HILLARY CLINTON,3500,REPUBLICAN,DONALD TRUMP,6030,OTHER,OTHER,696,
ADAIR,2020,DEMOCRAT,JOSEPH R BIDEN JR,3710,GREEN,OTHER,43,LIBERTARIAN,JO JORGENSEN,157,OTHER,OTHER,13,REPUBLICAN,DONALD J TRUMP,6413,
ANDREW,2000,DEMOCRAT,AL GORE,2795,REPUBLICAN,GEORGE W. BUSH,4257,GREEN,RALPH NADER,128,OTHER,OTHER,94,
ANDREW,2004,DEMOCRAT,JOHN KERRY,3069,REPUBLICAN,GEORGE W. BUSH,5135,OTHER,OTHER,62,
ANDREW,2008,DEMOCRAT,BARACK OBAMA,3345,REPUBLICAN,JOHN MCCAIN,5279,OTHER,OTHER,166,
ANDREW,2012,DEMOCRAT,BARACK OBAMA,2649,REPUBLICAN,MITT ROMNEY,5457,OTHER,OTHER,200,
ANDREW,2016,DEMOCRAT,HILLARY CLINTON,2045,REPUBLICAN,DONALD TRUMP,6665,OTHER,OTHER,430,
ANDREW,2020,DEMOCRAT,JOSEPH R BIDEN JR,2351,GREEN,OTHER,19,LIBERTARIAN,JO JORGENSEN,120,OTHER,OTHER,7,REPUBLICAN,DONALD J TRUMP,7255,
ATCHISON,2000,DEMOCRAT,AL GORE,1013,REPUBLICAN,GEORGE W. BUSH,1798,GREEN,RALPH NADER,35,OTHER,OTHER,25,
ATCHISON,2004,DEMOCRAT,JOHN KERRY,1005,REPUBLICAN,GEORGE W. BUSH,2137,OTHER,OTHER,14,
ATCHISON,2008,DEMOCRAT,BARACK OBAMA,1000,REPUBLICAN,JOHN MCCAIN,1936,OTHER,OTHER,40,
ATCHISON,2012,DEMOCRAT,BARACK OBAMA,756,REPUBLICAN,MITT ROMNEY,1902,OTHER,OTHER,51,
ATCHISON,2016,DEMOCRAT,HILLARY CLINTON,541,REPUBLICAN,DONALD TRUMP,2060,OTHER,OTHER,123,
ATCHISON,2020,DEMOCRAT,JOSEPH R BIDEN JR,564,GREEN,OTHER,3,LIBERTARIAN,JO JORGENSEN,47,OTHER,OTHER,1,REPUBLICAN,DONALD J TRUMP,2199,
AUDRAIN,2000,DEMOCRAT,AL GORE,4551,REPUBLICAN,GEORGE W. BUSH,5256,GREEN,RALPH NADER,113,OTHER,OTHER,65,
AUDRAIN,2004,DEMOCRAT,JOHN KERRY,4318,REPUBLICAN,GEORGE W. BUSH,6294,OTHER,OTHER,71,
AUDRAIN,2008,DEMOCRAT,BARACK OBAMA,4434,REPUBLICAN,JOHN MCCAIN,6167,OTHER,OTHER,180,
AUDRAIN,2012,DEMOCRAT,BARACK OBAMA,3539,REPUBLICAN,MITT ROMNEY,6186,OTHER,OTHER,227,
AUDRAIN,2016,DEMOCRAT,HILLARY CLINTON,2570,REPUBLICAN,DONALD TRUMP,6981,OTHER,OTHER,510,
AUDRAIN,2020,DEMOCRAT,JOSEPH R BIDEN JR,2704,GREEN,OTHER,32,LIBERTARIAN,JO JORGENSEN,175,OTHER,OTHER,13,REPUBLICAN,DONALD J TRUMP,7732,
BARRY,2000,DEMOCRAT,AL GORE,4135,REPUBLICAN,GEORGE W. BUSH,7885,GREEN,RALPH NADER,193,OTHER,OTHER,155,
BARRY,2004,DEMOCRAT,JOHN KERRY,4223,REPUBLICAN,GEORGE W. BUSH,9599,OTHER,OTHER,105,
BARRY,2008,DEMOCRAT,BARACK OBAMA,4630,REPUBLICAN,JOHN MCCAIN,9758,OTHER,OTHER,256,
BARRY,2012,DEMOCRAT,BARACK OBAMA,3667,REPUBLICAN,MITT ROMNEY,9832,OTHER,OTHER,307,
BARRY,2016,DEMOCRAT,HILLARY CLINTON,2710,REPUBLICAN,DONALD TRUMP,11428,OTHER,OTHER,467,
BARRY,2020,DEMOCRAT,JOSEPH R BIDEN JR,2948,GREEN,OTHER,27,LIBERTARIAN,JO JORGENSEN,180,OTHER,OTHER,18,REPUBLICAN,DONALD J TRUMP,12425,
BARTON,2000,DEMOCRAT,AL GORE,1424,REPUBLICAN,GEORGE W. BUSH,3836,GREEN,RALPH NADER,75,OTHER,OTHER,31,
BARTON,2004,DEMOCRAT,JOHN KERRY,1373,REPUBLICAN,GEORGE W. BUSH,4572,OTHER,OTHER,46,
BARTON,2008,DEMOCRAT,BARACK OBAMA,1455,REPUBLICAN,JOHN MCCAIN,4414,OTHER,OTHER,79,
BARTON,2012,DEMOCRAT,BARACK OBAMA,1230,REPUBLICAN,MITT ROMNEY,4418,OTHER,OTHER,98,
BARTON,2016,DEMOCRAT,HILLARY CLINTON,795,REPUBLICAN,DONALD TRUMP,4959,OTHER,OTHER,185,
BARTON,2020,DEMOCRAT,JOSEPH R BIDEN JR,844,GREEN,OTHER,13,LIBERTARIAN,JO JORGENSEN,47,OTHER,OTHER,5,REPUBLICAN,DONALD J TRUMP,5168,
BATES,2000,DEMOCRAT,AL GORE,3386,REPUBLICAN,GEORGE W. BUSH,4245,GREEN,RALPH NADER,84,OTHER,OTHER,77,
BATES,2004,DEMOCRAT,JOHN KERRY,3398,REPUBLICAN,GEORGE W. BUSH,5004,OTHER,OTHER,64,
BATES,2008,DEMOCRAT,BARACK OBAMA,3271,REPUBLICAN,JOHN MCCAIN,4833,OTHER,OTHER,179,
BATES,2012,DEMOCRAT,BARACK OBAMA,2557,REPUBLICAN,MITT ROMNEY,5020,OTHER,OTHER,194,
BATES,2016,DEMOCRAT,HILLARY CLINTON,1618,REPUBLICAN,DONALD TRUMP,6001,OTHER,OTHER,404,
BATES,2020,DEMOCRAT,JOSEPH R BIDEN JR,1672,GREEN,OTHER,14,LIBERTARIAN,JO JORGENSEN,120,OTHER,OTHER,13,REPUBLICAN,DONALD J TRUMP,6597,
BENTON,2000,DEMOCRAT,AL GORE,3150,REPUBLICAN,GEORGE W. BUSH,4218,GREEN,RALPH NADER,97,OTHER,OTHER,69,
BENTON,2004,DEMOCRAT,JOHN KERRY,3381,REPUBLICAN,GEORGE W. BUSH,5575,OTHER,OTHER,53,
BENTON,2008,DEMOCRAT,BARACK OBAMA,3629,REPUBLICAN,JOHN MCCAIN,5759,OTHER,OTHER,179,
BENTON,2012,DEMOCRAT,BARACK OBAMA,2925,REPUBLICAN,MITT ROMNEY,6069,OTHER,OTHER,163,
BENTON,2016,DEMOCRAT,HILLARY CLINTON,2025,REPUBLICAN,DONALD TRUMP,7213,OTHER,OTHER,74,
BENTON,2020,DEMOCRAT,JOSEPH R BIDEN JR,2180,GREEN,OTHER,22,LIBERTARIAN,JO JORGENSEN,152,OTHER,OTHER,13,REPUBLICAN,DONALD J TRUMP,8109,
BOLLINGER,2000,DEMOCRAT,AL GORE,1692,REPUBLICAN,GEORGE W. BUSH,3487,GREEN,RALPH NADER,41,OTHER,OTHER,74,
BOLLINGER,2004,DEMOCRAT,JOHN KERRY,1754,REPUBLICAN,GEORGE W. BUSH,4102,OTHER,OTHER,39,
BOLLINGER,2008,DEMOCRAT,BARACK OBAMA,1690,REPUBLICAN,JOHN MCCAIN,3972,OTHER,OTHER,122,
BOLLINGER,2012,DEMOCRAT,BARACK OBAMA,1213,REPUBLICAN,MITT ROMNEY,4095,OTHER,OTHER,148,
BOLLINGER,2016,DEMOCRAT,HILLARY CLINTON,705,REPUBLICAN,DONALD TRUMP,4827,OTHER,OTHER,144,
BOLLINGER,2020,DEMOCRAT,JOSEPH R BIDEN JR,750,GREEN,OTHER,13,LIBERTARIAN,JO JORGENSEN,51,OTHER,OTHER,2,REPUBLICAN,DONALD J TRUMP,5167,
BOONE,2000,DEMOCRAT,AL GORE,28811,REPUBLICAN,GEORGE W. BUSH,28426,GREEN,RALPH NADER,1894,OTHER,OTHER,478,
BOONE,2004,DEMOCRAT,JOHN KERRY,37643,REPUBLICAN,GEORGE W. BUSH,37801,OTHER,OTHER,602,
BOONE,2008,DEMOCRAT,BARACK OBAMA,47062,REPUBLICAN,JOHN MCCAIN,36849,OTHER,OTHER,1340,
BOONE,2012,DEMOCRAT,BARACK OBAMA,39847,REPUBLICAN,MITT ROMNEY,37404,OTHER,OTHER,2171,
BOONE,2016,DEMOCRAT,HILLARY CLINTON,41125,REPUBLICAN,DONALD TRUMP,36200,OTHER,OTHER,6543,
BOONE,2020,DEMOCRAT,JOSEPH R BIDEN JR,50064,GREEN,OTHER,349,LIBERTARIAN,JO JORGENSEN,1968,OTHER,OTHER,141,REPUBLICAN,DONALD J TRUMP,38646,
BUCHANAN,2000,DEMOCRAT,AL GORE,17085,REPUBLICAN,GEORGE W. BUSH,16423,GREEN,RALPH NADER,776,OTHER,OTHER,467,
BUCHANAN,2004,DEMOCRAT,JOHN KERRY,17799,REPUBLICAN,GEORGE W. BUSH,19812,OTHER,OTHER,339,
BUCHANAN,2008,DEMOCRAT,BARACK OBAMA,19164,REPUBLICAN,JOHN MCCAIN,19110,OTHER,OTHER,766,
BUCHANAN,2012,DEMOCRAT,BARACK OBAMA,15594,REPUBLICAN,MITT ROMNEY,18660,OTHER,OTHER,852,
BUCHANAN,2016,DEMOCRAT,HILLARY CLINTON,12013,REPUBLICAN,DONALD TRUMP,21320,OTHER,OTHER,2326,
BUCHANAN,2020,DEMOCRAT,JOSEPH R BIDEN JR,13445,GREEN,OTHER,127,LIBERTARIAN,JO JORGENSEN,529,OTHER,OTHER,47,REPUBLICAN,DONALD J TRUMP,22450,
BUTLER,2000,DEMOCRAT,AL GORE,4996,REPUBLICAN,GEORGE W. BUSH,9111,GREEN,RALPH NADER,149,OTHER,OTHER,141,
BUTLER,2004,DEMOCRAT,JOHN KERRY,4666,REPUBLICAN,GEORGE W. BUSH,11696,OTHER,OTHER,79,
BUTLER,2008,DEMOCRAT,BARACK OBAMA,5316,REPUBLICAN,JOHN MCCAIN,11805,OTHER,OTHER,217,
BUTLER,2012,DEMOCRAT,BARACK OBAMA,4363,REPUBLICAN,MITT ROMNEY,12248,OTHER,OTHER,278,
BUTLER,2016,DEMOCRAT,HILLARY CLINTON,3036,REPUBLICAN,DONALD TRUMP,13650,OTHER,OTHER,573,
BUTLER,2020,DEMOCRAT,JOSEPH R BIDEN JR,3301,GREEN,OTHER,42,LIBERTARIAN,JO JORGENSEN,188,OTHER,OTHER,8,REPUBLICAN,DONALD J TRUMP,14602,
CALDWELL,2000,DEMOCRAT,AL GORE,1488,REPUBLICAN,GEORGE W. BUSH,2220,GREEN,RALPH NADER,76,OTHER,OTHER,66,
CALDWELL,2004,DEMOCRAT,JOHN KERRY,1645,REPUBLICAN,GEORGE W. BUSH,2593,OTHER,OTHER,30,
CALDWELL,2008,DEMOCRAT,BARACK OBAMA,1814,REPUBLICAN,JOHN MCCAIN,2654,OTHER,OTHER,96,
CALDWELL,2012,DEMOCRAT,BARACK OBAMA,1312,REPUBLICAN,MITT ROMNEY,2721,OTHER,OTHER,134,
CALDWELL,2016,DEMOCRAT,HILLARY CLINTON,838,REPUBLICAN,DONALD TRUMP,3232,OTHER,OTHER,242,
CALDWELL,2020,DEMOCRAT,JOSEPH R BIDEN JR,897,GREEN,OTHER,7,LIBERTARIAN,JO JORGENSEN,50,OTHER,OTHER,3,REPUBLICAN,DONALD J TRUMP,3725,
CALLAWAY,2000,DEMOCRAT,AL GORE,6708,REPUBLICAN,GEORGE W. BUSH,8238,GREEN,RALPH NADER,220,OTHER,OTHER,142,
CALLAWAY,2004,DEMOCRAT,JOHN KERRY,6559,REPUBLICAN,GEORGE W. BUSH,11108,OTHER,OTHER,106,
CALLAWAY,2008,DEMOCRAT,BARACK OBAMA,7580,REPUBLICAN,JOHN MCCAIN,11389,OTHER,OTHER,352,
CALLAWAY,2012,DEMOCRAT,BARACK OBAMA,6071,REPUBLICAN,MITT ROMNEY,11745,OTHER,OTHER,416,
CALLAWAY,2016,DEMOCRAT,HILLARY CLINTON,4989,REPUBLICAN,DONALD TRUMP,13057,OTHER,OTHER,1147,
CALLAWAY,2020,DEMOCRAT,JOSEPH R BIDEN JR,5870,GREEN,OTHER,68,LIBERTARIAN,JO JORGENSEN,371,OTHER,OTHER,20,REPUBLICAN,DONALD J TRUMP,14815,
CAMDEN,2000,DEMOCRAT,AL GORE,6323,REPUBLICAN,GEORGE W. BUSH,10358,GREEN,RALPH NADER,258,OTHER,OTHER,160,
CAMDEN,2004,DEMOCRAT,JOHN KERRY,6296,REPUBLICAN,GEORGE W. BUSH,13122,OTHER,OTHER,101,
CAMDEN,2008,DEMOCRAT,BARACK OBAMA,7773,REPUBLICAN,JOHN MCCAIN,14074,OTHER,OTHER,286,
CAMDEN,2012,DEMOCRAT,BARACK OBAMA,6458,REPUBLICAN,MITT ROMNEY,15092,OTHER,OTHER,395,
CAMDEN,2016,DEMOCRAT,HILLARY CLINTON,4768,REPUBLICAN,DONALD TRUMP,16944,OTHER,OTHER,802,
CAMDEN,2020,DEMOCRAT,JOSEPH R BIDEN JR,5652,GREEN,OTHER,32,LIBERTARIAN,JO JORGENSEN,255,OTHER,OTHER,23,REPUBLICAN,DONALD J TRUMP,18850,
CAPE GIRARDEAU,2000,DEMOCRAT,AL GORE,9334,REPUBLICAN,GEORGE W. BUSH,19832,GREEN,RALPH NADER,376,OTHER,OTHER,317,
CAPE GIRARDEAU,2004,DEMOCRAT,JOHN KERRY,10568,REPUBLICAN,GEORGE W. BUSH,23814,OTHER,OTHER,183,
CAPE GIRARDEAU,2008,DEMOCRAT,BARACK OBAMA,12208,REPUBLICAN,JOHN MCCAIN,24768,OTHER,OTHER,379,
CAPE GIRARDEAU,2012,DEMOCRAT,BARACK OBAMA,9728,REPUBLICAN,MITT ROMNEY,25370,OTHER,OTHER,618,
CAPE GIRARDEAU,2016,DEMOCRAT,HILLARY CLINTON,8492,REPUBLICAN,DONALD TRUMP,27017,OTHER,OTHER,1529,
CAPE GIRARDEAU,2020,DEMOCRAT,JOSEPH R BIDEN JR,10760,GREEN,OTHER,101,LIBERTARIAN,JO JORGENSEN,520,OTHER,OTHER,40,REPUBLICAN,DONALD J TRUMP,28907,
CARROLL,2000,DEMOCRAT,AL GORE,1620,REPUBLICAN,GEORGE W. BUSH,2880,GREEN,RALPH NADER,54,OTHER,OTHER,27,
CARROLL,2004,DEMOCRAT,JOHN KERRY,1568,REPUBLICAN,GEORGE W. BUSH,3155,OTHER,OTHER,18,
CARROLL,2008,DEMOCRAT,BARACK OBAMA,1535,REPUBLICAN,JOHN MCCAIN,2955,OTHER,OTHER,48,
CARROLL,2012,DEMOCRAT,BARACK OBAMA,1154,REPUBLICAN,MITT ROMNEY,3072,OTHER,OTHER,78,
CARROLL,2016,DEMOCRAT,HILLARY CLINTON,745,REPUBLICAN,DONALD TRUMP,3480,OTHER,OTHER,136,
CARROLL,2020,DEMOCRAT,JOSEPH R BIDEN JR,786,GREEN,OTHER,6,LIBERTARIAN,JO JORGENSEN,32,OTHER,OTHER,2,REPUBLICAN,DONALD J TRUMP,3706,
CARTER,2000,DEMOCRAT,AL GORE,997,REPUBLICAN,GEORGE W. BUSH,1730,GREEN,RALPH NADER,40,OTHER,OTHER,41,
CARTER,2004,DEMOCRAT,JOHN KERRY,964,REPUBLICAN,GEORGE W. BUSH,1797,OTHER,OTHER,18,
CARTER,2008,DEMOCRAT,BARACK OBAMA,984,REPUBLICAN,JOHN MCCAIN,1840,OTHER,OTHER,74,
CARTER,2012,DEMOCRAT,BARACK OBAMA,754,REPUBLICAN,MITT ROMNEY,1978,OTHER,OTHER,67,
CARTER,2016,DEMOCRAT,HILLARY CLINTON,436,REPUBLICAN,DONALD TRUMP,2324,OTHER,OTHER,84,
CARTER,2020,DEMOCRAT,JOSEPH R BIDEN JR,418,GREEN,OTHER,6,LIBERTARIAN,JO JORGENSEN,18,OTHER,OTHER,4,REPUBLICAN,DONALD J TRUMP,2451,
CASS,2000,DEMOCRAT,AL GORE,14921,REPUBLICAN,GEORGE W. BUSH,20113,GREEN,RALPH NADER,511,OTHER,OTHER,324,
CASS,2004,DEMOCRAT,JOHN KERRY,16681,REPUBLICAN,GEORGE W. BUSH,27253,OTHER,OTHER,283,
CASS,2008,DEMOCRAT,BARACK OBAMA,19844,REPUBLICAN,JOHN MCCAIN,29695,OTHER,OTHER,640,
CASS,2012,DEMOCRAT,BARACK OBAMA,17044,REPUBLICAN,MITT ROMNEY,30912,OTHER,OTHER,957,
CASS,2016,DEMOCRAT,HILLARY CLINTON,14846,REPUBLICAN,DONALD TRUMP,33098,OTHER,OTHER,3046,
CASS,2020,DEMOCRAT,JOSEPH R BIDEN JR,19052,GREEN,OTHER,171,LIBERTARIAN,JO JORGENSEN,908,OTHER,OTHER,80,REPUBLICAN,DONALD J TRUMP,37197,
CEDAR,2000,DEMOCRAT,AL GORE,1979,REPUBLICAN,GEORGE W. BUSH,3530,GREEN,RALPH NADER,81,OTHER,OTHER,73,
CEDAR,2004,DEMOCRAT,JOHN KERRY,1910,REPUBLICAN,GEORGE W. BUSH,4238,OTHER,OTHER,55,
CEDAR,2008,DEMOCRAT,BARACK OBAMA,2060,REPUBLICAN,JOHN MCCAIN,4194,OTHER,OTHER,100,
CEDAR,2012,DEMOCRAT,BARACK OBAMA,1537,REPUBLICAN,MITT ROMNEY,4376,OTHER,OTHER,132,
CEDAR,2016,DEMOCRAT,HILLARY CLINTON,1011,REPUBLICAN,DONALD TRUMP,5021,OTHER,OTHER,256,
CEDAR,2020,DEMOCRAT,JOSEPH R BIDEN JR,1145,GREEN,OTHER,14,LIBERTARIAN,JO JORGENSEN,80,OTHER,OTHER,17,REPUBLICAN,DONALD J TRUMP,5788,
CHARITON,2000,DEMOCRAT,AL GORE,1792,REPUBLICAN,GEORGE W. BUSH,2300,GREEN,RALPH NADER,30,OTHER,OTHER,32,
CHARITON,2004,DEMOCRAT,JOHN KERRY,1892,REPUBLICAN,GEORGE W. BUSH,2421,OTHER,OTHER,27,
CHARITON,2008,DEMOCRAT,BARACK OBAMA,1799,REPUBLICAN,JOHN MCCAIN,2339,OTHER,OTHER,76,
CHARITON,2012,DEMOCRAT,BARACK OBAMA,1339,REPUBLICAN,MITT ROMNEY,2402,OTHER,OTHER,80,
CHARITON,2016,DEMOCRAT,HILLARY CLINTON,888,REPUBLICAN,DONALD TRUMP,2950,OTHER,OTHER,131,
CHARITON,2020,DEMOCRAT,JOSEPH R BIDEN JR,916,GREEN,OTHER,5,LIBERTARIAN,JO JORGENSEN,40,OTHER,OTHER,5,REPUBLICAN,DONALD J TRUMP,3111,
CHRISTIAN,2000,DEMOCRAT,AL GORE,7896,REPUBLICAN,GEORGE W. BUSH,14824,GREEN,RALPH NADER,279,OTHER,OTHER,229,
CHRISTIAN,2004,DEMOCRAT,JOHN KERRY,9059,REPUBLICAN,GEORGE W. BUSH,22102,OTHER,OTHER,187,
CHRISTIAN,2008,DEMOCRAT,BARACK OBAMA,11883,REPUBLICAN,JOHN MCCAIN,25382,OTHER,OTHER,432,
CHRISTIAN,2012,DEMOCRAT,BARACK OBAMA,9813,REPUBLICAN,MITT ROMNEY,27473,OTHER,OTHER,678,
CHRISTIAN,2016,DEMOCRAT,HILLARY CLINTON,8508,REPUBLICAN,DONALD TRUMP,30946,OTHER,OTHER,2077,
CHRISTIAN,2020,DEMOCRAT,JOSEPH R BIDEN JR,11131,GREEN,OTHER,96,LIBERTARIAN,JO JORGENSEN,638,OTHER,OTHER,54,REPUBLICAN,DONALD J TRUMP,34920,
CLARK,2000,DEMOCRAT,AL GORE,1812,REPUBLICAN,GEORGE W. BUSH,1899,GREEN,RALPH NADER,53,OTHER,OTHER,38,
CLARK,2004,DEMOCRAT,JOHN KERRY,1794,REPUBLICAN,GEORGE W. BUSH,1899,OTHER,OTHER,43,
CLARK,2008,DEMOCRAT,BARACK OBAMA,1572,REPUBLICAN,JOHN MCCAIN,1782,OTHER,OTHER,102,
CLARK,2012,DEMOCRAT,BARACK OBAMA,1398,REPUBLICAN,MITT ROMNEY,1730,OTHER,OTHER,97,
CLARK,2016,DEMOCRAT,HILLARY CLINTON,724,REPUBLICAN,DONALD TRUMP,2458,OTHER,OTHER,33,
CLARK,2020,DEMOCRAT,JOSEPH R BIDEN JR,678,GREEN,OTHER,12,LIBERTARIAN,JO JORGENSEN,32,OTHER,OTHER,0,REPUBLICAN,DONALD J TRUMP,2672,
CLAY,2000,DEMOCRAT,AL GORE,39084,REPUBLICAN,GEORGE W. BUSH,39083,GREEN,RALPH NADER,1427,OTHER,OTHER,579,
CLAY,2004,DEMOCRAT,JOHN KERRY,44670,REPUBLICAN,GEORGE W. BUSH,51193,OTHER,OTHER,597,
CLAY,2008,DEMOCRAT,BARACK OBAMA,53761,REPUBLICAN,JOHN MCCAIN,54516,OTHER,OTHER,1329,
CLAY,2012,DEMOCRAT,BARACK OBAMA,47310,REPUBLICAN,MITT ROMNEY,56191,OTHER,OTHER,2088,
CLAY,2016,DEMOCRAT,HILLARY CLINTON,45304,REPUBLICAN,DONALD TRUMP,57476,OTHER,OTHER,7396,
CLAY,2020,DEMOCRAT,JOSEPH R BIDEN JR,59400,GREEN,OTHER,360,LIBERTARIAN,JO JORGENSEN,2019,OTHER,OTHER,185,REPUBLICAN,DONALD J TRUMP,64605,
CLINTON,2000,DEMOCRAT,AL GORE,3994,REPUBLICAN,GEORGE W. BUSH,4323,GREEN,RALPH NADER,124,OTHER,OTHER,90,
CLINTON,2004,DEMOCRAT,JOHN KERRY,4165,REPUBLICAN,GEORGE W. BUSH,5287,OTHER,OTHER,88,
CLINTON,2008,DEMOCRAT,BARACK OBAMA,4545,REPUBLICAN,JOHN MCCAIN,5709,OTHER,OTHER,200,
CLINTON,2012,DEMOCRAT,BARACK OBAMA,3688,REPUBLICAN,MITT ROMNEY,5931,OTHER,OTHER,242,
CLINTON,2016,DEMOCRAT,HILLARY CLINTON,2572,REPUBLICAN,DONALD TRUMP,7067,OTHER,OTHER,569,
CLINTON,2020,DEMOCRAT,JOSEPH R BIDEN JR,2896,GREEN,OTHER,30,LIBERTARIAN,JO JORGENSEN,150,OTHER,OTHER,13,REPUBLICAN,DONALD J TRUMP,7799,
COLE,2000,DEMOCRAT,AL GORE,12056,REPUBLICAN,GEORGE W. BUSH,20167,GREEN,RALPH NADER,370,OTHER,OTHER,182,
COLE,2004,DEMOCRAT,JOHN KERRY,11753,REPUBLICAN,GEORGE W. BUSH,24752,OTHER,OTHER,196,
COLE,2008,DEMOCRAT,BARACK OBAMA,13959,REPUBLICAN,JOHN MCCAIN,24385,OTHER,OTHER,401,
COLE,2012,DEMOCRAT,BARACK OBAMA,12005,REPUBLICAN,MITT ROMNEY,24490,OTHER,OTHER,567,
COLE,2016,DEMOCRAT,HILLARY CLINTON,10913,REPUBLICAN,DONALD TRUMP,24616,OTHER,OTHER,1845,
COLE,2020,DEMOCRAT,JOSEPH R BIDEN JR,12694,GREEN,OTHER,95,LIBERTARIAN,JO JORGENSEN,603,OTHER,OTHER,51,REPUBLICAN,DONALD J TRUMP,26086,
COOPER,2000,DEMOCRAT,AL GORE,2567,REPUBLICAN,GEORGE W. BUSH,4072,GREEN,RALPH NADER,78,OTHER,OTHER,73,
COOPER,2004,DEMOCRAT,JOHN KERRY,2400,REPUBLICAN,GEORGE W. BUSH,5058,OTHER,OTHER,50,
COOPER,2008,DEMOCRAT,BARACK OBAMA,2996,REPUBLICAN,JOHN MCCAIN,4902,OTHER,OTHER,128,
COOPER,2012,DEMOCRAT,BARACK OBAMA,2474,REPUBLICAN,MITT ROMNEY,4887,OTHER,OTHER,150,
COOPER,2016,DEMOCRAT,HILLARY CLINTON,1932,REPUBLICAN,DONALD TRUMP,5624,OTHER,OTHER,430,
COOPER,2020,DEMOCRAT,JOSEPH R BIDEN JR,2249,GREEN,OTHER,27,LIBERTARIAN,JO JORGENSEN,139,OTHER,OTHER,6,REPUBLICAN,DONALD J TRUMP,6272,
CRAWFORD,2000,DEMOCRAT,AL GORE,3350,REPUBLICAN,GEORGE W. BUSH,4754,GREEN,RALPH NADER,100,OTHER,OTHER,98,
CRAWFORD,2004,DEMOCRAT,JOHN KERRY,3632,REPUBLICAN,GEORGE W. BUSH,5686,OTHER,OTHER,63,
CRAWFORD,2008,DEMOCRAT,BARACK OBAMA,3911,REPUBLICAN,JOHN MCCAIN,6007,OTHER,OTHER,167,
CRAWFORD,2012,DEMOCRAT,BARACK OBAMA,2951,REPUBLICAN,MITT ROMNEY,6434,OTHER,OTHER,194,
CRAWFORD,2016,DEMOCRAT,HILLARY CLINTON,1824,REPUBLICAN,DONALD TRUMP,7724,OTHER,OTHER,148,
CRAWFORD,2020,DEMOCRAT,JOSEPH R BIDEN JR,2113,GREEN,OTHER,17,LIBERTARIAN,JO JORGENSEN,102,OTHER,OTHER,16,REPUBLICAN,DONALD J TRUMP,8725,
DADE,2000,DEMOCRAT,AL GORE,1193,REPUBLICAN,GEORGE W. BUSH,2468,GREEN,RALPH NADER,42,OTHER,OTHER,49,
DADE,2004,DEMOCRAT,JOHN KERRY,1104,REPUBLICAN,GEORGE W. BUSH,2963,OTHER,OTHER,22,
DADE,2008,DEMOCRAT,BARACK OBAMA,1184,REPUBLICAN,JOHN MCCAIN,2864,OTHER,OTHER,64,
DADE,2012,DEMOCRAT,BARACK OBAMA,939,REPUBLICAN,MITT ROMNEY,2895,OTHER,OTHER,62,
DADE,2016,DEMOCRAT,HILLARY CLINTON,637,REPUBLICAN,DONALD TRUMP,3184,OTHER,OTHER,130,
DADE,2020,DEMOCRAT,JOSEPH R BIDEN JR,656,GREEN,OTHER,5,LIBERTARIAN,JO JORGENSEN,42,OTHER,OTHER,2,REPUBLICAN,DONALD J TRUMP,3414,
DALLAS,2000,DEMOCRAT,AL GORE,2311,REPUBLICAN,GEORGE W. BUSH,3723,GREEN,RALPH NADER,76,OTHER,OTHER,109,
DALLAS,2004,DEMOCRAT,JOHN KERRY,2407,REPUBLICAN,GEORGE W. BUSH,4788,OTHER,OTHER,64,
DALLAS,2008,DEMOCRAT,BARACK OBAMA,2656,REPUBLICAN,JOHN MCCAIN,4895,OTHER,OTHER,132,
DALLAS,2012,DEMOCRAT,BARACK OBAMA,2122,REPUBLICAN,MITT ROMNEY,4992,OTHER,OTHER,165,
DALLAS,2016,DEMOCRAT,HILLARY CLINTON,1272,REPUBLICAN,DONALD TRUMP,5895,OTHER,OTHER,286,
DALLAS,2020,DEMOCRAT,JOSEPH R BIDEN JR,1380,GREEN,OTHER,21,LIBERTARIAN,JO JORGENSEN,72,OTHER,OTHER,12,REPUBLICAN,DONALD J TRUMP,6619,
DAVIESS,2000,DEMOCRAT,AL GORE,1367,REPUBLICAN,GEORGE W. BUSH,2011,GREEN,RALPH NADER,58,OTHER,OTHER,58,
DAVIESS,2004,DEMOCRAT,JOHN KERRY,1402,REPUBLICAN,GEORGE W. BUSH,2351,OTHER,OTHER,41,
DAVIESS,2008,DEMOCRAT,BARACK OBAMA,1400,REPUBLICAN,JOHN MCCAIN,2263,OTHER,OTHER,123,
DAVIESS,2012,DEMOCRAT,BARACK OBAMA,1125,REPUBLICAN,MITT ROMNEY,2290,OTHER,OTHER,106,
DAVIESS,2016,DEMOCRAT,HILLARY CLINTON,730,REPUBLICAN,DONALD TRUMP,2767,OTHER,OTHER,96,
DAVIESS,2020,DEMOCRAT,JOSEPH R BIDEN JR,746,GREEN,OTHER,6,LIBERTARIAN,JO JORGENSEN,49,OTHER,OTHER,8,REPUBLICAN,DONALD J TRUMP,3102,
DEKALB,2000,DEMOCRAT,AL GORE,1562,REPUBLICAN,GEORGE W. BUSH,2363,GREEN,RALPH NADER,63,OTHER,OTHER,61,
DEKALB,2004,DEMOCRAT,JOHN KERRY,1707,REPUBLICAN,GEORGE W. BUSH,2941,OTHER,OTHER,38,
DEKALB,2008,DEMOCRAT,BARACK OBAMA,1692,REPUBLICAN,JOHN MCCAIN,2889,OTHER,OTHER,102,
DEKALB,2012,DEMOCRAT,BARACK OBAMA,1194,REPUBLICAN,MITT ROMNEY,3056,OTHER,OTHER,100,
DEKALB,2016,DEMOCRAT,HILLARY CLINTON,824,REPUBLICAN,DONALD TRUMP,3540,OTHER,OTHER,230,
DEKALB,2020,DEMOCRAT,JOSEPH R BIDEN JR,930,GREEN,OTHER,9,LIBERTARIAN,JO JORGENSEN,62,OTHER,OTHER,14,REPUBLICAN,DONALD J TRUMP,3828,
DENT,2000,DEMOCRAT,AL GORE,1839,REPUBLICAN,GEORGE W. BUSH,3996,GREEN,RALPH NADER,66,OTHER,OTHER,87,
DENT,2004,DEMOCRAT,JOHN KERRY,1865,REPUBLICAN,GEORGE W. BUSH,4369,OTHER,OTHER,70,
DENT,2008,DEMOCRAT,BARACK OBAMA,2056,REPUBLICAN,JOHN MCCAIN,4655,OTHER,OTHER,157,
DENT,2012,DEMOCRAT,BARACK OBAMA,1585,REPUBLICAN,MITT ROMNEY,4883,OTHER,OTHER,175,
DENT,2016,DEMOCRAT,HILLARY CLINTON,978,REPUBLICAN,DONALD TRUMP,5600,OTHER,OTHER,213,
DENT,2020,DEMOCRAT,JOSEPH R BIDEN JR,1056,GREEN,OTHER,9,LIBERTARIAN,JO JORGENSEN,81,OTHER,OTHER,9,REPUBLICAN,DONALD J TRUMP,5987,
DOUGLAS,2000,DEMOCRAT,AL GORE,1546,REPUBLICAN,GEORGE W. BUSH,3599,GREEN,RALPH NADER,54,OTHER,OTHER,82,
DOUGLAS,2004,DEMOCRAT,JOHN KERRY,1741,REPUBLICAN,GEORGE W. BUSH,4498,OTHER,OTHER,88,
DOUGLAS,2008,DEMOCRAT,BARACK OBAMA,2140,REPUBLICAN,JOHN MCCAIN,4405,OTHER,OTHER,167,
DOUGLAS,2012,DEMOCRAT,BARACK OBAMA,1710,REPUBLICAN,MITT ROMNEY,4649,OTHER,OTHER,198,
DOUGLAS,2016,DEMOCRAT,HILLARY CLINTON,984,REPUBLICAN,DONALD TRUMP,5486,OTHER,OTHER,196,
DOUGLAS,2020,DEMOCRAT,JOSEPH R BIDEN JR,1016,GREEN,OTHER,4,LIBERTARIAN,JO JORGENSEN,68,OTHER,OTHER,14,REPUBLICAN,DONALD J TRUMP,5898,
DUNKLIN,2000,DEMOCRAT,AL GORE,4947,REPUBLICAN,GEORGE W. BUSH,5426,GREEN,RALPH NADER,78,OTHER,OTHER,74,
DUNKLIN,2004,DEMOCRAT,JOHN KERRY,4901,REPUBLICAN,GEORGE W. BUSH,6720,OTHER,OTHER,56,
DUNKLIN,2008,DEMOCRAT,BARACK OBAMA,4540,REPUBLICAN,JOHN MCCAIN,7044,OTHER,OTHER,180,
DUNKLIN,2012,DEMOCRAT,BARACK OBAMA,3636,REPUBLICAN,MITT ROMNEY,6850,OTHER,OTHER,165,
DUNKLIN,2016,DEMOCRAT,HILLARY CLINTON,2360,REPUBLICAN,DONALD TRUMP,8026,OTHER,OTHER,192,
DUNKLIN,2020,DEMOCRAT,JOSEPH R BIDEN JR,2200,GREEN,OTHER,11,LIBERTARIAN,JO JORGENSEN,61,OTHER,OTHER,12,REPUBLICAN,DONALD J TRUMP,8135,
FRANKLIN,2000,DEMOCRAT,AL GORE,16172,REPUBLICAN,GEORGE W. BUSH,21863,GREEN,RALPH NADER,670,OTHER,OTHER,489,
FRANKLIN,2004,DEMOCRAT,JOHN KERRY,18556,REPUBLICAN,GEORGE W. BUSH,26429,OTHER,OTHER,333,
FRANKLIN,2008,DEMOCRAT,BARACK OBAMA,21256,REPUBLICAN,JOHN MCCAIN,27355,OTHER,OTHER,682,
FRANKLIN,2012,DEMOCRAT,BARACK OBAMA,16347,REPUBLICAN,MITT ROMNEY,29396,OTHER,OTHER,1012,
FRANKLIN,2016,DEMOCRAT,HILLARY CLINTON,12341,REPUBLICAN,DONALD TRUMP,35430,OTHER,OTHER,2342,
FRANKLIN,2020,DEMOCRAT,JOSEPH R BIDEN JR,14569,GREEN,OTHER,154,LIBERTARIAN,JO JORGENSEN,816,OTHER,OTHER,88,REPUBLICAN,DONALD J TRUMP,38058,
GASCONADE,2000,DEMOCRAT,AL GORE,2257,REPUBLICAN,GEORGE W. BUSH,4190,GREEN,RALPH NADER,110,OTHER,OTHER,72,
GASCONADE,2004,DEMOCRAT,JOHN KERRY,2355,REPUBLICAN,GEORGE W. BUSH,4753,OTHER,OTHER,63,
GASCONADE,2008,DEMOCRAT,BARACK OBAMA,2899,REPUBLICAN,JOHN MCCAIN,4763,OTHER,OTHER,109,
GASCONADE,2012,DEMOCRAT,BARACK OBAMA,2099,REPUBLICAN,MITT ROMNEY,4895,OTHER,OTHER,140,
GASCONADE,2016,DEMOCRAT,HILLARY CLINTON,1520,REPUBLICAN,DONALD TRUMP,5670,OTHER,OTHER,255,
GASCONADE,2020,DEMOCRAT,JOSEPH R BIDEN JR,1601,GREEN,OTHER,10,LIBERTARIAN,JO JORGENSEN,83,OTHER,OTHER,7,REPUBLICAN,DONALD J TRUMP,6222,
GENTRY,2000,DEMOCRAT,AL GORE,1271,REPUBLICAN,GEORGE W. BUSH,1771,GREEN,RALPH NADER,39,OTHER,OTHER,24,
GENTRY,2004,DEMOCRAT,JOHN KERRY,1201,REPUBLICAN,GEORGE W. BUSH,2085,OTHER,OTHER,26,
GENTRY,2008,DEMOCRAT,BARACK OBAMA,1235,REPUBLICAN,JOHN MCCAIN,1964,OTHER,OTHER,93,
GENTRY,2012,DEMOCRAT,BARACK OBAMA,937,REPUBLICAN,MITT ROMNEY,1988,OTHER,OTHER,74,
GENTRY,2016,DEMOCRAT,HILLARY CLINTON,605,REPUBLICAN,DONALD TRUMP,2304,OTHER,OTHER,134,
GENTRY,2020,DEMOCRAT,JOSEPH R BIDEN JR,613,GREEN,OTHER,2,LIBERTARIAN,JO JORGENSEN,34,OTHER,OTHER,7,REPUBLICAN,DONALD J TRUMP,2581,
GREENE,2000,DEMOCRAT,AL GORE,41091,REPUBLICAN,GEORGE W. BUSH,59178,GREEN,RALPH NADER,1760,OTHER,OTHER,897,
GREENE,2004,DEMOCRAT,JOHN KERRY,46657,REPUBLICAN,GEORGE W. BUSH,77885,OTHER,OTHER,724,
GREENE,2008,DEMOCRAT,BARACK OBAMA,56181,REPUBLICAN,JOHN MCCAIN,77683,OTHER,OTHER,1831,
GREENE,2012,DEMOCRAT,BARACK OBAMA,46219,REPUBLICAN,MITT ROMNEY,76900,OTHER,OTHER,2729,
GREENE,2016,DEMOCRAT,HILLARY CLINTON,42728,REPUBLICAN,DONALD TRUMP,78035,OTHER,OTHER,8468,
GREENE,2020,DEMOCRAT,JOSEPH R BIDEN JR,55068,GREEN,OTHER,463,LIBERTARIAN,JO JORGENSEN,2454,OTHER,OTHER,185,REPUBLICAN,DONALD J TRUMP,83630,
GRUNDY,2000,DEMOCRAT,AL GORE,1563,REPUBLICAN,GEORGE W. BUSH,2976,GREEN,RALPH NADER,102,OTHER,OTHER,67,
GRUNDY,2004,DEMOCRAT,JOHN KERRY,1561,REPUBLICAN,GEORGE W. BUSH,3172,OTHER,OTHER,75,
GRUNDY,2008,DEMOCRAT,BARACK OBAMA,1580,REPUBLICAN,JOHN MCCAIN,3006,OTHER,OTHER,154,
GRUNDY,2012,DEMOCRAT,BARACK OBAMA,1212,REPUBLICAN,MITT ROMNEY,3030,OTHER,OTHER,132,
GRUNDY,2016,DEMOCRAT,HILLARY CLINTON,780,REPUBLICAN,DONALD TRUMP,3462,OTHER,OTHER,68,
GRUNDY,2020,DEMOCRAT,JOSEPH R BIDEN JR,799,GREEN,OTHER,8,LIBERTARIAN,JO JORGENSEN,42,OTHER,OTHER,3,REPUBLICAN,DONALD J TRUMP,3585,
HARRISON,2000,DEMOCRAT,AL GORE,1328,REPUBLICAN,GEORGE W. BUSH,2552,GREEN,RALPH NADER,62,OTHER,OTHER,49,
HARRISON,2004,DEMOCRAT,JOHN KERRY,1279,REPUBLICAN,GEORGE W. BUSH,2729,OTHER,OTHER,40,
HARRISON,2008,DEMOCRAT,BARACK OBAMA,1287,REPUBLICAN,JOHN MCCAIN,2512,OTHER,OTHER,116,
HARRISON,2012,DEMOCRAT,BARACK OBAMA,984,REPUBLICAN,MITT ROMNEY,2624,OTHER,OTHER,87,
HARRISON,2016,DEMOCRAT,HILLARY CLINTON,574,REPUBLICAN,DONALD TRUMP,2965,OTHER,OTHER,150,
HARRISON,2020,DEMOCRAT,JOSEPH R BIDEN JR,597,GREEN,OTHER,8,LIBERTARIAN,JO JORGENSEN,22,OTHER,OTHER,1,REPUBLICAN,DONALD J TRUMP,3198,
HENRY,2000,DEMOCRAT,AL GORE,4459,REPUBLICAN,GEORGE W. BUSH,5120,GREEN,RALPH NADER,125,OTHER,OTHER,74,
HENRY,2004,DEMOCRAT,JOHN KERRY,4461,REPUBLICAN,GEORGE W. BUSH,6361,OTHER,OTHER,55,
HENRY,2008,DEMOCRAT,BARACK OBAMA,4869,REPUBLICAN,JOHN MCCAIN,6095,OTHER,OTHER,195,
HENRY,2012,DEMOCRAT,BARACK OBAMA,3606,REPUBLICAN,MITT ROMNEY,6229,OTHER,OTHER,288,
HENRY,2016,DEMOCRAT,HILLARY CLINTON,2357,REPUBLICAN,DONALD TRUMP,7075,OTHER,OTHER,434,
HENRY,2020,DEMOCRAT,JOSEPH R BIDEN JR,2619,GREEN,OTHER,17,LIBERTARIAN,JO JORGENSEN,114,OTHER,OTHER,11,REPUBLICAN,DONALD J TRUMP,8027,
HICKORY,2000,DEMOCRAT,AL GORE,1961,REPUBLICAN,GEORGE W. BUSH,2172,GREEN,RALPH NADER,54,OTHER,OTHER,51,
HICKORY,2004,DEMOCRAT,JOHN KERRY,2043,REPUBLICAN,GEORGE W. BUSH,2791,OTHER,OTHER,32,
HICKORY,2008,DEMOCRAT,BARACK OBAMA,2171,REPUBLICAN,JOHN MCCAIN,2850,OTHER,OTHER,94,
HICKORY,2012,DEMOCRAT,BARACK OBAMA,1733,REPUBLICAN,MITT ROMNEY,2835,OTHER,OTHER,112,
HICKORY,2016,DEMOCRAT,HILLARY CLINTON,1016,REPUBLICAN,DONALD TRUMP,3542,OTHER,OTHER,166,
HICKORY,2020,DEMOCRAT,JOSEPH R BIDEN JR,1056,GREEN,OTHER,13,LIBERTARIAN,JO JORGENSEN,39,OTHER,OTHER,6,REPUBLICAN,DONALD J TRUMP,3966,
HOLT,2000,DEMOCRAT,AL GORE,871,REPUBLICAN,GEORGE W. BUSH,1738,GREEN,RALPH NADER,23,OTHER,OTHER,30,
HOLT,2004,DEMOCRAT,JOHN KERRY,811,REPUBLICAN,GEORGE W. BUSH,1864,OTHER,OTHER,16,
HOLT,2008,DEMOCRAT,BARACK OBAMA,802,REPUBLICAN,JOHN MCCAIN,1794,OTHER,OTHER,37,
HOLT,2012,DEMOCRAT,BARACK OBAMA,551,REPUBLICAN,MITT ROMNEY,1725,OTHER,OTHER,34,
HOLT,2016,DEMOCRAT,HILLARY CLINTON,347,REPUBLICAN,DONALD TRUMP,1926,OTHER,OTHER,82,
HOLT,2020,DEMOCRAT,JOSEPH R BIDEN JR,338,GREEN,OTHER,5,LIBERTARIAN,JO JORGENSEN,23,OTHER,OTHER,1,REPUBLICAN,DONALD J TRUMP,1976,
HOWARD,2000,DEMOCRAT,AL GORE,1944,REPUBLICAN,GEORGE W. BUSH,2414,GREEN,RALPH NADER,83,OTHER,OTHER,71,
HOWARD,2004,DEMOCRAT,JOHN KERRY,1972,REPUBLICAN,GEORGE W. BUSH,2915,OTHER,OTHER,34,
HOWARD,2008,DEMOCRAT,BARACK OBAMA,2036,REPUBLICAN,JOHN MCCAIN,2708,OTHER,OTHER,111,
HOWARD,2012,DEMOCRAT,BARACK OBAMA,1723,REPUBLICAN,MITT ROMNEY,3017,OTHER,OTHER,127,
HOWARD,2016,DEMOCRAT,HILLARY CLINTON,1283,REPUBLICAN,DONALD TRUMP,3277,OTHER,OTHER,308,
HOWARD,2020,DEMOCRAT,JOSEPH R BIDEN JR,1413,GREEN,OTHER,15,LIBERTARIAN,JO JORGENSEN,106,OTHER,OTHER,5,REPUBLICAN,DONALD J TRUMP,3553,
HOWELL,2000,DEMOCRAT,AL GORE,4641,REPUBLICAN,GEORGE W. BUSH,9018,GREEN,RALPH NADER,197,OTHER,OTHER,219,
HOWELL,2004,DEMOCRAT,JOHN KERRY,5118,REPUBLICAN,GEORGE W. BUSH,11097,OTHER,OTHER,164,
HOWELL,2008,DEMOCRAT,BARACK OBAMA,5736,REPUBLICAN,JOHN MCCAIN,10982,OTHER,OTHER,311,
HOWELL,2012,DEMOCRAT,BARACK OBAMA,4395,REPUBLICAN,MITT ROMNEY,11544,OTHER,OTHER,407,
HOWELL,2016,DEMOCRAT,HILLARY CLINTON,2881,REPUBLICAN,DONALD TRUMP,13893,OTHER,OTHER,681,
HOWELL,2020,DEMOCRAT,JOSEPH R BIDEN JR,3218,GREEN,OTHER,33,LIBERTARIAN,JO JORGENSEN,197,OTHER,OTHER,21,REPUBLICAN,DONALD J TRUMP,15181,
IRON,2000,DEMOCRAT,AL GORE,2044,REPUBLICAN,GEORGE W. BUSH,2237,GREEN,RALPH NADER,64,OTHER,OTHER,69,
IRON,2004,DEMOCRAT,JOHN KERRY,2157,REPUBLICAN,GEORGE W. BUSH,2477,OTHER,OTHER,45,
IRON,2008,DEMOCRAT,BARACK OBAMA,2213,REPUBLICAN,JOHN MCCAIN,2090,OTHER,OTHER,111,
IRON,2012,DEMOCRAT,BARACK OBAMA,1669,REPUBLICAN,MITT ROMNEY,2252,OTHER,OTHER,110,
IRON,2016,DEMOCRAT,HILLARY CLINTON,933,REPUBLICAN,DONALD TRUMP,3173,OTHER,OTHER,163,
IRON,2020,DEMOCRAT,JOSEPH R BIDEN JR,945,GREEN,OTHER,11,LIBERTARIAN,JO JORGENSEN,33,OTHER,OTHER,7,REPUBLICAN,DONALD J TRUMP,3596,
JACKSON,2000,DEMOCRAT,AL GORE,160419,REPUBLICAN,GEORGE W. BUSH,104418,GREEN,RALPH NADER,5041,OTHER,OTHER,2184,
JACKSON,2004,DEMOCRAT,JOHN KERRY,79029,REPUBLICAN,GEORGE W. BUSH,94439,OTHER,OTHER,1102,
JACKSON,2008,DEMOCRAT,BARACK OBAMA,90722,REPUBLICAN,JOHN MCCAIN,92833,OTHER,OTHER,2492,
JACKSON,2012,DEMOCRAT,BARACK OBAMA,78283,REPUBLICAN,MITT ROMNEY,93199,OTHER,OTHER,3282,
JACKSON,2016,DEMOCRAT,HILLARY CLINTON,71237,REPUBLICAN,DONALD TRUMP,91557,OTHER,OTHER,10481,
JACKSON,2020,DEMOCRAT,JOSEPH R BIDEN JR,92182,GREEN,OTHER,678,LIBERTARIAN,JO JORGENSEN,3102,OTHER,OTHER,314,REPUBLICAN,DONALD J TRUMP,100142,
JASPER,2000,DEMOCRAT,AL GORE,11737,REPUBLICAN,GEORGE W. BUSH,24899,GREEN,RALPH NADER,574,OTHER,OTHER,271,
JASPER,2004,DEMOCRAT,JOHN KERRY,13002,REPUBLICAN,GEORGE W. BUSH,31846,OTHER,OTHER,237,
JASPER,2008,DEMOCRAT,BARACK OBAMA,15730,REPUBLICAN,JOHN MCCAIN,31667,OTHER,OTHER,628,
JASPER,2012,DEMOCRAT,BARACK OBAMA,12809,REPUBLICAN,MITT ROMNEY,31349,OTHER,OTHER,1060,
JASPER,2016,DEMOCRAT,HILLARY CLINTON,10572,REPUBLICAN,DONALD TRUMP,35070,OTHER,OTHER,2684,
JASPER,2020,DEMOCRAT,JOSEPH R BIDEN JR,13549,GREEN,OTHER,161,LIBERTARIAN,JO JORGENSEN,862,OTHER,OTHER,52,REPUBLICAN,DONALD J TRUMP,37728,
JEFFERSON,2000,DEMOCRAT,AL GORE,38616,REPUBLICAN,GEORGE W. BUSH,36766,GREEN,RALPH NADER,1182,OTHER,OTHER,640,
JEFFERSON,2004,DEMOCRAT,JOHN KERRY,46057,REPUBLICAN,GEORGE W. BUSH,46624,OTHER,OTHER,583,
JEFFERSON,2008,DEMOCRAT,BARACK OBAMA,53467,REPUBLICAN,JOHN MCCAIN,50804,OTHER,OTHER,1433,
JEFFERSON,2012,DEMOCRAT,BARACK OBAMA,41564,REPUBLICAN,MITT ROMNEY,53978,OTHER,OTHER,2069,
JEFFERSON,2016,DEMOCRAT,HILLARY CLINTON,31568,REPUBLICAN,DONALD TRUMP,69036,OTHER,OTHER,5634,
JEFFERSON,2020,DEMOCRAT,JOSEPH R BIDEN JR,37523,GREEN,OTHER,334,LIBERTARIAN,JO JORGENSEN,1635,OTHER,OTHER,150,REPUBLICAN,DONALD J TRUMP,77046,
JOHNSON,2000,DEMOCRAT,AL GORE,6926,REPUBLICAN,GEORGE W. BUSH,9339,GREEN,RALPH NADER,321,OTHER,OTHER,201,
JOHNSON,2004,DEMOCRAT,JOHN KERRY,7790,REPUBLICAN,GEORGE W. BUSH,12257,OTHER,OTHER,189,
JOHNSON,2008,DEMOCRAT,BARACK OBAMA,9480,REPUBLICAN,JOHN MCCAIN,12183,OTHER,OTHER,417,
JOHNSON,2012,DEMOCRAT,BARACK OBAMA,7667,REPUBLICAN,MITT ROMNEY,12763,OTHER,OTHER,591,
JOHNSON,2016,DEMOCRAT,HILLARY CLINTON,5930,REPUBLICAN,DONALD TRUMP,13719,OTHER,OTHER,1483,
JOHNSON,2020,DEMOCRAT,JOSEPH R BIDEN JR,6974,GREEN,OTHER,67,LIBERTARIAN,JO JORGENSEN,554,OTHER,OTHER,39,REPUBLICAN,DONALD J TRUMP,15489,
KNOX,2000,DEMOCRAT,AL GORE,787,REPUBLICAN,GEORGE W. BUSH,1226,GREEN,RALPH NADER,24,OTHER,OTHER,18,
KNOX,2004,DEMOCRAT,JOHN KERRY,761,REPUBLICAN,GEORGE W. BUSH,1207,OTHER,OTHER,10,
KNOX,2008,DEMOCRAT,BARACK OBAMA,759,REPUBLICAN,JOHN MCCAIN,1212,OTHER,OTHER,53,
KNOX,2012,DEMOCRAT,BARACK OBAMA,698,REPUBLICAN,MITT ROMNEY,1205,OTHER,OTHER,54,
KNOX,2016,DEMOCRAT,HILLARY CLINTON,379,REPUBLICAN,DONALD TRUMP,1416,OTHER,OTHER,75,
KNOX,2020,DEMOCRAT,JOSEPH R BIDEN JR,340,GREEN,OTHER,0,LIBERTARIAN,JO JORGENSEN,26,OTHER,OTHER,2,REPUBLICAN,DONALD J TRUMP,1486,
LACLEDE,2000,DEMOCRAT,AL GORE,4183,REPUBLICAN,GEORGE W. BUSH,8556,GREEN,RALPH NADER,142,OTHER,OTHER,165,
LACLEDE,2004,DEMOCRAT,JOHN KERRY,4213,REPUBLICAN,GEORGE W. BUSH,10578,OTHER,OTHER,78,
LACLEDE,2008,DEMOCRAT,BARACK OBAMA,5218,REPUBLICAN,JOHN MCCAIN,10875,OTHER,OTHER,230,
LACLEDE,2012,DEMOCRAT,BARACK OBAMA,4093,REPUBLICAN,MITT ROMNEY,10934,OTHER,OTHER,335,
LACLEDE,2016,DEMOCRAT,HILLARY CLINTON,2553,REPUBLICAN,DONALD TRUMP,12881,OTHER,OTHER,617,
LACLEDE,2020,DEMOCRAT,JOSEPH R BIDEN JR,2780,GREEN,OTHER,36,LIBERTARIAN,JO JORGENSEN,181,OTHER,OTHER,34,REPUBLICAN,DONALD J TRUMP,13762,
LAFAYETTE,2000,DEMOCRAT,AL GORE,6343,REPUBLICAN,GEORGE W. BUSH,7849,GREEN,RALPH NADER,205,OTHER,OTHER,123,
LAFAYETTE,2004,DEMOCRAT,JOHN KERRY,6412,REPUBLICAN,GEORGE W. BUSH,9656,OTHER,OTHER,114,
LAFAYETTE,2008,DEMOCRAT,BARACK OBAMA,6902,REPUBLICAN,JOHN MCCAIN,9442,OTHER,OTHER,256,
LAFAYETTE,2012,DEMOCRAT,BARACK OBAMA,5655,REPUBLICAN,MITT ROMNEY,9803,OTHER,OTHER,337,
LAFAYETTE,2016,DEMOCRAT,HILLARY CLINTON,4053,REPUBLICAN,DONALD TRUMP,10988,OTHER,OTHER,835,
LAFAYETTE,2020,DEMOCRAT,JOSEPH R BIDEN JR,4472,GREEN,OTHER,40,LIBERTARIAN,JO JORGENSEN,240,OTHER,OTHER,30,REPUBLICAN,DONALD J TRUMP,12273,
LAWRENCE,2000,DEMOCRAT,AL GORE,4235,REPUBLICAN,GEORGE W. BUSH,8305,GREEN,RALPH NADER,177,OTHER,OTHER,186,
LAWRENCE,2004,DEMOCRAT,JOHN KERRY,4506,REPUBLICAN,GEORGE W. BUSH,11194,OTHER,OTHER,106,
LAWRENCE,2008,DEMOCRAT,BARACK OBAMA,5097,REPUBLICAN,JOHN MCCAIN,11263,OTHER,OTHER,277,
LAWRENCE,2012,DEMOCRAT,BARACK OBAMA,4017,REPUBLICAN,MITT ROMNEY,11421,OTHER,OTHER,317,
LAWRENCE,2016,DEMOCRAT,HILLARY CLINTON,2901,REPUBLICAN,DONALD TRUMP,13089,OTHER,OTHER,725,
LAWRENCE,2020,DEMOCRAT,JOSEPH R BIDEN JR,3214,GREEN,OTHER,39,LIBERTARIAN,JO JORGENSEN,202,OTHER,OTHER,24,REPUBLICAN,DONALD J TRUMP,14426,
LEWIS,2000,DEMOCRAT,AL GORE,2023,REPUBLICAN,GEORGE W. BUSH,2388,GREEN,RALPH NADER,34,OTHER,OTHER,39,
LEWIS,2004,DEMOCRAT,JOHN KERRY,1754,REPUBLICAN,GEORGE W. BUSH,2862,OTHER,OTHER,28,
LEWIS,2008,DEMOCRAT,BARACK OBAMA,1837,REPUBLICAN,JOHN MCCAIN,2594,OTHER,OTHER,71,
LEWIS,2012,DEMOCRAT,BARACK OBAMA,1508,REPUBLICAN,MITT ROMNEY,2677,OTHER,OTHER,94,
LEWIS,2016,DEMOCRAT,HILLARY CLINTON,934,REPUBLICAN,DONALD TRUMP,3344,OTHER,OTHER,178,
LEWIS,2020,DEMOCRAT,JOSEPH R BIDEN JR,984,GREEN,OTHER,6,LIBERTARIAN,JO JORGENSEN,61,OTHER,OTHER,5,REPUBLICAN,DONALD J TRUMP,3553,
LINCOLN,2000,DEMOCRAT,AL GORE,6961,REPUBLICAN,GEORGE W. BUSH,8549,GREEN,RALPH NADER,224,OTHER,OTHER,179,
LINCOLN,2004,DEMOCRAT,JOHN KERRY,8368,REPUBLICAN,GEORGE W. BUSH,11316,OTHER,OTHER,155,
LINCOLN,2008,DEMOCRAT,BARACK OBAMA,10234,REPUBLICAN,JOHN MCCAIN,12924,OTHER,OTHER,392,
LINCOLN,2012,DEMOCRAT,BARACK OBAMA,7734,REPUBLICAN,MITT ROMNEY,14332,OTHER,OTHER,586,
LINCOLN,2016,DEMOCRAT,HILLARY CLINTON,5575,REPUBLICAN,DONALD TRUMP,18159,OTHER,OTHER,1228,
LINCOLN,2020,DEMOCRAT,JOSEPH R BIDEN JR,6607,GREEN,OTHER,68,LIBERTARIAN,JO JORGENSEN,450,OTHER,OTHER,45,REPUBLICAN,DONALD J TRUMP,21848,
LINN,2000,DEMOCRAT,AL GORE,2646,REPUBLICAN,GEORGE W. BUSH,3246,GREEN,RALPH NADER,66,OTHER,OTHER,52,
LINN,2004,DEMOCRAT,JOHN KERRY,2440,REPUBLICAN,GEORGE W. BUSH,3422,OTHER,OTHER,36,
LINN,2008,DEMOCRAT,BARACK OBAMA,2638,REPUBLICAN,JOHN MCCAIN,3140,OTHER,OTHER,153,
LINN,2012,DEMOCRAT,BARACK OBAMA,2041,REPUBLICAN,MITT ROMNEY,3344,OTHER,OTHER,165,
LINN,2016,DEMOCRAT,HILLARY CLINTON,1240,REPUBLICAN,DONALD TRUMP,4088,OTHER,OTHER,259,
LINN,2020,DEMOCRAT,JOSEPH R BIDEN JR,1275,GREEN,OTHER,17,LIBERTARIAN,JO JORGENSEN,69,OTHER,OTHER,2,REPUBLICAN,DONALD J TRUMP,4363,
LIVINGSTON,2000,DEMOCRAT,AL GORE,2425,REPUBLICAN,GEORGE W. BUSH,3709,GREEN,RALPH NADER,98,OTHER,OTHER,44,
LIVINGSTON,2004,DEMOCRAT,JOHN KERRY,2278,REPUBLICAN,GEORGE W. BUSH,4029,OTHER,OTHER,39,
LIVINGSTON,2008,DEMOCRAT,BARACK OBAMA,2435,REPUBLICAN,JOHN MCCAIN,3993,OTHER,OTHER,124,
LIVINGSTON,2012,DEMOCRAT,BARACK OBAMA,1906,REPUBLICAN,MITT ROMNEY,4006,OTHER,OTHER,142,
LIVINGSTON,2016,DEMOCRAT,HILLARY CLINTON,1265,REPUBLICAN,DONALD TRUMP,4879,OTHER,OTHER,277,
LIVINGSTON,2020,DEMOCRAT,JOSEPH R BIDEN JR,1410,GREEN,OTHER,14,LIBERTARIAN,JO JORGENSEN,57,OTHER,OTHER,10,REPUBLICAN,DONALD J TRUMP,5267,
MCDONALD,2000,DEMOCRAT,AL GORE,1866,REPUBLICAN,GEORGE W. BUSH,4460,GREEN,RALPH NADER,107,OTHER,OTHER,96,
MCDONALD,2004,DEMOCRAT,JOHN KERRY,2215,REPUBLICAN,GEORGE W. BUSH,5443,OTHER,OTHER,67,
MCDONALD,2008,DEMOCRAT,BARACK OBAMA,2454,REPUBLICAN,JOHN MCCAIN,5499,OTHER,OTHER,182,
MCDONALD,2012,DEMOCRAT,BARACK OBAMA,1920,REPUBLICAN,MITT ROMNEY,5694,OTHER,OTHER,203,
MCDONALD,2016,DEMOCRAT,HILLARY CLINTON,1329,REPUBLICAN,DONALD TRUMP,6599,OTHER,OTHER,314,
MCDONALD,2020,DEMOCRAT,JOSEPH R BIDEN JR,1439,GREEN,OTHER,20,LIBERTARIAN,JO JORGENSEN,114,OTHER,OTHER,15,REPUBLICAN,DONALD J TRUMP,7465,
MACON,2000,DEMOCRAT,AL GORE,2817,REPUBLICAN,GEORGE W. BUSH,4232,GREEN,RALPH NADER,75,OTHER,OTHER,51,
MACON,2004,DEMOCRAT,JOHN KERRY,2856,REPUBLICAN,GEORGE W. BUSH,4673,OTHER,OTHER,41,
MACON,2008,DEMOCRAT,BARACK OBAMA,2784,REPUBLICAN,JOHN MCCAIN,4586,OTHER,OTHER,104,
MACON,2012,DEMOCRAT,BARACK OBAMA,2309,REPUBLICAN,MITT ROMNEY,4701,OTHER,OTHER,150,
MACON,2016,DEMOCRAT,HILLARY CLINTON,1548,REPUBLICAN,DONALD TRUMP,5798,OTHER,OTHER,275,
MACON,2020,DEMOCRAT,JOSEPH R BIDEN JR,1662,GREEN,OTHER,11,LIBERTARIAN,JO JORGENSEN,78,OTHER,OTHER,9,REPUBLICAN,DONALD J TRUMP,6076,
MADISON,2000,DEMOCRAT,AL GORE,1828,REPUBLICAN,GEORGE W. BUSH,2460,GREEN,RALPH NADER,42,OTHER,OTHER,43,
MADISON,2004,DEMOCRAT,JOHN KERRY,1972,REPUBLICAN,GEORGE W. BUSH,2905,OTHER,OTHER,41,
MADISON,2008,DEMOCRAT,BARACK OBAMA,2042,REPUBLICAN,JOHN MCCAIN,2897,OTHER,OTHER,89,
MADISON,2012,DEMOCRAT,BARACK OBAMA,1588,REPUBLICAN,MITT ROMNEY,3227,OTHER,OTHER,115,
MADISON,2016,DEMOCRAT,HILLARY CLINTON,1005,REPUBLICAN,DONALD TRUMP,4102,OTHER,OTHER,214,
MADISON,2020,DEMOCRAT,JOSEPH R BIDEN JR,1019,GREEN,OTHER,13,LIBERTARIAN,JO JORGENSEN,53,OTHER,OTHER,7,REPUBLICAN,DONALD J TRUMP,4584,
MARIES,2000,DEMOCRAT,AL GORE,1554,REPUBLICAN,GEORGE W. BUSH,2216,GREEN,RALPH NADER,32,OTHER,OTHER,52,
MARIES,2004,DEMOCRAT,JOHN KERRY,1563,REPUBLICAN,GEORGE W. BUSH,2825,OTHER,OTHER,36,
MARIES,2008,DEMOCRAT,BARACK OBAMA,1599,REPUBLICAN,JOHN MCCAIN,2853,OTHER,OTHER,96,
MARIES,2012,DEMOCRAT,BARACK OBAMA,1299,REPUBLICAN,MITT ROMNEY,3165,OTHER,OTHER,74,
MARIES,2016,DEMOCRAT,HILLARY CLINTON,794,REPUBLICAN,DONALD TRUMP,3561,OTHER,OTHER,145,
MARIES,2020,DEMOCRAT,JOSEPH R BIDEN JR,814,GREEN,OTHER,10,LIBERTARIAN,JO JORGENSEN,50,OTHER,OTHER,5,REPUBLICAN,DONALD J TRUMP,3892,
MARION,2000,DEMOCRAT,AL GORE,4993,REPUBLICAN,GEORGE W. BUSH,6550,GREEN,RALPH NADER,87,OTHER,OTHER,82,
MARION,2004,DEMOCRAT,JOHN KERRY,4568,REPUBLICAN,GEORGE W. BUSH,7815,OTHER,OTHER,70,
MARION,2008,DEMOCRAT,BARACK OBAMA,4703,REPUBLICAN,JOHN MCCAIN,7705,OTHER,OTHER,145,
MARION,2012,DEMOCRAT,BARACK OBAMA,4031,REPUBLICAN,MITT ROMNEY,7923,OTHER,OTHER,204,
MARION,2016,DEMOCRAT,HILLARY CLINTON,2994,REPUBLICAN,DONALD TRUMP,9419,OTHER,OTHER,525,
MARION,2020,DEMOCRAT,JOSEPH R BIDEN JR,3202,GREEN,OTHER,31,LIBERTARIAN,JO JORGENSEN,190,OTHER,OTHER,10,REPUBLICAN,DONALD J TRUMP,9915,
MERCER,2000,DEMOCRAT,AL GORE,555,REPUBLICAN,GEORGE W. BUSH,1250,GREEN,RALPH NADER,20,OTHER,OTHER,17,
MERCER,2004,DEMOCRAT,JOHN KERRY,582,REPUBLICAN,GEORGE W. BUSH,1207,OTHER,OTHER,28,
MERCER,2008,DEMOCRAT,BARACK OBAMA,519,REPUBLICAN,JOHN MCCAIN,1169,OTHER,OTHER,60,
MERCER,2012,DEMOCRAT,BARACK OBAMA,353,REPUBLICAN,MITT ROMNEY,1255,OTHER,OTHER,47,
MERCER,2016,DEMOCRAT,HILLARY CLINTON,216,REPUBLICAN,DONALD TRUMP,1486,OTHER,OTHER,43,
MERCER,2020,DEMOCRAT,JOSEPH R BIDEN JR,222,GREEN,OTHER,1,LIBERTARIAN,JO JORGENSEN,13,OTHER,OTHER,2,REPUBLICAN,DONALD J TRUMP,1541,
MILLER,2000,DEMOCRAT,AL GORE,3217,REPUBLICAN,GEORGE W. BUSH,5945,GREEN,RALPH NADER,133,OTHER,OTHER,61,
MILLER,2004,DEMOCRAT,JOHN KERRY,2959,REPUBLICAN,GEORGE W. BUSH,7797,OTHER,OTHER,75,
MILLER,2008,DEMOCRAT,BARACK OBAMA,3553,REPUBLICAN,JOHN MCCAIN,7797,OTHER,OTHER,185,
MILLER,2012,DEMOCRAT,BARACK OBAMA,2651,REPUBLICAN,MITT ROMNEY,8099,OTHER,OTHER,269,
MILLER,2016,DEMOCRAT,HILLARY CLINTON,1750,REPUBLICAN,DONALD TRUMP,9285,OTHER,OTHER,381,
MILLER,2020,DEMOCRAT,JOSEPH R BIDEN JR,2038,GREEN,OTHER,21,LIBERTARIAN,JO JORGENSEN,133,OTHER,OTHER,14,REPUBLICAN,DONALD J TRUMP,10176,
MISSISSIPPI,2000,DEMOCRAT,AL GORE,2756,REPUBLICAN,GEORGE W. BUSH,2395,GREEN,RALPH NADER,29,OTHER,OTHER,35,
MISSISSIPPI,2004,DEMOCRAT,JOHN KERRY,2374,REPUBLICAN,GEORGE W. BUSH,2903,OTHER,OTHER,21,
MISSISSIPPI,2008,DEMOCRAT,BARACK OBAMA,2247,REPUBLICAN,JOHN MCCAIN,3034,OTHER,OTHER,75,
MISSISSIPPI,2012,DEMOCRAT,BARACK OBAMA,1858,REPUBLICAN,MITT ROMNEY,2997,OTHER,OTHER,65,
MISSISSIPPI,2016,DEMOCRAT,HILLARY CLINTON,1458,REPUBLICAN,DONALD TRUMP,3600,OTHER,OTHER,111,
MISSISSIPPI,2020,DEMOCRAT,JOSEPH R BIDEN JR,1178,GREEN,OTHER,7,LIBERTARIAN,JO JORGENSEN,30,OTHER,OTHER,4,REPUBLICAN,DONALD J TRUMP,3537,
MONITEAU,2000,DEMOCRAT,AL GORE,2176,REPUBLICAN,GEORGE W. BUSH,3764,GREEN,RALPH NADER,60,OTHER,OTHER,65,
MONITEAU,2004,DEMOCRAT,JOHN KERRY,1913,REPUBLICAN,GEORGE W. BUSH,4743,OTHER,OTHER,35,
MONITEAU,2008,DEMOCRAT,BARACK OBAMA,2084,REPUBLICAN,JOHN MCCAIN,4467,OTHER,OTHER,114,
MONITEAU,2012,DEMOCRAT,BARACK OBAMA,1608,REPUBLICAN,MITT ROMNEY,4704,OTHER,OTHER,131,
MONITEAU,2016,DEMOCRAT,HILLARY CLINTON,1237,REPUBLICAN,DONALD TRUMP,5347,OTHER,OTHER,246,
MONITEAU,2020,DEMOCRAT,JOSEPH R BIDEN JR,1308,GREEN,OTHER,8,LIBERTARIAN,JO JORGENSEN,88,OTHER,OTHER,9,REPUBLICAN,DONALD J TRUMP,5744,
MONROE,2000,DEMOCRAT,AL GORE,1860,REPUBLICAN,GEORGE W. BUSH,2175,GREEN,RALPH NADER,20,OTHER,OTHER,39,
MONROE,2004,DEMOCRAT,JOHN KERRY,1647,REPUBLICAN,GEORGE W. BUSH,2632,OTHER,OTHER,28,
MONROE,2008,DEMOCRAT,BARACK OBAMA,1703,REPUBLICAN,JOHN MCCAIN,2533,OTHER,OTHER,78,
MONROE,2012,DEMOCRAT,BARACK OBAMA,1398,REPUBLICAN,MITT ROMNEY,2564,OTHER,OTHER,95,
MONROE,2016,DEMOCRAT,HILLARY CLINTON,853,REPUBLICAN,DONALD TRUMP,3159,OTHER,OTHER,144,
MONROE,2020,DEMOCRAT,JOSEPH R BIDEN JR,936,GREEN,OTHER,8,LIBERTARIAN,JO JORGENSEN,56,OTHER,OTHER,6,REPUBLICAN,DONALD J TRUMP,3477,
MONTGOMERY,2000,DEMOCRAT,AL GORE,2092,REPUBLICAN,GEORGE W. BUSH,3106,GREEN,RALPH NADER,70,OTHER,OTHER,35,
MONTGOMERY,2004,DEMOCRAT,JOHN KERRY,2147,REPUBLICAN,GEORGE W. BUSH,3563,OTHER,OTHER,50,
MONTGOMERY,2008,DEMOCRAT,BARACK OBAMA,2347,REPUBLICAN,JOHN MCCAIN,3428,OTHER,OTHER,81,
MONTGOMERY,2012,DEMOCRAT,BARACK OBAMA,1740,REPUBLICAN,MITT ROMNEY,3490,OTHER,OTHER,97,
MONTGOMERY,2016,DEMOCRAT,HILLARY CLINTON,1119,REPUBLICAN,DONALD TRUMP,4127,OTHER,OTHER,183,
MONTGOMERY,2020,DEMOCRAT,JOSEPH R BIDEN JR,1208,GREEN,OTHER,12,LIBERTARIAN,JO JORGENSEN,84,OTHER,OTHER,3,REPUBLICAN,DONALD J TRUMP,4465,
MORGAN,2000,DEMOCRAT,AL GORE,3235,REPUBLICAN,GEORGE W. BUSH,4460,GREEN,RALPH NADER,87,OTHER,OTHER,99,
MORGAN,2004,DEMOCRAT,JOHN KERRY,3053,REPUBLICAN,GEORGE W. BUSH,5657,OTHER,OTHER,61,
MORGAN,2008,DEMOCRAT,BARACK OBAMA,3565,REPUBLICAN,JOHN MCCAIN,5451,OTHER,OTHER,133,
MORGAN,2012,DEMOCRAT,BARACK OBAMA,2773,REPUBLICAN,MITT ROMNEY,5733,OTHER,OTHER,182,
MORGAN,2016,DEMOCRAT,HILLARY CLINTON,1768,REPUBLICAN,DONALD TRUMP,6760,OTHER,OTHER,293,
MORGAN,2020,DEMOCRAT,JOSEPH R BIDEN JR,1924,GREEN,OTHER,10,LIBERTARIAN,JO JORGENSEN,98,OTHER,OTHER,13,REPUBLICAN,DONALD J TRUMP,7442,
NEW MADRID,2000,DEMOCRAT,AL GORE,3738,REPUBLICAN,GEORGE W. BUSH,3416,GREEN,RALPH NADER,45,OTHER,OTHER,67,
NEW MADRID,2004,DEMOCRAT,JOHN KERRY,3716,REPUBLICAN,GEORGE W. BUSH,4154,OTHER,OTHER,37,
NEW MADRID,2008,DEMOCRAT,BARACK OBAMA,3370,REPUBLICAN,JOHN MCCAIN,4593,OTHER,OTHER,129,
NEW MADRID,2012,DEMOCRAT,BARACK OBAMA,2814,REPUBLICAN,MITT ROMNEY,4284,OTHER,OTHER,152,
NEW MADRID,2016,DEMOCRAT,HILLARY CLINTON,1933,REPUBLICAN,DONALD TRUMP,5270,OTHER,OTHER,154,
NEW MADRID,2020,DEMOCRAT,JOSEPH R BIDEN JR,1748,GREEN,OTHER,9,LIBERTARIAN,JO JORGENSEN,43,OTHER,OTHER,3,REPUBLICAN,DONALD J TRUMP,5447,
NEWTON,2000,DEMOCRAT,AL GORE,6447,REPUBLICAN,GEORGE W. BUSH,14232,GREEN,RALPH NADER,326,OTHER,OTHER,157,
NEWTON,2004,DEMOCRAT,JOHN KERRY,6564,REPUBLICAN,GEORGE W. BUSH,17187,OTHER,OTHER,138,
NEWTON,2008,DEMOCRAT,BARACK OBAMA,7450,REPUBLICAN,JOHN MCCAIN,17637,OTHER,OTHER,319,
NEWTON,2012,DEMOCRAT,BARACK OBAMA,6425,REPUBLICAN,MITT ROMNEY,18181,OTHER,OTHER,477,
NEWTON,2016,DEMOCRAT,HILLARY CLINTON,4990,REPUBLICAN,DONALD TRUMP,20553,OTHER,OTHER,1063,
NEWTON,2020,DEMOCRAT,JOSEPH R BIDEN JR,5818,GREEN,OTHER,67,LIBERTARIAN,JO JORGENSEN,385,OTHER,OTHER,15,REPUBLICAN,DONALD J TRUMP,22120,
NODAWAY,2000,DEMOCRAT,AL GORE,3553,REPUBLICAN,GEORGE W. BUSH,5161,GREEN,RALPH NADER,215,OTHER,OTHER,120,
NODAWAY,2004,DEMOCRAT,JOHN KERRY,3830,REPUBLICAN,GEORGE W. BUSH,6226,OTHER,OTHER,63,
NODAWAY,2008,DEMOCRAT,BARACK OBAMA,4493,REPUBLICAN,JOHN MCCAIN,5568,OTHER,OTHER,158,
NODAWAY,2012,DEMOCRAT,BARACK OBAMA,3172,REPUBLICAN,MITT ROMNEY,5593,OTHER,OTHER,211,
NODAWAY,2016,DEMOCRAT,HILLARY CLINTON,2529,REPUBLICAN,DONALD TRUMP,6380,OTHER,OTHER,549,
NODAWAY,2020,DEMOCRAT,JOSEPH R BIDEN JR,2853,GREEN,OTHER,29,LIBERTARIAN,JO JORGENSEN,131,OTHER,OTHER,15,REPUBLICAN,DONALD J TRUMP,6865,
OREGON,2000,DEMOCRAT,AL GORE,1568,REPUBLICAN,GEORGE W. BUSH,2521,GREEN,RALPH NADER,60,OTHER,OTHER,84,
OREGON,2004,DEMOCRAT,JOHN KERRY,1823,REPUBLICAN,GEORGE W. BUSH,2769,OTHER,OTHER,81,
OREGON,2008,DEMOCRAT,BARACK OBAMA,1811,REPUBLICAN,JOHN MCCAIN,2652,OTHER,OTHER,128,
OREGON,2012,DEMOCRAT,BARACK OBAMA,1419,REPUBLICAN,MITT ROMNEY,2886,OTHER,OTHER,116,
OREGON,2016,DEMOCRAT,HILLARY CLINTON,865,REPUBLICAN,DONALD TRUMP,3671,OTHER,OTHER,132,
OREGON,2020,DEMOCRAT,JOSEPH R BIDEN JR,823,GREEN,OTHER,2,LIBERTARIAN,JO JORGENSEN,58,OTHER,OTHER,9,REPUBLICAN,DONALD J TRUMP,3847,
OSAGE,2000,DEMOCRAT,AL GORE,1938,REPUBLICAN,GEORGE W. BUSH,4154,GREEN,RALPH NADER,50,OTHER,OTHER,36,
OSAGE,2004,DEMOCRAT,JOHN KERRY,1673,REPUBLICAN,GEORGE W. BUSH,4975,OTHER,OTHER,23,
OSAGE,2008,DEMOCRAT,BARACK OBAMA,1907,REPUBLICAN,JOHN MCCAIN,5062,OTHER,OTHER,110,
OSAGE,2012,DEMOCRAT,BARACK OBAMA,1473,REPUBLICAN,MITT ROMNEY,5329,OTHER,OTHER,117,
OSAGE,2016,DEMOCRAT,HILLARY CLINTON,998,REPUBLICAN,DONALD TRUMP,5856,OTHER,OTHER,236,
OSAGE,2020,DEMOCRAT,JOSEPH R BIDEN JR,1037,GREEN,OTHER,4,LIBERTARIAN,JO JORGENSEN,67,OTHER,OTHER,6,REPUBLICAN,DONALD J TRUMP,6425,
OZARK,2000,DEMOCRAT,AL GORE,1432,REPUBLICAN,GEORGE W. BUSH,2663,GREEN,RALPH NADER,118,OTHER,OTHER,79,
OZARK,2004,DEMOCRAT,JOHN KERRY,1561,REPUBLICAN,GEORGE W. BUSH,3083,OTHER,OTHER,63,
OZARK,2008,DEMOCRAT,BARACK OBAMA,1661,REPUBLICAN,JOHN MCCAIN,2918,OTHER,OTHER,107,
OZARK,2012,DEMOCRAT,BARACK OBAMA,1261,REPUBLICAN,MITT ROMNEY,3080,OTHER,OTHER,112,
OZARK,2016,DEMOCRAT,HILLARY CLINTON,724,REPUBLICAN,DONALD TRUMP,3639,OTHER,OTHER,142,
OZARK,2020,DEMOCRAT,JOSEPH R BIDEN JR,752,GREEN,OTHER,7,LIBERTARIAN,JO JORGENSEN,32,OTHER,OTHER,9,REPUBLICAN,DONALD J TRUMP,4064,
PEMISCOT,2000,DEMOCRAT,AL GORE,3245,REPUBLICAN,GEORGE W. BUSH,2750,GREEN,RALPH NADER,37,OTHER,OTHER,28,
PEMISCOT,2004,DEMOCRAT,JOHN KERRY,3381,REPUBLICAN,GEORGE W. BUSH,3398,OTHER,OTHER,27,
PEMISCOT,2008,DEMOCRAT,BARACK OBAMA,3029,REPUBLICAN,JOHN MCCAIN,3954,OTHER,OTHER,64,
PEMISCOT,2012,DEMOCRAT,BARACK OBAMA,2671,REPUBLICAN,MITT ROMNEY,3598,OTHER,OTHER,66,
PEMISCOT,2016,DEMOCRAT,HILLARY CLINTON,1947,REPUBLICAN,DONALD TRUMP,3964,OTHER,OTHER,116,
PEMISCOT,2020,DEMOCRAT,JOSEPH R BIDEN JR,1560,GREEN,OTHER,6,LIBERTARIAN,JO JORGENSEN,45,OTHER,OTHER,4,REPUBLICAN,DONALD J TRUMP,4120,
PERRY,2000,DEMOCRAT,AL GORE,2085,REPUBLICAN,GEORGE W. BUSH,4667,GREEN,RALPH NADER,70,OTHER,OTHER,81,
PERRY,2004,DEMOCRAT,JOHN KERRY,2621,REPUBLICAN,GEORGE W. BUSH,5583,OTHER,OTHER,43,
PERRY,2008,DEMOCRAT,BARACK OBAMA,3005,REPUBLICAN,JOHN MCCAIN,5527,OTHER,OTHER,115,
PERRY,2012,DEMOCRAT,BARACK OBAMA,2184,REPUBLICAN,MITT ROMNEY,5669,OTHER,OTHER,134,
PERRY,2016,DEMOCRAT,HILLARY CLINTON,1520,REPUBLICAN,DONALD TRUMP,6908,OTHER,OTHER,312,
PERRY,2020,DEMOCRAT,JOSEPH R BIDEN JR,1664,GREEN,OTHER,18,LIBERTARIAN,JO JORGENSEN,102,OTHER,OTHER,6,REPUBLICAN,DONALD J TRUMP,7657,
PETTIS,2000,DEMOCRAT,AL GORE,5855,REPUBLICAN,GEORGE W. BUSH,9533,GREEN,RALPH NADER,223,OTHER,OTHER,144,
PETTIS,2004,DEMOCRAT,JOHN KERRY,5801,REPUBLICAN,GEORGE W. BUSH,11603,OTHER,OTHER,92,
PETTIS,2008,DEMOCRAT,BARACK OBAMA,6932,REPUBLICAN,JOHN MCCAIN,11018,OTHER,OTHER,258,
PETTIS,2012,DEMOCRAT,BARACK OBAMA,5904,REPUBLICAN,MITT ROMNEY,10842,OTHER,OTHER,429,
PETTIS,2016,DEMOCRAT,HILLARY CLINTON,4324,REPUBLICAN,DONALD TRUMP,12810,OTHER,OTHER,977,
PETTIS,2020,DEMOCRAT,JOSEPH R BIDEN JR,4783,GREEN,OTHER,58,LIBERTARIAN,JO JORGENSEN,381,OTHER,OTHER,21,REPUBLICAN,DONALD J TRUMP,13854,
PHELPS,2000,DEMOCRAT,AL GORE,6262,REPUBLICAN,GEORGE W. BUSH,9444,GREEN,RALPH NADER,253,OTHER,OTHER,187,
PHELPS,2004,DEMOCRAT,JOHN KERRY,6666,REPUBLICAN,GEORGE W. BUSH,11874,OTHER,OTHER,160,
PHELPS,2008,DEMOCRAT,BARACK OBAMA,7394,REPUBLICAN,JOHN MCCAIN,11706,OTHER,OTHER,338,
PHELPS,2012,DEMOCRAT,BARACK OBAMA,5798,REPUBLICAN,MITT ROMNEY,11895,OTHER,OTHER,497,
PHELPS,2016,DEMOCRAT,HILLARY CLINTON,4766,REPUBLICAN,DONALD TRUMP,12709,OTHER,OTHER,1078,
PHELPS,2020,DEMOCRAT,JOSEPH R BIDEN JR,5637,GREEN,OTHER,63,LIBERTARIAN,JO JORGENSEN,367,OTHER,OTHER,21,REPUBLICAN,DONALD J TRUMP,13480,
PIKE,2000,DEMOCRAT,AL GORE,3557,REPUBLICAN,GEORGE W. BUSH,3648,GREEN,RALPH NADER,79,OTHER,OTHER,67,
PIKE,2004,DEMOCRAT,JOHN KERRY,3670,REPUBLICAN,GEORGE W. BUSH,4314,OTHER,OTHER,56,
PIKE,2008,DEMOCRAT,BARACK OBAMA,3487,REPUBLICAN,JOHN MCCAIN,4268,OTHER,OTHER,126,
PIKE,2012,DEMOCRAT,BARACK OBAMA,2582,REPUBLICAN,MITT ROMNEY,4577,OTHER,OTHER,162,
PIKE,2016,DEMOCRAT,HILLARY CLINTON,1806,REPUBLICAN,DONALD TRUMP,5274,OTHER,OTHER,302,
PIKE,2020,DEMOCRAT,JOSEPH R BIDEN JR,1717,GREEN,OTHER,19,LIBERTARIAN,JO JORGENSEN,93,OTHER,OTHER,3,REPUBLICAN,DONALD J TRUMP,5863,
PLATTE,2000,DEMOCRAT,AL GORE,15325,REPUBLICAN,GEORGE W. BUSH,17785,GREEN,RALPH NADER,648,OTHER,OTHER,296,
PLATTE,2004,DEMOCRAT,JOHN KERRY,18412,REPUBLICAN,GEORGE W. BUSH,23302,OTHER,OTHER,256,
PLATTE,2008,DEMOCRAT,BARACK OBAMA,21459,REPUBLICAN,JOHN MCCAIN,24460,OTHER,OTHER,561,
PLATTE,2012,DEMOCRAT,BARACK OBAMA,19175,REPUBLICAN,MITT ROMNEY,25618,OTHER,OTHER,759,
PLATTE,2016,DEMOCRAT,HILLARY CLINTON,20057,REPUBLICAN,DONALD TRUMP,25933,OTHER,OTHER,2895,
PLATTE,2020,DEMOCRAT,JOSEPH R BIDEN JR,27179,GREEN,OTHER,182,LIBERTARIAN,JO JORGENSEN,902,OTHER,OTHER,90,REPUBLICAN,DONALD J TRUMP,28917,
POLK,2000,DEMOCRAT,AL GORE,3606,REPUBLICAN,GEORGE W. BUSH,6430,GREEN,RALPH NADER,119,OTHER,OTHER,139,
POLK,2004,DEMOCRAT,JOHN KERRY,3775,REPUBLICAN,GEORGE W. BUSH,8586,OTHER,OTHER,92,
POLK,2008,DEMOCRAT,BARACK OBAMA,4553,REPUBLICAN,JOHN MCCAIN,8956,OTHER,OTHER,188,
POLK,2012,DEMOCRAT,BARACK OBAMA,3580,REPUBLICAN,MITT ROMNEY,9252,OTHER,OTHER,287,
POLK,2016,DEMOCRAT,HILLARY CLINTON,2631,REPUBLICAN,DONALD TRUMP,10438,OTHER,OTHER,694,
POLK,2020,DEMOCRAT,JOSEPH R BIDEN JR,2885,GREEN,OTHER,22,LIBERTARIAN,JO JORGENSEN,278,OTHER,OTHER,29,REPUBLICAN,DONALD J TRUMP,11850,
PULASKI,2000,DEMOCRAT,AL GORE,3800,REPUBLICAN,GEORGE W. BUSH,6531,GREEN,RALPH NADER,120,OTHER,OTHER,80,
PULASKI,2004,DEMOCRAT,JOHN KERRY,3551,REPUBLICAN,GEORGE W. BUSH,8618,OTHER,OTHER,52,
PULASKI,2008,DEMOCRAT,BARACK OBAMA,5249,REPUBLICAN,JOHN MCCAIN,9552,OTHER,OTHER,199,
PULASKI,2012,DEMOCRAT,BARACK OBAMA,4199,REPUBLICAN,MITT ROMNEY,9092,OTHER,OTHER,280,
PULASKI,2016,DEMOCRAT,HILLARY CLINTON,2922,REPUBLICAN,DONALD TRUMP,9876,OTHER,OTHER,690,
PULASKI,2020,DEMOCRAT,JOSEPH R BIDEN JR,3740,GREEN,OTHER,36,LIBERTARIAN,JO JORGENSEN,286,OTHER,OTHER,23,REPUBLICAN,DONALD J TRUMP,10329,
PUTNAM,2000,DEMOCRAT,AL GORE,708,REPUBLICAN,GEORGE W. BUSH,1593,GREEN,RALPH NADER,19,OTHER,OTHER,14,
PUTNAM,2004,DEMOCRAT,JOHN KERRY,772,REPUBLICAN,GEORGE W. BUSH,1660,OTHER,OTHER,13,
PUTNAM,2008,DEMOCRAT,BARACK OBAMA,695,REPUBLICAN,JOHN MCCAIN,1591,OTHER,OTHER,53,
PUTNAM,2012,DEMOCRAT,BARACK OBAMA,587,REPUBLICAN,MITT ROMNEY,1673,OTHER,OTHER,49,
PUTNAM,2016,DEMOCRAT,HILLARY CLINTON,353,REPUBLICAN,DONALD TRUMP,1936,OTHER,OTHER,57,
PUTNAM,2020,DEMOCRAT,JOSEPH R BIDEN JR,361,GREEN,OTHER,0,LIBERTARIAN,JO JORGENSEN,13,OTHER,OTHER,3,REPUBLICAN,DONALD J TRUMP,1984,
RALLS,2000,DEMOCRAT,AL GORE,2033,REPUBLICAN,GEORGE W. BUSH,2446,GREEN,RALPH NADER,36,OTHER,OTHER,27,
RALLS,2004,DEMOCRAT,JOHN KERRY,2031,REPUBLICAN,GEORGE W. BUSH,2986,OTHER,OTHER,17,
RALLS,2008,DEMOCRAT,BARACK OBAMA,2041,REPUBLICAN,JOHN MCCAIN,2987,OTHER,OTHER,56,
RALLS,2012,DEMOCRAT,BARACK OBAMA,1736,REPUBLICAN,MITT ROMNEY,3231,OTHER,OTHER,69,
RALLS,2016,DEMOCRAT,HILLARY CLINTON,1138,REPUBLICAN,DONALD TRUMP,3969,OTHER,OTHER,159,
RALLS,2020,DEMOCRAT,JOSEPH R BIDEN JR,1205,GREEN,OTHER,7,LIBERTARIAN,JO JORGENSEN,51,OTHER,OTHER,3,REPUBLICAN,DONALD J TRUMP,4396,
RANDOLPH,2000,DEMOCRAT,AL GORE,4116,REPUBLICAN,GEORGE W. BUSH,4844,GREEN,RALPH NADER,114,OTHER,OTHER,112,
RANDOLPH,2004,DEMOCRAT,JOHN KERRY,3586,REPUBLICAN,GEORGE W. BUSH,6551,OTHER,OTHER,61,
RANDOLPH,2008,DEMOCRAT,BARACK OBAMA,3984,REPUBLICAN,JOHN MCCAIN,6457,OTHER,OTHER,183,
RANDOLPH,2012,DEMOCRAT,BARACK OBAMA,3031,REPUBLICAN,MITT ROMNEY,6667,OTHER,OTHER,246,
RANDOLPH,2016,DEMOCRAT,HILLARY CLINTON,2283,REPUBLICAN,DONALD TRUMP,7529,OTHER,OTHER,497,
RANDOLPH,2020,DEMOCRAT,JOSEPH R BIDEN JR,2485,GREEN,OTHER,27,LIBERTARIAN,JO JORGENSEN,200,OTHER,OTHER,14,REPUBLICAN,DONALD J TRUMP,8018,
RAY,2000,DEMOCRAT,AL GORE,4970,REPUBLICAN,GEORGE W. BUSH,4517,GREEN,RALPH NADER,145,OTHER,OTHER,115,
RAY,2004,DEMOCRAT,JOHN KERRY,5034,REPUBLICAN,GEORGE W. BUSH,5673,OTHER,OTHER,81,
RAY,2008,DEMOCRAT,BARACK OBAMA,5241,REPUBLICAN,JOHN MCCAIN,5593,OTHER,OTHER,219,
RAY,2012,DEMOCRAT,BARACK OBAMA,4275,REPUBLICAN,MITT ROMNEY,5815,OTHER,OTHER,277,
RAY,2016,DEMOCRAT,HILLARY CLINTON,3090,REPUBLICAN,DONALD TRUMP,7104,OTHER,OTHER,675,
RAY,2020,DEMOCRAT,JOSEPH R BIDEN JR,3109,GREEN,OTHER,29,LIBERTARIAN,JO JORGENSEN,145,OTHER,OTHER,21,REPUBLICAN,DONALD J TRUMP,8345,
REYNOLDS,2000,DEMOCRAT,AL GORE,1298,REPUBLICAN,GEORGE W. BUSH,1762,GREEN,RALPH NADER,42,OTHER,OTHER,29,
REYNOLDS,2004,DEMOCRAT,JOHN KERRY,1449,REPUBLICAN,GEORGE W. BUSH,1896,OTHER,OTHER,19,
REYNOLDS,2008,DEMOCRAT,BARACK OBAMA,1418,REPUBLICAN,JOHN MCCAIN,1782,OTHER,OTHER,87,
REYNOLDS,2012,DEMOCRAT,BARACK OBAMA,1157,REPUBLICAN,MITT ROMNEY,1931,OTHER,OTHER,114,
REYNOLDS,2016,DEMOCRAT,HILLARY CLINTON,540,REPUBLICAN,DONALD TRUMP,2406,OTHER,OTHER,92,
REYNOLDS,2020,DEMOCRAT,JOSEPH R BIDEN JR,529,GREEN,OTHER,8,LIBERTARIAN,JO JORGENSEN,24,OTHER,OTHER,4,REPUBLICAN,DONALD J TRUMP,2733,
RIPLEY,2000,DEMOCRAT,AL GORE,1820,REPUBLICAN,GEORGE W. BUSH,3121,GREEN,RALPH NADER,58,OTHER,OTHER,66,
RIPLEY,2004,DEMOCRAT,JOHN KERRY,1907,REPUBLICAN,GEORGE W. BUSH,3693,OTHER,OTHER,53,
RIPLEY,2008,DEMOCRAT,BARACK OBAMA,1795,REPUBLICAN,JOHN MCCAIN,3407,OTHER,OTHER,161,
RIPLEY,2012,DEMOCRAT,BARACK OBAMA,1396,REPUBLICAN,MITT ROMNEY,3743,OTHER,OTHER,124,
RIPLEY,2016,DEMOCRAT,HILLARY CLINTON,830,REPUBLICAN,DONALD TRUMP,4522,OTHER,OTHER,172,
RIPLEY,2020,DEMOCRAT,JOSEPH R BIDEN JR,833,GREEN,OTHER,7,LIBERTARIAN,JO JORGENSEN,34,OTHER,OTHER,4,REPUBLICAN,DONALD J TRUMP,4839,
ST. CHARLES,2000,DEMOCRAT,AL GORE,53806,REPUBLICAN,GEORGE W. BUSH,72114,GREEN,RALPH NADER,1900,OTHER,OTHER,866,
ST. CHARLES,2004,DEMOCRAT,JOHN KERRY,66855,REPUBLICAN,GEORGE W. BUSH,95826,OTHER,OTHER,807,
ST. CHARLES,2008,DEMOCRAT,BARACK OBAMA,84183,REPUBLICAN,JOHN MCCAIN,102550,OTHER,OTHER,1796,
ST. CHARLES,2012,DEMOCRAT,BARACK OBAMA,71838,REPUBLICAN,MITT ROMNEY,110784,OTHER,OTHER,3068,
ST. CHARLES,2016,DEMOCRAT,HILLARY CLINTON,68626,REPUBLICAN,DONALD TRUMP,121650,OTHER,OTHER,10729,
ST. CHARLES,2020,DEMOCRAT,JOSEPH R BIDEN JR,89530,GREEN,OTHER,548,LIBERTARIAN,JO JORGENSEN,3317,OTHER,OTHER,233,REPUBLICAN,DONALD J TRUMP,128389,
ST. CLAIR,2000,DEMOCRAT,AL GORE,1866,REPUBLICAN,GEORGE W. BUSH,2731,GREEN,RALPH NADER,80,OTHER,OTHER,62,
ST. CLAIR,2004,DEMOCRAT,JOHN KERRY,1841,REPUBLICAN,GEORGE W. BUSH,3098,OTHER,OTHER,26,
ST. CLAIR,2008,DEMOCRAT,BARACK OBAMA,1886,REPUBLICAN,JOHN MCCAIN,2981,OTHER,OTHER,121,
ST. CLAIR,2012,DEMOCRAT,BARACK OBAMA,1460,REPUBLICAN,MITT ROMNEY,3019,OTHER,OTHER,147,
ST. CLAIR,2016,DEMOCRAT,HILLARY CLINTON,936,REPUBLICAN,DONALD TRUMP,3501,OTHER,OTHER,193,
ST. CLAIR,2020,DEMOCRAT,JOSEPH R BIDEN JR,988,GREEN,OTHER,7,LIBERTARIAN,JO JORGENSEN,43,OTHER,OTHER,4,REPUBLICAN,DONALD J TRUMP,3932,
STE. GENEVIEVE,2000,DEMOCRAT,AL GORE,3600,REPUBLICAN,GEORGE W. BUSH,3505,GREEN,RALPH NADER,127,OTHER,OTHER,79,
STE. GENEVIEVE,2004,DEMOCRAT,JOHN KERRY,4281,REPUBLICAN,GEORGE W. BUSH,3791,OTHER,OTHER,74,
STE. GENEVIEVE,2008,DEMOCRAT,BARACK OBAMA,4979,REPUBLICAN,JOHN MCCAIN,3732,OTHER,OTHER,114,
STE. GENEVIEVE,2012,DEMOCRAT,BARACK OBAMA,3813,REPUBLICAN,MITT ROMNEY,4055,OTHER,OTHER,202,
STE. GENEVIEVE,2016,DEMOCRAT,HILLARY CLINTON,2542,REPUBLICAN,DONALD TRUMP,5496,OTHER,OTHER,431,
STE. GENEVIEVE,2020,DEMOCRAT,JOSEPH R BIDEN JR,2713,GREEN,OTHER,14,LIBERTARIAN,JO JORGENSEN,111,OTHER,OTHER,16,REPUBLICAN,DONALD J TRUMP,6630,
ST. FRANCOIS,2000,DEMOCRAT,AL GORE,9075,REPUBLICAN,GEORGE W. BUSH,9327,GREEN,RALPH NADER,265,OTHER,OTHER,174,
ST. FRANCOIS,2004,DEMOCRAT,JOHN KERRY,10748,REPUBLICAN,GEORGE W. BUSH,12087,OTHER,OTHER,98,
ST. FRANCOIS,2008,DEMOCRAT,BARACK OBAMA,11540,REPUBLICAN,JOHN MCCAIN,12660,OTHER,OTHER,350,
ST. FRANCOIS,2012,DEMOCRAT,BARACK OBAMA,8829,REPUBLICAN,MITT ROMNEY,13248,OTHER,OTHER,505,
ST. FRANCOIS,2016,DEMOCRAT,HILLARY CLINTON,6250,REPUBLICAN,DONALD TRUMP,17468,OTHER,OTHER,1010,
ST. FRANCOIS,2020,DEMOCRAT,JOSEPH R BIDEN JR,7044,GREEN,OTHER,73,LIBERTARIAN,JO JORGENSEN,337,OTHER,OTHER,36,REPUBLICAN,DONALD J TRUMP,20511,
ST. LOUIS COUNTY,2000,DEMOCRAT,AL GORE,250631,REPUBLICAN,GEORGE W. BUSH,224689,GREEN,RALPH NADER,8474,OTHER,OTHER,3090,
ST. LOUIS COUNTY,2004,DEMOCRAT,JOHN KERRY,295284,REPUBLICAN,GEORGE W. BUSH,244969,OTHER,OTHER,2730,
ST. LOUIS COUNTY,2008,DEMOCRAT,BARACK OBAMA,333123,REPUBLICAN,JOHN MCCAIN,221705,OTHER,OTHER,5026,
ST. LOUIS COUNTY,2012,DEMOCRAT,BARACK OBAMA,297097,REPUBLICAN,MITT ROMNEY,224742,OTHER,OTHER,6837,
ST. LOUIS COUNTY,2016,DEMOCRAT,HILLARY CLINTON,286704,REPUBLICAN,DONALD TRUMP,202434,OTHER,OTHER,25720,
ST. LOUIS COUNTY,2020,DEMOCRAT,JOSEPH R BIDEN JR,328151,GREEN,OTHER,1843,LIBERTARIAN,JO JORGENSEN,6119,OTHER,OTHER,840,REPUBLICAN,DONALD J TRUMP,199493,
SALINE,2000,DEMOCRAT,AL GORE,4585,REPUBLICAN,GEORGE W. BUSH,4572,GREEN,RALPH NADER,131,OTHER,OTHER,67,
SALINE,2004,DEMOCRAT,JOHN KERRY,4479,REPUBLICAN,GEORGE W. BUSH,5389,OTHER,OTHER,71,
SALINE,2008,DEMOCRAT,BARACK OBAMA,4712,REPUBLICAN,JOHN MCCAIN,4962,OTHER,OTHER,174,
SALINE,2012,DEMOCRAT,BARACK OBAMA,3790,REPUBLICAN,MITT ROMNEY,5104,OTHER,OTHER,214,
SALINE,2016,DEMOCRAT,HILLARY CLINTON,2789,REPUBLICAN,DONALD TRUMP,5977,OTHER,OTHER,508,
SALINE,2020,DEMOCRAT,JOSEPH R BIDEN JR,2904,GREEN,OTHER,23,LIBERTARIAN,JO JORGENSEN,135,OTHER,OTHER,6,REPUBLICAN,DONALD J TRUMP,6451,
SCHUYLER,2000,DEMOCRAT,AL GORE,808,REPUBLICAN,GEORGE W. BUSH,1159,GREEN,RALPH NADER,16,OTHER,OTHER,23,
SCHUYLER,2004,DEMOCRAT,JOHN KERRY,894,REPUBLICAN,GEORGE W. BUSH,1124,OTHER,OTHER,13,
SCHUYLER,2008,DEMOCRAT,BARACK OBAMA,775,REPUBLICAN,JOHN MCCAIN,1139,OTHER,OTHER,69,
SCHUYLER,2012,DEMOCRAT,BARACK OBAMA,697,REPUBLICAN,MITT ROMNEY,1174,OTHER,OTHER,68,
SCHUYLER,2016,DEMOCRAT,HILLARY CLINTON,354,REPUBLICAN,DONALD TRUMP,1505,OTHER,OTHER,77,
SCHUYLER,2020,DEMOCRAT,JOSEPH R BIDEN JR,373,GREEN,OTHER,3,LIBERTARIAN,JO JORGENSEN,20,OTHER,OTHER,1,REPUBLICAN,DONALD J TRUMP,1606,
SCOTLAND,2000,DEMOCRAT,AL GORE,790,REPUBLICAN,GEORGE W. BUSH,1335,GREEN,RALPH NADER,37,OTHER,OTHER,17,
SCOTLAND,2004,DEMOCRAT,JOHN KERRY,828,REPUBLICAN,GEORGE W. BUSH,1352,OTHER,OTHER,17,
SCOTLAND,2008,DEMOCRAT,BARACK OBAMA,793,REPUBLICAN,JOHN MCCAIN,1249,OTHER,OTHER,56,
SCOTLAND,2012,DEMOCRAT,BARACK OBAMA,643,REPUBLICAN,MITT ROMNEY,1246,OTHER,OTHER,47,
SCOTLAND,2016,DEMOCRAT,HILLARY CLINTON,365,REPUBLICAN,DONALD TRUMP,1525,OTHER,OTHER,78,
SCOTLAND,2020,DEMOCRAT,JOSEPH R BIDEN JR,388,GREEN,OTHER,7,LIBERTARIAN,JO JORGENSEN,25,OTHER,OTHER,4,REPUBLICAN,DONALD J TRUMP,1560,
SCOTT,2000,DEMOCRAT,AL GORE,6452,REPUBLICAN,GEORGE W. BUSH,8999,GREEN,RALPH NADER,113,OTHER,OTHER,140,
SCOTT,2004,DEMOCRAT,JOHN KERRY,6057,REPUBLICAN,GEORGE W. BUSH,11330,OTHER,OTHER,61,
SCOTT,2008,DEMOCRAT,BARACK OBAMA,6258,REPUBLICAN,JOHN MCCAIN,11563,OTHER,OTHER,205,
SCOTT,2012,DEMOCRAT,BARACK OBAMA,5122,REPUBLICAN,MITT ROMNEY,11623,OTHER,OTHER,254,
SCOTT,2016,DEMOCRAT,HILLARY CLINTON,3575,REPUBLICAN,DONALD TRUMP,13168,OTHER,OTHER,513,
SCOTT,2020,DEMOCRAT,JOSEPH R BIDEN JR,3753,GREEN,OTHER,30,LIBERTARIAN,JO JORGENSEN,156,OTHER,OTHER,11,REPUBLICAN,DONALD J TRUMP,13769,
SHANNON,2000,DEMOCRAT,AL GORE,1430,REPUBLICAN,GEORGE W. BUSH,2245,GREEN,RALPH NADER,48,OTHER,OTHER,58,
SHANNON,2004,DEMOCRAT,JOHN KERRY,1618,REPUBLICAN,GEORGE W. BUSH,2511,OTHER,OTHER,38,
SHANNON,2008,DEMOCRAT,BARACK OBAMA,1637,REPUBLICAN,JOHN MCCAIN,2075,OTHER,OTHER,126,
SHANNON,2012,DEMOCRAT,BARACK OBAMA,1302,REPUBLICAN,MITT ROMNEY,2262,OTHER,OTHER,128,
SHANNON,2016,DEMOCRAT,HILLARY CLINTON,776,REPUBLICAN,DONALD TRUMP,2966,OTHER,OTHER,162,
SHANNON,2020,DEMOCRAT,JOSEPH R BIDEN JR,706,GREEN,OTHER,8,LIBERTARIAN,JO JORGENSEN,24,OTHER,OTHER,3,REPUBLICAN,DONALD J TRUMP,3165,
SHELBY,2000,DEMOCRAT,AL GORE,1262,REPUBLICAN,GEORGE W. BUSH,1936,GREEN,RALPH NADER,37,OTHER,OTHER,22,
SHELBY,2004,DEMOCRAT,JOHN KERRY,1201,REPUBLICAN,GEORGE W. BUSH,2280,OTHER,OTHER,21,
SHELBY,2008,DEMOCRAT,BARACK OBAMA,1114,REPUBLICAN,JOHN MCCAIN,2166,OTHER,OTHER,36,
SHELBY,2012,DEMOCRAT,BARACK OBAMA,966,REPUBLICAN,MITT ROMNEY,2188,OTHER,OTHER,78,
SHELBY,2016,DEMOCRAT,HILLARY CLINTON,606,REPUBLICAN,DONALD TRUMP,2524,OTHER,OTHER,125,
SHELBY,2020,DEMOCRAT,JOSEPH R BIDEN JR,592,GREEN,OTHER,8,LIBERTARIAN,JO JORGENSEN,46,OTHER,OTHER,4,REPUBLICAN,DONALD J TRUMP,2700,
STODDARD,2000,DEMOCRAT,AL GORE,4476,REPUBLICAN,GEORGE W. BUSH,7727,GREEN,RALPH NADER,114,OTHER,OTHER,137,
STODDARD,2004,DEMOCRAT,JOHN KERRY,3946,REPUBLICAN,GEORGE W. BUSH,9242,OTHER,OTHER,64,
STODDARD,2008,DEMOCRAT,BARACK OBAMA,3899,REPUBLICAN,JOHN MCCAIN,9172,OTHER,OTHER,191,
STODDARD,2012,DEMOCRAT,BARACK OBAMA,3153,REPUBLICAN,MITT ROMNEY,9496,OTHER,OTHER,217,
STODDARD,2016,DEMOCRAT,HILLARY CLINTON,1876,REPUBLICAN,DONALD TRUMP,11079,OTHER,OTHER,336,
STODDARD,2020,DEMOCRAT,JOSEPH R BIDEN JR,1819,GREEN,OTHER,16,LIBERTARIAN,JO JORGENSEN,99,OTHER,OTHER,8,REPUBLICAN,DONALD J TRUMP,11484,
STONE,2000,DEMOCRAT,AL GORE,4055,REPUBLICAN,GEORGE W. BUSH,7793,GREEN,RALPH NADER,179,OTHER,OTHER,124,
STONE,2004,DEMOCRAT,JOHN KERRY,4578,REPUBLICAN,GEORGE W. BUSH,10534,OTHER,OTHER,77,
STONE,2008,DEMOCRAT,BARACK OBAMA,5029,REPUBLICAN,JOHN MCCAIN,11147,OTHER,OTHER,211,
STONE,2012,DEMOCRAT,BARACK OBAMA,3923,REPUBLICAN,MITT ROMNEY,11787,OTHER,OTHER,274,
STONE,2016,DEMOCRAT,HILLARY CLINTON,2887,REPUBLICAN,DONALD TRUMP,13158,OTHER,OTHER,522,
STONE,2020,DEMOCRAT,JOSEPH R BIDEN JR,3506,GREEN,OTHER,22,LIBERTARIAN,JO JORGENSEN,146,OTHER,OTHER,9,REPUBLICAN,DONALD J TRUMP,14800,
SULLIVAN,2000,DEMOCRAT,AL GORE,1127,REPUBLICAN,GEORGE W. BUSH,1877,GREEN,RALPH NADER,27,OTHER,OTHER,33,
SULLIVAN,2004,DEMOCRAT,JOHN KERRY,1178,REPUBLICAN,GEORGE W. BUSH,1880,OTHER,OTHER,31,
SULLIVAN,2008,DEMOCRAT,BARACK OBAMA,1173,REPUBLICAN,JOHN MCCAIN,1607,OTHER,OTHER,89,
SULLIVAN,2012,DEMOCRAT,BARACK OBAMA,908,REPUBLICAN,MITT ROMNEY,1610,OTHER,OTHER,77,
SULLIVAN,2016,DEMOCRAT,HILLARY CLINTON,526,REPUBLICAN,DONALD TRUMP,1884,OTHER,OTHER,76,
SULLIVAN,2020,DEMOCRAT,JOSEPH R BIDEN JR,478,GREEN,OTHER,2,LIBERTARIAN,JO JORGENSEN,14,OTHER,OTHER,3,REPUBLICAN,DONALD J TRUMP,1974,
TANEY,2000,DEMOCRAT,AL GORE,5092,REPUBLICAN,GEORGE W. BUSH,9647,GREEN,RALPH NADER,204,OTHER,OTHER,169,
TANEY,2004,DEMOCRAT,JOHN KERRY,5601,REPUBLICAN,GEORGE W. BUSH,13578,OTHER,OTHER,101,
TANEY,2008,DEMOCRAT,BARACK OBAMA,6683,REPUBLICAN,JOHN MCCAIN,14736,OTHER,OTHER,245,
TANEY,2012,DEMOCRAT,BARACK OBAMA,5479,REPUBLICAN,MITT ROMNEY,15746,OTHER,OTHER,434,
TANEY,2016,DEMOCRAT,HILLARY CLINTON,4373,REPUBLICAN,DONALD TRUMP,18276,OTHER,OTHER,866,
TANEY,2020,DEMOCRAT,JOSEPH R BIDEN JR,5339,GREEN,OTHER,81,LIBERTARIAN,JO JORGENSEN,326,OTHER,OTHER,34,REPUBLICAN,DONALD J TRUMP,20508,
TEXAS,2000,DEMOCRAT,AL GORE,3486,REPUBLICAN,GEORGE W. BUSH,6136,GREEN,RALPH NADER,137,OTHER,OTHER,173,
TEXAS,2004,DEMOCRAT,JOHN KERRY,3664,REPUBLICAN,GEORGE W. BUSH,7234,OTHER,OTHER,120,
TEXAS,2008,DEMOCRAT,BARACK OBAMA,3410,REPUBLICAN,JOHN MCCAIN,7215,OTHER,OTHER,226,
TEXAS,2012,DEMOCRAT,BARACK OBAMA,2871,REPUBLICAN,MITT ROMNEY,7618,OTHER,OTHER,275,
TEXAS,2016,DEMOCRAT,HILLARY CLINTON,1728,REPUBLICAN,DONALD TRUMP,8875,OTHER,OTHER,353,
TEXAS,2020,DEMOCRAT,JOSEPH R BIDEN JR,1716,GREEN,OTHER,14,LIBERTARIAN,JO JORGENSEN,93,OTHER,OTHER,14,REPUBLICAN,DONALD J TRUMP,9478,
VERNON,2000,DEMOCRAT,AL GORE,3156,REPUBLICAN,GEORGE W. BUSH,4985,GREEN,RALPH NADER,156,OTHER,OTHER,111,
VERNON,2004,DEMOCRAT,JOHN KERRY,3206,REPUBLICAN,GEORGE W. BUSH,5732,OTHER,OTHER,54,
VERNON,2008,DEMOCRAT,BARACK OBAMA,3381,REPUBLICAN,JOHN MCCAIN,5334,OTHER,OTHER,163,
VERNON,2012,DEMOCRAT,BARACK OBAMA,2580,REPUBLICAN,MITT ROMNEY,5758,OTHER,OTHER,183,
VERNON,2016,DEMOCRAT,HILLARY CLINTON,1707,REPUBLICAN,DONALD TRUMP,6533,OTHER,OTHER,359,
VERNON,2020,DEMOCRAT,JOSEPH R BIDEN JR,1903,GREEN,OTHER,12,LIBERTARIAN,JO JORGENSEN,110,OTHER,OTHER,5,REPUBLICAN,DONALD J TRUMP,7155,
WARREN,2000,DEMOCRAT,AL GORE,4524,REPUBLICAN,GEORGE W. BUSH,5979,GREEN,RALPH NADER,150,OTHER,OTHER,87,
WARREN,2004,DEMOCRAT,JOHN KERRY,5461,REPUBLICAN,GEORGE W. BUSH,7883,OTHER,OTHER,88,
WARREN,2008,DEMOCRAT,BARACK OBAMA,6705,REPUBLICAN,JOHN MCCAIN,8675,OTHER,OTHER,196,
WARREN,2012,DEMOCRAT,BARACK OBAMA,5219,REPUBLICAN,MITT ROMNEY,9150,OTHER,OTHER,307,
WARREN,2016,DEMOCRAT,HILLARY CLINTON,3915,REPUBLICAN,DONALD TRUMP,11111,OTHER,OTHER,758,
WARREN,2020,DEMOCRAT,JOSEPH R BIDEN JR,4769,GREEN,OTHER,44,LIBERTARIAN,JO JORGENSEN,322,OTHER,OTHER,18,REPUBLICAN,DONALD J TRUMP,13222,
WASHINGTON,2000,DEMOCRAT,AL GORE,4047,REPUBLICAN,GEORGE W. BUSH,4020,GREEN,RALPH NADER,95,OTHER,OTHER,103,
WASHINGTON,2004,DEMOCRAT,JOHN KERRY,4459,REPUBLICAN,GEORGE W. BUSH,4641,OTHER,OTHER,78,
WASHINGTON,2008,DEMOCRAT,BARACK OBAMA,4711,REPUBLICAN,JOHN MCCAIN,4706,OTHER,OTHER,197,
WASHINGTON,2012,DEMOCRAT,BARACK OBAMA,3417,REPUBLICAN,MITT ROMNEY,5071,OTHER,OTHER,207,
WASHINGTON,2016,DEMOCRAT,HILLARY CLINTON,1926,REPUBLICAN,DONALD TRUMP,7048,OTHER,OTHER,308,
WASHINGTON,2020,DEMOCRAT,JOSEPH R BIDEN JR,1804,GREEN,OTHER,22,LIBERTARIAN,JO JORGENSEN,94,OTHER,OTHER,9,REPUBLICAN,DONALD J TRUMP,8047,
WAYNE,2000,DEMOCRAT,AL GORE,2387,REPUBLICAN,GEORGE W. BUSH,3346,GREEN,RALPH NADER,55,OTHER,OTHER,60,
WAYNE,2004,DEMOCRAT,JOHN KERRY,2250,REPUBLICAN,GEORGE W. BUSH,3919,OTHER,OTHER,35,
WAYNE,2008,DEMOCRAT,BARACK OBAMA,2243,REPUBLICAN,JOHN MCCAIN,3784,OTHER,OTHER,127,
WAYNE,2012,DEMOCRAT,BARACK OBAMA,1813,REPUBLICAN,MITT ROMNEY,3790,OTHER,OTHER,117,
WAYNE,2016,DEMOCRAT,HILLARY CLINTON,948,REPUBLICAN,DONALD TRUMP,4658,OTHER,OTHER,49,
WAYNE,2020,DEMOCRAT,JOSEPH R BIDEN JR,845,GREEN,OTHER,4,LIBERTARIAN,JO JORGENSEN,36,OTHER,OTHER,6,REPUBLICAN,DONALD J TRUMP,4987,
WEBSTER,2000,DEMOCRAT,AL GORE,4174,REPUBLICAN,GEORGE W. BUSH,7350,GREEN,RALPH NADER,161,OTHER,OTHER,195,
WEBSTER,2004,DEMOCRAT,JOHN KERRY,4657,REPUBLICAN,GEORGE W. BUSH,10194,OTHER,OTHER,93,
WEBSTER,2008,DEMOCRAT,BARACK OBAMA,5685,REPUBLICAN,JOHN MCCAIN,10431,OTHER,OTHER,240,
WEBSTER,2012,DEMOCRAT,BARACK OBAMA,4409,REPUBLICAN,MITT ROMNEY,10708,OTHER,OTHER,312,
WEBSTER,2016,DEMOCRAT,HILLARY CLINTON,3177,REPUBLICAN,DONALD TRUMP,12840,OTHER,OTHER,726,
WEBSTER,2020,DEMOCRAT,JOSEPH R BIDEN JR,3573,GREEN,OTHER,33,LIBERTARIAN,JO JORGENSEN,254,OTHER,OTHER,39,REPUBLICAN,DONALD J TRUMP,14880,
WORTH,2000,DEMOCRAT,AL GORE,469,REPUBLICAN,GEORGE W. BUSH,651,GREEN,RALPH NADER,15,OTHER,OTHER,23,
WORTH,2004,DEMOCRAT,JOHN KERRY,436,REPUBLICAN,GEORGE W. BUSH,691,OTHER,OTHER,5,
WORTH,2008,DEMOCRAT,BARACK OBAMA,427,REPUBLICAN,JOHN MCCAIN,707,OTHER,OTHER,40,
WORTH,2012,DEMOCRAT,BARACK OBAMA,341,REPUBLICAN,MITT ROMNEY,664,OTHER,OTHER,43,
WORTH,2016,DEMOCRAT,HILLARY CLINTON,195,REPUBLICAN,DONALD TRUMP,808,OTHER,OTHER,43,
WORTH,2020,DEMOCRAT,JOSEPH R BIDEN JR,215,GREEN,OTHER,0,LIBERTARIAN,JO JORGENSEN,14,OTHER,OTHER,1,REPUBLICAN,DONALD J TRUMP,877,
WRIGHT,2000,DEMOCRAT,AL GORE,2250,REPUBLICAN,GEORGE W. BUSH,5391,GREEN,RALPH NADER,86,OTHER,OTHER,114,
WRIGHT,2004,DEMOCRAT,JOHN KERRY,2188,REPUBLICAN,GEORGE W. BUSH,6090,OTHER,OTHER,68,
WRIGHT,2008,DEMOCRAT,BARACK OBAMA,2557,REPUBLICAN,JOHN MCCAIN,5784,OTHER,OTHER,173,
WRIGHT,2012,DEMOCRAT,BARACK OBAMA,1953,REPUBLICAN,MITT ROMNEY,5830,OTHER,OTHER,172,
WRIGHT,2016,DEMOCRAT,HILLARY CLINTON,1170,REPUBLICAN,DONALD TRUMP,6707,OTHER,OTHER,242,
WRIGHT,2020,DEMOCRAT,JOSEPH R BIDEN JR,1168,GREEN,OTHER,15,LIBERTARIAN,JO JORGENSEN,94,OTHER,OTHER,9,REPUBLICAN,DONALD J TRUMP,7453,
ST. LOUIS CITY,2000,DEMOCRAT,AL GORE,96557,REPUBLICAN,GEORGE W. BUSH,24799,GREEN,RALPH NADER,2592,OTHER,OTHER,804,
ST. LOUIS CITY,2004,DEMOCRAT,JOHN KERRY,116133,REPUBLICAN,GEORGE W. BUSH,27793,OTHER,OTHER,712,
ST. LOUIS CITY,2008,DEMOCRAT,BARACK OBAMA,132925,REPUBLICAN,JOHN MCCAIN,24662,OTHER,OTHER,1271,
ST. LOUIS CITY,2012,DEMOCRAT,BARACK OBAMA,118780,REPUBLICAN,MITT ROMNEY,22943,OTHER,OTHER,1884,
ST. LOUIS CITY,2016,DEMOCRAT,HILLARY CLINTON,104235,REPUBLICAN,DONALD TRUMP,20832,OTHER,OTHER,6124,
ST. LOUIS CITY,2020,DEMOCRAT,JOSEPH R BIDEN JR,110089,GREEN,OTHER,653,LIBERTARIAN,JO JORGENSEN,1497,OTHER,OTHER,154,REPUBLICAN,DONALD J TRUMP,21474,
KANSAS CITY,2000,DEMOCRAT,AL GORE,0,REPUBLICAN,GEORGE W. BUSH,0,GREEN,RALPH NADER,0,OTHER,OTHER,0,
KANSAS CITY,2004,DEMOCRAT,JOHN KERRY,104625,REPUBLICAN,GEORGE W. BUSH,36061,OTHER,OTHER,737,
KANSAS CITY,2008,DEMOCRAT,BARACK OBAMA,120102,REPUBLICAN,JOHN MCCAIN,31854,OTHER,OTHER,1263,
KANSAS CITY,2012,DEMOCRAT,BARACK OBAMA,105670,REPUBLICAN,MITT ROMNEY,29509,OTHER,OTHER,1623,
KANSAS CITY,2016,DEMOCRAT,HILLARY CLINTON,97735,REPUBLICAN,DONALD TRUMP,24654,OTHER,OTHER,6212,
KANSAS CITY,2020,DEMOCRAT,JOSEPH R BIDEN JR,107660,GREEN,OTHER,698,LIBERTARIAN,JO JORGENSEN,1621,OTHER,OTHER,273,REPUBLICAN,DONALD J TRUMP,26393,
