BERNALILLO,2000,DEMOCRAT,AL GORE,99461,REPUBLICAN,GEORGE W. BUSH,95249,GREEN,RALPH NADER,8274,OTHER,OTHER,1335,
BERNALILLO,2004,DEMOCRAT,JOHN KERRY,132252,REPUBLICAN,GEORGE W. BUSH,121454,OTHER,OTHER,3105,
BERNALILLO,2008,DEMOCRAT,BARACK OBAMA,171556,REPUBLICAN,JOHN MCCAIN,110521,OTHER,OTHER,3701,
BERNALILLO,2012,DEMOCRAT,BARACK OBAMA,150739,REPUBLICAN,MITT ROMNEY,106408,OTHER,OTHER,13822,
BERNALILLO,2016,DEMOCRAT,HILLARY CLINTON,143417,REPUBLICAN,DONALD TRUMP,94698,OTHER,OTHER,36547,
BERNALILLO,2020,DEMOCRAT,JOSEPH R BIDEN JR,193757,GREEN,OTHER,1614,LIBERTARIAN,JO JORGENSEN,4829,OTHER,OTHER,1255,REPUBLICAN,DONALD J TRUMP,116135,
CATRON,2000,DEMOCRAT,AL GORE,353,REPUBLICAN,GEORGE W. BUSH,1273,GREEN,RALPH NADER,57,OTHER,OTHER,28,
CATRON,2004,DEMOCRAT,JOHN KERRY,551,REPUBLICAN,GEORGE W. BUSH,1427,OTHER,OTHER,15,
CATRON,2008,DEMOCRAT,BARACK OBAMA,664,REPUBLICAN,JOHN MCCAIN,1398,OTHER,OTHER,50,
CATRON,2012,DEMOCRAT,BARACK OBAMA,560,REPUBLICAN,MITT ROMNEY,1494,OTHER,OTHER,69,
CATRON,2016,DEMOCRAT,HILLARY CLINTON,427,REPUBLICAN,DONALD TRUMP,1464,OTHER,OTHER,158,
CATRON,2020,DEMOCRAT,JOSEPH R BIDEN JR,595,GREEN,OTHER,7,LIBERTARIAN,JO JORGENSEN,17,OTHER,OTHER,9,REPUBLICAN,DONALD J TRUMP,1698,
CHAVES,2000,DEMOCRAT,AL GORE,6340,REPUBLICAN,GEORGE W. BUSH,11378,GREEN,RALPH NADER,307,OTHER,OTHER,124,
CHAVES,2004,DEMOCRAT,JOHN KERRY,6726,REPUBLICAN,GEORGE W. BUSH,14773,OTHER,OTHER,206,
CHAVES,2008,DEMOCRAT,BARACK OBAMA,8197,REPUBLICAN,JOHN MCCAIN,13651,OTHER,OTHER,264,
CHAVES,2012,DEMOCRAT,BARACK OBAMA,6604,REPUBLICAN,MITT ROMNEY,13088,OTHER,OTHER,600,
CHAVES,2016,DEMOCRAT,HILLARY CLINTON,5534,REPUBLICAN,DONALD TRUMP,12872,OTHER,OTHER,1865,
CHAVES,2020,DEMOCRAT,JOSEPH R BIDEN JR,6381,GREEN,OTHER,70,LIBERTARIAN,JO JORGENSEN,268,OTHER,OTHER,68,REPUBLICAN,DONALD J TRUMP,15656,
CIBOLA,2000,DEMOCRAT,AL GORE,4127,REPUBLICAN,GEORGE W. BUSH,2752,GREEN,RALPH NADER,164,OTHER,OTHER,45,
CIBOLA,2004,DEMOCRAT,JOHN KERRY,3913,REPUBLICAN,GEORGE W. BUSH,3477,OTHER,OTHER,97,
CIBOLA,2008,DEMOCRAT,BARACK OBAMA,5827,REPUBLICAN,JOHN MCCAIN,3131,OTHER,OTHER,139,
CIBOLA,2012,DEMOCRAT,BARACK OBAMA,4961,REPUBLICAN,MITT ROMNEY,2998,OTHER,OTHER,284,
CIBOLA,2016,DEMOCRAT,HILLARY CLINTON,3741,REPUBLICAN,DONALD TRUMP,3195,OTHER,OTHER,1127,
CIBOLA,2020,DEMOCRAT,JOSEPH R BIDEN JR,4745,GREEN,OTHER,49,LIBERTARIAN,JO JORGENSEN,99,OTHER,OTHER,35,REPUBLICAN,DONALD J TRUMP,3975,
COLFAX,2000,DEMOCRAT,AL GORE,2653,REPUBLICAN,GEORGE W. BUSH,2600,GREEN,RALPH NADER,163,OTHER,OTHER,45,
COLFAX,2004,DEMOCRAT,JOHN KERRY,2824,REPUBLICAN,GEORGE W. BUSH,3082,OTHER,OTHER,62,
COLFAX,2008,DEMOCRAT,BARACK OBAMA,3490,REPUBLICAN,JOHN MCCAIN,2805,OTHER,OTHER,89,
COLFAX,2012,DEMOCRAT,BARACK OBAMA,2828,REPUBLICAN,MITT ROMNEY,2699,OTHER,OTHER,237,
COLFAX,2016,DEMOCRAT,HILLARY CLINTON,2129,REPUBLICAN,DONALD TRUMP,2585,OTHER,OTHER,618,
COLFAX,2020,DEMOCRAT,JOSEPH R BIDEN JR,2611,GREEN,OTHER,25,LIBERTARIAN,JO JORGENSEN,87,OTHER,OTHER,22,REPUBLICAN,DONALD J TRUMP,3271,
CURRY,2000,DEMOCRAT,AL GORE,3471,REPUBLICAN,GEORGE W. BUSH,8301,GREEN,RALPH NADER,147,OTHER,OTHER,50,
CURRY,2004,DEMOCRAT,JOHN KERRY,3541,REPUBLICAN,GEORGE W. BUSH,10649,OTHER,OTHER,96,
CURRY,2008,DEMOCRAT,BARACK OBAMA,4670,REPUBLICAN,JOHN MCCAIN,9599,OTHER,OTHER,169,
CURRY,2012,DEMOCRAT,BARACK OBAMA,4022,REPUBLICAN,MITT ROMNEY,9251,OTHER,OTHER,352,
CURRY,2016,DEMOCRAT,HILLARY CLINTON,3121,REPUBLICAN,DONALD TRUMP,9035,OTHER,OTHER,1214,
CURRY,2020,DEMOCRAT,JOSEPH R BIDEN JR,4307,GREEN,OTHER,53,LIBERTARIAN,JO JORGENSEN,245,OTHER,OTHER,52,REPUBLICAN,DONALD J TRUMP,10444,
DE BACA,2000,DEMOCRAT,AL GORE,349,REPUBLICAN,GEORGE W. BUSH,612,GREEN,RALPH NADER,12,OTHER,OTHER,9,
DE BACA,2004,DEMOCRAT,JOHN KERRY,281,REPUBLICAN,GEORGE W. BUSH,706,OTHER,OTHER,6,
DE BACA,2008,DEMOCRAT,BARACK OBAMA,359,REPUBLICAN,JOHN MCCAIN,676,OTHER,OTHER,9,
DE BACA,2012,DEMOCRAT,BARACK OBAMA,287,REPUBLICAN,MITT ROMNEY,586,OTHER,OTHER,29,
DE BACA,2016,DEMOCRAT,HILLARY CLINTON,193,REPUBLICAN,DONALD TRUMP,620,OTHER,OTHER,97,
DE BACA,2020,DEMOCRAT,JOSEPH R BIDEN JR,231,GREEN,OTHER,1,LIBERTARIAN,JO JORGENSEN,11,OTHER,OTHER,2,REPUBLICAN,DONALD J TRUMP,656,
DONA ANA,2000,DEMOCRAT,AL GORE,23912,REPUBLICAN,GEORGE W. BUSH,21263,GREEN,RALPH NADER,1158,OTHER,OTHER,320,
DONA ANA,2004,DEMOCRAT,JOHN KERRY,31762,REPUBLICAN,GEORGE W. BUSH,29548,OTHER,OTHER,650,
DONA ANA,2008,DEMOCRAT,BARACK OBAMA,40282,REPUBLICAN,JOHN MCCAIN,28068,OTHER,OTHER,930,
DONA ANA,2012,DEMOCRAT,BARACK OBAMA,37139,REPUBLICAN,MITT ROMNEY,27322,OTHER,OTHER,1962,
DONA ANA,2016,DEMOCRAT,HILLARY CLINTON,37947,REPUBLICAN,DONALD TRUMP,25374,OTHER,OTHER,7327,
DONA ANA,2020,DEMOCRAT,JOSEPH R BIDEN JR,47957,GREEN,OTHER,415,LIBERTARIAN,JO JORGENSEN,1129,OTHER,OTHER,338,REPUBLICAN,DONALD J TRUMP,32802,
EDDY,2000,DEMOCRAT,AL GORE,7108,REPUBLICAN,GEORGE W. BUSH,10335,GREEN,RALPH NADER,256,OTHER,OTHER,88,
EDDY,2004,DEMOCRAT,JOHN KERRY,6880,REPUBLICAN,GEORGE W. BUSH,13268,OTHER,OTHER,122,
EDDY,2008,DEMOCRAT,BARACK OBAMA,7351,REPUBLICAN,JOHN MCCAIN,12500,OTHER,OTHER,242,
EDDY,2012,DEMOCRAT,BARACK OBAMA,6142,REPUBLICAN,MITT ROMNEY,12583,OTHER,OTHER,544,
EDDY,2016,DEMOCRAT,HILLARY CLINTON,5033,REPUBLICAN,DONALD TRUMP,13147,OTHER,OTHER,1487,
EDDY,2020,DEMOCRAT,JOSEPH R BIDEN JR,5424,GREEN,OTHER,44,LIBERTARIAN,JO JORGENSEN,239,OTHER,OTHER,61,REPUBLICAN,DONALD J TRUMP,17454,
GRANT,2000,DEMOCRAT,AL GORE,5673,REPUBLICAN,GEORGE W. BUSH,4961,GREEN,RALPH NADER,530,OTHER,OTHER,77,
GRANT,2004,DEMOCRAT,JOHN KERRY,7095,REPUBLICAN,GEORGE W. BUSH,6135,OTHER,OTHER,162,
GRANT,2008,DEMOCRAT,BARACK OBAMA,8142,REPUBLICAN,JOHN MCCAIN,5406,OTHER,OTHER,207,
GRANT,2012,DEMOCRAT,BARACK OBAMA,7090,REPUBLICAN,MITT ROMNEY,5358,OTHER,OTHER,454,
GRANT,2016,DEMOCRAT,HILLARY CLINTON,6276,REPUBLICAN,DONALD TRUMP,5288,OTHER,OTHER,1247,
GRANT,2020,DEMOCRAT,JOSEPH R BIDEN JR,7590,GREEN,OTHER,98,LIBERTARIAN,JO JORGENSEN,159,OTHER,OTHER,35,REPUBLICAN,DONALD J TRUMP,6553,
GUADALUPE,2000,DEMOCRAT,AL GORE,1076,REPUBLICAN,GEORGE W. BUSH,548,GREEN,RALPH NADER,24,OTHER,OTHER,3,
GUADALUPE,2004,DEMOCRAT,JOHN KERRY,1340,REPUBLICAN,GEORGE W. BUSH,914,OTHER,OTHER,13,
GUADALUPE,2008,DEMOCRAT,BARACK OBAMA,1557,REPUBLICAN,JOHN MCCAIN,620,OTHER,OTHER,19,
GUADALUPE,2012,DEMOCRAT,BARACK OBAMA,1488,REPUBLICAN,MITT ROMNEY,557,OTHER,OTHER,90,
GUADALUPE,2016,DEMOCRAT,HILLARY CLINTON,970,REPUBLICAN,DONALD TRUMP,595,OTHER,OTHER,262,
GUADALUPE,2020,DEMOCRAT,JOSEPH R BIDEN JR,1234,GREEN,OTHER,8,LIBERTARIAN,JO JORGENSEN,21,OTHER,OTHER,9,REPUBLICAN,DONALD J TRUMP,917,
HARDING,2000,DEMOCRAT,AL GORE,214,REPUBLICAN,GEORGE W. BUSH,366,GREEN,RALPH NADER,9,OTHER,OTHER,4,
HARDING,2004,DEMOCRAT,JOHN KERRY,259,REPUBLICAN,GEORGE W. BUSH,380,OTHER,OTHER,5,
HARDING,2008,DEMOCRAT,BARACK OBAMA,260,REPUBLICAN,JOHN MCCAIN,358,OTHER,OTHER,8,
HARDING,2012,DEMOCRAT,BARACK OBAMA,260,REPUBLICAN,MITT ROMNEY,327,OTHER,OTHER,14,
HARDING,2016,DEMOCRAT,HILLARY CLINTON,156,REPUBLICAN,DONALD TRUMP,311,OTHER,OTHER,60,
HARDING,2020,DEMOCRAT,JOSEPH R BIDEN JR,179,GREEN,OTHER,0,LIBERTARIAN,JO JORGENSEN,3,OTHER,OTHER,4,REPUBLICAN,DONALD J TRUMP,319,
HIDALGO,2000,DEMOCRAT,AL GORE,839,REPUBLICAN,GEORGE W. BUSH,954,GREEN,RALPH NADER,28,OTHER,OTHER,13,
HIDALGO,2004,DEMOCRAT,JOHN KERRY,861,REPUBLICAN,GEORGE W. BUSH,1081,OTHER,OTHER,22,
HIDALGO,2008,DEMOCRAT,BARACK OBAMA,993,REPUBLICAN,JOHN MCCAIN,936,OTHER,OTHER,22,
HIDALGO,2012,DEMOCRAT,BARACK OBAMA,995,REPUBLICAN,MITT ROMNEY,899,OTHER,OTHER,41,
HIDALGO,2016,DEMOCRAT,HILLARY CLINTON,784,REPUBLICAN,DONALD TRUMP,910,OTHER,OTHER,178,
HIDALGO,2020,DEMOCRAT,JOSEPH R BIDEN JR,823,GREEN,OTHER,6,LIBERTARIAN,JO JORGENSEN,13,OTHER,OTHER,12,REPUBLICAN,DONALD J TRUMP,1120,
LEA,2000,DEMOCRAT,AL GORE,3855,REPUBLICAN,GEORGE W. BUSH,10157,GREEN,RALPH NADER,169,OTHER,OTHER,75,
LEA,2004,DEMOCRAT,JOHN KERRY,3646,REPUBLICAN,GEORGE W. BUSH,14430,OTHER,OTHER,105,
LEA,2008,DEMOCRAT,BARACK OBAMA,5108,REPUBLICAN,JOHN MCCAIN,13347,OTHER,OTHER,190,
LEA,2012,DEMOCRAT,BARACK OBAMA,4080,REPUBLICAN,MITT ROMNEY,12548,OTHER,OTHER,387,
LEA,2016,DEMOCRAT,HILLARY CLINTON,3930,REPUBLICAN,DONALD TRUMP,12495,OTHER,OTHER,1287,
LEA,2020,DEMOCRAT,JOSEPH R BIDEN JR,4061,GREEN,OTHER,50,LIBERTARIAN,JO JORGENSEN,214,OTHER,OTHER,62,REPUBLICAN,DONALD J TRUMP,16531,
LINCOLN,2000,DEMOCRAT,AL GORE,2027,REPUBLICAN,GEORGE W. BUSH,4458,GREEN,RALPH NADER,168,OTHER,OTHER,119,
LINCOLN,2004,DEMOCRAT,JOHN KERRY,2822,REPUBLICAN,GEORGE W. BUSH,6070,OTHER,OTHER,122,
LINCOLN,2008,DEMOCRAT,BARACK OBAMA,3535,REPUBLICAN,JOHN MCCAIN,6001,OTHER,OTHER,160,
LINCOLN,2012,DEMOCRAT,BARACK OBAMA,2942,REPUBLICAN,MITT ROMNEY,5961,OTHER,OTHER,339,
LINCOLN,2016,DEMOCRAT,HILLARY CLINTON,2331,REPUBLICAN,DONALD TRUMP,5896,OTHER,OTHER,675,
LINCOLN,2020,DEMOCRAT,JOSEPH R BIDEN JR,3194,GREEN,OTHER,33,LIBERTARIAN,JO JORGENSEN,113,OTHER,OTHER,24,REPUBLICAN,DONALD J TRUMP,6942,
LOS ALAMOS,2000,DEMOCRAT,AL GORE,4149,REPUBLICAN,GEORGE W. BUSH,5623,GREEN,RALPH NADER,329,OTHER,OTHER,117,
LOS ALAMOS,2004,DEMOCRAT,JOHN KERRY,5206,REPUBLICAN,GEORGE W. BUSH,5810,OTHER,OTHER,181,
LOS ALAMOS,2008,DEMOCRAT,BARACK OBAMA,5824,REPUBLICAN,JOHN MCCAIN,5064,OTHER,OTHER,181,
LOS ALAMOS,2012,DEMOCRAT,BARACK OBAMA,5191,REPUBLICAN,MITT ROMNEY,4796,OTHER,OTHER,667,
LOS ALAMOS,2016,DEMOCRAT,HILLARY CLINTON,5562,REPUBLICAN,DONALD TRUMP,3359,OTHER,OTHER,1964,
LOS ALAMOS,2020,DEMOCRAT,JOSEPH R BIDEN JR,7554,GREEN,OTHER,53,LIBERTARIAN,JO JORGENSEN,360,OTHER,OTHER,48,REPUBLICAN,DONALD J TRUMP,4278,
LUNA,2000,DEMOCRAT,AL GORE,2975,REPUBLICAN,GEORGE W. BUSH,3395,GREEN,RALPH NADER,186,OTHER,OTHER,56,
LUNA,2004,DEMOCRAT,JOHN KERRY,3340,REPUBLICAN,GEORGE W. BUSH,4164,OTHER,OTHER,89,
LUNA,2008,DEMOCRAT,BARACK OBAMA,4311,REPUBLICAN,JOHN MCCAIN,3870,OTHER,OTHER,159,
LUNA,2012,DEMOCRAT,BARACK OBAMA,3583,REPUBLICAN,MITT ROMNEY,3670,OTHER,OTHER,247,
LUNA,2016,DEMOCRAT,HILLARY CLINTON,3195,REPUBLICAN,DONALD TRUMP,3478,OTHER,OTHER,622,
LUNA,2020,DEMOCRAT,JOSEPH R BIDEN JR,3563,GREEN,OTHER,38,LIBERTARIAN,JO JORGENSEN,73,OTHER,OTHER,21,REPUBLICAN,DONALD J TRUMP,4408,
MCKINLEY,2000,DEMOCRAT,AL GORE,10281,REPUBLICAN,GEORGE W. BUSH,5070,GREEN,RALPH NADER,392,OTHER,OTHER,136,
MCKINLEY,2004,DEMOCRAT,JOHN KERRY,13051,REPUBLICAN,GEORGE W. BUSH,7351,OTHER,OTHER,221,
MCKINLEY,2008,DEMOCRAT,BARACK OBAMA,16572,REPUBLICAN,JOHN MCCAIN,6382,OTHER,OTHER,253,
MCKINLEY,2012,DEMOCRAT,BARACK OBAMA,15841,REPUBLICAN,MITT ROMNEY,5546,OTHER,OTHER,542,
MCKINLEY,2016,DEMOCRAT,HILLARY CLINTON,13576,REPUBLICAN,DONALD TRUMP,5104,OTHER,OTHER,3023,
MCKINLEY,2020,DEMOCRAT,JOSEPH R BIDEN JR,18029,GREEN,OTHER,202,LIBERTARIAN,JO JORGENSEN,266,OTHER,OTHER,188,REPUBLICAN,DONALD J TRUMP,7801,
MORA,2000,DEMOCRAT,AL GORE,1456,REPUBLICAN,GEORGE W. BUSH,668,GREEN,RALPH NADER,49,OTHER,OTHER,18,
MORA,2004,DEMOCRAT,JOHN KERRY,1876,REPUBLICAN,GEORGE W. BUSH,928,OTHER,OTHER,22,
MORA,2008,DEMOCRAT,BARACK OBAMA,2168,REPUBLICAN,JOHN MCCAIN,569,OTHER,OTHER,23,
MORA,2012,DEMOCRAT,BARACK OBAMA,1955,REPUBLICAN,MITT ROMNEY,595,OTHER,OTHER,61,
MORA,2016,DEMOCRAT,HILLARY CLINTON,1536,REPUBLICAN,DONALD TRUMP,665,OTHER,OTHER,240,
MORA,2020,DEMOCRAT,JOSEPH R BIDEN JR,1745,GREEN,OTHER,13,LIBERTARIAN,JO JORGENSEN,14,OTHER,OTHER,11,REPUBLICAN,DONALD J TRUMP,903,
OTERO,2000,DEMOCRAT,AL GORE,5465,REPUBLICAN,GEORGE W. BUSH,10258,GREEN,RALPH NADER,338,OTHER,OTHER,143,
OTERO,2004,DEMOCRAT,JOHN KERRY,6433,REPUBLICAN,GEORGE W. BUSH,14066,OTHER,OTHER,265,
OTERO,2008,DEMOCRAT,BARACK OBAMA,8610,REPUBLICAN,JOHN MCCAIN,12806,OTHER,OTHER,350,
OTERO,2012,DEMOCRAT,BARACK OBAMA,6829,REPUBLICAN,MITT ROMNEY,12451,OTHER,OTHER,732,
OTERO,2016,DEMOCRAT,HILLARY CLINTON,6124,REPUBLICAN,DONALD TRUMP,11887,OTHER,OTHER,2049,
OTERO,2020,DEMOCRAT,JOSEPH R BIDEN JR,8485,GREEN,OTHER,108,LIBERTARIAN,JO JORGENSEN,387,OTHER,OTHER,70,REPUBLICAN,DONALD J TRUMP,14521,
QUAY,2000,DEMOCRAT,AL GORE,1471,REPUBLICAN,GEORGE W. BUSH,2292,GREEN,RALPH NADER,51,OTHER,OTHER,30,
QUAY,2004,DEMOCRAT,JOHN KERRY,1422,REPUBLICAN,GEORGE W. BUSH,2661,OTHER,OTHER,34,
QUAY,2008,DEMOCRAT,BARACK OBAMA,1547,REPUBLICAN,JOHN MCCAIN,2367,OTHER,OTHER,82,
QUAY,2012,DEMOCRAT,BARACK OBAMA,1383,REPUBLICAN,MITT ROMNEY,2202,OTHER,OTHER,122,
QUAY,2016,DEMOCRAT,HILLARY CLINTON,1017,REPUBLICAN,DONALD TRUMP,2212,OTHER,OTHER,343,
QUAY,2020,DEMOCRAT,JOSEPH R BIDEN JR,1170,GREEN,OTHER,17,LIBERTARIAN,JO JORGENSEN,41,OTHER,OTHER,11,REPUBLICAN,DONALD J TRUMP,2634,
RIO ARRIBA,2000,DEMOCRAT,AL GORE,8169,REPUBLICAN,GEORGE W. BUSH,3495,GREEN,RALPH NADER,377,OTHER,OTHER,56,
RIO ARRIBA,2004,DEMOCRAT,JOHN KERRY,9753,REPUBLICAN,GEORGE W. BUSH,5149,OTHER,OTHER,97,
RIO ARRIBA,2008,DEMOCRAT,BARACK OBAMA,12703,REPUBLICAN,JOHN MCCAIN,4086,OTHER,OTHER,151,
RIO ARRIBA,2012,DEMOCRAT,BARACK OBAMA,11465,REPUBLICAN,MITT ROMNEY,3397,OTHER,OTHER,481,
RIO ARRIBA,2016,DEMOCRAT,HILLARY CLINTON,9592,REPUBLICAN,DONALD TRUMP,3599,OTHER,OTHER,1687,
RIO ARRIBA,2020,DEMOCRAT,JOSEPH R BIDEN JR,10990,GREEN,OTHER,59,LIBERTARIAN,JO JORGENSEN,119,OTHER,OTHER,52,REPUBLICAN,DONALD J TRUMP,5408,
ROOSEVELT,2000,DEMOCRAT,AL GORE,1762,REPUBLICAN,GEORGE W. BUSH,3762,GREEN,RALPH NADER,98,OTHER,OTHER,29,
ROOSEVELT,2004,DEMOCRAT,JOHN KERRY,2082,REPUBLICAN,GEORGE W. BUSH,4997,OTHER,OTHER,65,
ROOSEVELT,2008,DEMOCRAT,BARACK OBAMA,2303,REPUBLICAN,JOHN MCCAIN,4311,OTHER,OTHER,106,
ROOSEVELT,2012,DEMOCRAT,BARACK OBAMA,1727,REPUBLICAN,MITT ROMNEY,4043,OTHER,OTHER,199,
ROOSEVELT,2016,DEMOCRAT,HILLARY CLINTON,1454,REPUBLICAN,DONALD TRUMP,3884,OTHER,OTHER,612,
ROOSEVELT,2020,DEMOCRAT,JOSEPH R BIDEN JR,1802,GREEN,OTHER,15,LIBERTARIAN,JO JORGENSEN,138,OTHER,OTHER,19,REPUBLICAN,DONALD J TRUMP,4634,
SANDOVAL,2000,DEMOCRAT,AL GORE,14899,REPUBLICAN,GEORGE W. BUSH,15423,GREEN,RALPH NADER,1211,OTHER,OTHER,222,
SANDOVAL,2004,DEMOCRAT,JOHN KERRY,21421,REPUBLICAN,GEORGE W. BUSH,22628,OTHER,OTHER,492,
SANDOVAL,2008,DEMOCRAT,BARACK OBAMA,32669,REPUBLICAN,JOHN MCCAIN,25193,OTHER,OTHER,768,
SANDOVAL,2012,DEMOCRAT,BARACK OBAMA,27236,REPUBLICAN,MITT ROMNEY,24387,OTHER,OTHER,2456,
SANDOVAL,2016,DEMOCRAT,HILLARY CLINTON,27707,REPUBLICAN,DONALD TRUMP,25905,OTHER,OTHER,8078,
SANDOVAL,2020,DEMOCRAT,JOSEPH R BIDEN JR,40588,GREEN,OTHER,350,LIBERTARIAN,JO JORGENSEN,1187,OTHER,OTHER,263,REPUBLICAN,DONALD J TRUMP,34174,
SAN JUAN,2000,DEMOCRAT,AL GORE,11980,REPUBLICAN,GEORGE W. BUSH,21434,GREEN,RALPH NADER,923,OTHER,OTHER,320,
SAN JUAN,2004,DEMOCRAT,JOHN KERRY,14843,REPUBLICAN,GEORGE W. BUSH,29525,OTHER,OTHER,638,
SAN JUAN,2008,DEMOCRAT,BARACK OBAMA,18028,REPUBLICAN,JOHN MCCAIN,27869,OTHER,OTHER,614,
SAN JUAN,2012,DEMOCRAT,BARACK OBAMA,15855,REPUBLICAN,MITT ROMNEY,28849,OTHER,OTHER,1533,
SAN JUAN,2016,DEMOCRAT,HILLARY CLINTON,12865,REPUBLICAN,DONALD TRUMP,27946,OTHER,OTHER,5299,
SAN JUAN,2020,DEMOCRAT,JOSEPH R BIDEN JR,18083,GREEN,OTHER,251,LIBERTARIAN,JO JORGENSEN,827,OTHER,OTHER,259,REPUBLICAN,DONALD J TRUMP,32874,
SAN MIGUEL,2000,DEMOCRAT,AL GORE,6540,REPUBLICAN,GEORGE W. BUSH,2215,GREEN,RALPH NADER,344,OTHER,OTHER,62,
SAN MIGUEL,2004,DEMOCRAT,JOHN KERRY,8683,REPUBLICAN,GEORGE W. BUSH,3313,OTHER,OTHER,120,
SAN MIGUEL,2008,DEMOCRAT,BARACK OBAMA,10320,REPUBLICAN,JOHN MCCAIN,2478,OTHER,OTHER,143,
SAN MIGUEL,2012,DEMOCRAT,BARACK OBAMA,8850,REPUBLICAN,MITT ROMNEY,2303,OTHER,OTHER,356,
SAN MIGUEL,2016,DEMOCRAT,HILLARY CLINTON,7285,REPUBLICAN,DONALD TRUMP,2313,OTHER,OTHER,1153,
SAN MIGUEL,2020,DEMOCRAT,JOSEPH R BIDEN JR,7888,GREEN,OTHER,57,LIBERTARIAN,JO JORGENSEN,115,OTHER,OTHER,50,REPUBLICAN,DONALD J TRUMP,3421,
SANTA FE,2000,DEMOCRAT,AL GORE,32017,REPUBLICAN,GEORGE W. BUSH,13974,GREEN,RALPH NADER,3215,OTHER,OTHER,265,
SANTA FE,2004,DEMOCRAT,JOHN KERRY,47074,REPUBLICAN,GEORGE W. BUSH,18466,OTHER,OTHER,660,
SANTA FE,2008,DEMOCRAT,BARACK OBAMA,55567,REPUBLICAN,JOHN MCCAIN,15807,OTHER,OTHER,849,
SANTA FE,2012,DEMOCRAT,BARACK OBAMA,50872,REPUBLICAN,MITT ROMNEY,15500,OTHER,OTHER,2873,
SANTA FE,2016,DEMOCRAT,HILLARY CLINTON,50793,REPUBLICAN,DONALD TRUMP,14332,OTHER,OTHER,6309,
SANTA FE,2020,DEMOCRAT,JOSEPH R BIDEN JR,62530,GREEN,OTHER,403,LIBERTARIAN,JO JORGENSEN,758,OTHER,OTHER,207,REPUBLICAN,DONALD J TRUMP,18329,
SIERRA,2000,DEMOCRAT,AL GORE,1689,REPUBLICAN,GEORGE W. BUSH,2721,GREEN,RALPH NADER,132,OTHER,OTHER,44,
SIERRA,2004,DEMOCRAT,JOHN KERRY,1926,REPUBLICAN,GEORGE W. BUSH,3162,OTHER,OTHER,69,
SIERRA,2008,DEMOCRAT,BARACK OBAMA,2352,REPUBLICAN,JOHN MCCAIN,3017,OTHER,OTHER,116,
SIERRA,2012,DEMOCRAT,BARACK OBAMA,1964,REPUBLICAN,MITT ROMNEY,2928,OTHER,OTHER,210,
SIERRA,2016,DEMOCRAT,HILLARY CLINTON,1612,REPUBLICAN,DONALD TRUMP,3010,OTHER,OTHER,559,
SIERRA,2020,DEMOCRAT,JOSEPH R BIDEN JR,2265,GREEN,OTHER,36,LIBERTARIAN,JO JORGENSEN,66,OTHER,OTHER,36,REPUBLICAN,DONALD J TRUMP,3542,
SOCORRO,2000,DEMOCRAT,AL GORE,3294,REPUBLICAN,GEORGE W. BUSH,3173,GREEN,RALPH NADER,279,OTHER,OTHER,80,
SOCORRO,2004,DEMOCRAT,JOHN KERRY,4025,REPUBLICAN,GEORGE W. BUSH,3696,OTHER,OTHER,130,
SOCORRO,2008,DEMOCRAT,BARACK OBAMA,4696,REPUBLICAN,JOHN MCCAIN,3032,OTHER,OTHER,167,
SOCORRO,2012,DEMOCRAT,BARACK OBAMA,4058,REPUBLICAN,MITT ROMNEY,2722,OTHER,OTHER,413,
SOCORRO,2016,DEMOCRAT,HILLARY CLINTON,3313,REPUBLICAN,DONALD TRUMP,2616,OTHER,OTHER,939,
SOCORRO,2020,DEMOCRAT,JOSEPH R BIDEN JR,3722,GREEN,OTHER,39,LIBERTARIAN,JO JORGENSEN,113,OTHER,OTHER,31,REPUBLICAN,DONALD J TRUMP,3255,
TAOS,2000,DEMOCRAT,AL GORE,7039,REPUBLICAN,GEORGE W. BUSH,2744,GREEN,RALPH NADER,1064,OTHER,OTHER,48,
TAOS,2004,DEMOCRAT,JOHN KERRY,10987,REPUBLICAN,GEORGE W. BUSH,3666,OTHER,OTHER,182,
TAOS,2008,DEMOCRAT,BARACK OBAMA,13816,REPUBLICAN,JOHN MCCAIN,2866,OTHER,OTHER,204,
TAOS,2012,DEMOCRAT,BARACK OBAMA,11978,REPUBLICAN,MITT ROMNEY,2730,OTHER,OTHER,631,
TAOS,2016,DEMOCRAT,HILLARY CLINTON,10668,REPUBLICAN,DONALD TRUMP,2727,OTHER,OTHER,1865,
TAOS,2020,DEMOCRAT,JOSEPH R BIDEN JR,13121,GREEN,OTHER,146,LIBERTARIAN,JO JORGENSEN,152,OTHER,OTHER,47,REPUBLICAN,DONALD J TRUMP,3715,
TORRANCE,2000,DEMOCRAT,AL GORE,1868,REPUBLICAN,GEORGE W. BUSH,2891,GREEN,RALPH NADER,163,OTHER,OTHER,38,
TORRANCE,2004,DEMOCRAT,JOHN KERRY,2386,REPUBLICAN,GEORGE W. BUSH,4026,OTHER,OTHER,95,
TORRANCE,2008,DEMOCRAT,BARACK OBAMA,3087,REPUBLICAN,JOHN MCCAIN,3735,OTHER,OTHER,119,
TORRANCE,2012,DEMOCRAT,BARACK OBAMA,2428,REPUBLICAN,MITT ROMNEY,3529,OTHER,OTHER,445,
TORRANCE,2016,DEMOCRAT,HILLARY CLINTON,1785,REPUBLICAN,DONALD TRUMP,3714,OTHER,OTHER,825,
TORRANCE,2020,DEMOCRAT,JOSEPH R BIDEN JR,2344,GREEN,OTHER,29,LIBERTARIAN,JO JORGENSEN,105,OTHER,OTHER,31,REPUBLICAN,DONALD J TRUMP,4772,
UNION,2000,DEMOCRAT,AL GORE,452,REPUBLICAN,GEORGE W. BUSH,1269,GREEN,RALPH NADER,19,OTHER,OTHER,15,
UNION,2004,DEMOCRAT,JOHN KERRY,411,REPUBLICAN,GEORGE W. BUSH,1454,OTHER,OTHER,16,
UNION,2008,DEMOCRAT,BARACK OBAMA,492,REPUBLICAN,JOHN MCCAIN,1227,OTHER,OTHER,23,
UNION,2012,DEMOCRAT,BARACK OBAMA,472,REPUBLICAN,MITT ROMNEY,1236,OTHER,OTHER,51,
UNION,2016,DEMOCRAT,HILLARY CLINTON,320,REPUBLICAN,DONALD TRUMP,1216,OTHER,OTHER,166,
UNION,2020,DEMOCRAT,JOSEPH R BIDEN JR,383,GREEN,OTHER,2,LIBERTARIAN,JO JORGENSEN,11,OTHER,OTHER,5,REPUBLICAN,DONALD J TRUMP,1388,
VALENCIA,2000,DEMOCRAT,AL GORE,9819,REPUBLICAN,GEORGE W. BUSH,10803,GREEN,RALPH NADER,615,OTHER,OTHER,140,
VALENCIA,2004,DEMOCRAT,JOHN KERRY,11270,REPUBLICAN,GEORGE W. BUSH,14474,OTHER,OTHER,268,
VALENCIA,2008,DEMOCRAT,BARACK OBAMA,15366,REPUBLICAN,JOHN MCCAIN,13136,OTHER,OTHER,397,
VALENCIA,2012,DEMOCRAT,BARACK OBAMA,13511,REPUBLICAN,MITT ROMNEY,12825,OTHER,OTHER,1392,
VALENCIA,2016,DEMOCRAT,HILLARY CLINTON,10841,REPUBLICAN,DONALD TRUMP,13215,OTHER,OTHER,3536,
VALENCIA,2020,DEMOCRAT,JOSEPH R BIDEN JR,14263,GREEN,OTHER,135,LIBERTARIAN,JO JORGENSEN,406,OTHER,OTHER,109,REPUBLICAN,DONALD J TRUMP,17364,
