ALAMANCE,2000,DEMOCRAT,AL GORE,17459,REPUBLICAN,GEORGE W. BUSH,29305,GREEN,RALPH NADER,0,OTHER,OTHER,327,
ALAMANCE,2004,DEMOCRAT,JOHN KERRY,20686,REPUBLICAN,GEORGE W. BUSH,33302,OTHER,OTHER,187,
ALAMANCE,2008,DEMOCRAT,BARACK OBAMA,28918,REPUBLICAN,JOHN MCCAIN,34859,OTHER,OTHER,576,
ALAMANCE,2012,DEMOCRAT,BARACK OBAMA,28875,REPUBLICAN,MITT ROMNEY,38170,OTHER,OTHER,731,
ALAMANCE,2016,DEMOCRAT,HILLARY CLINTON,29833,REPUBLICAN,DONALD TRUMP,38815,OTHER,OTHER,2509,
ALAMANCE,2020,DEMOCRAT,JOSEPH R BIDEN JR,10159,DEMOCRAT,JOSEPH R BIDEN JR,5264,DEMOCRAT,JOSEPH R BIDEN JR,23256,DEMOCRAT,JOSEPH R BIDEN JR,146,GREEN,OTHER,50,GREEN,OTHER,55,GREEN,OTHER,117,GREEN,OTHER,1,LIBERTARIAN,JO JORGENSEN,113,LIBERTARIAN,JO JORGENSEN,199,LIBERTARIAN,JO JORGENSEN,371,LIBERTARIAN,JO JORGENSEN,3,OTHER,OTHER,61,OTHER,OTHER,88,OTHER,OTHER,151,OTHER,OTHER,1,REPUBLICAN,DONALD J TRUMP,5289,REPUBLICAN,DONALD J TRUMP,11057,REPUBLICAN,DONALD J TRUMP,29543,REPUBLICAN,DONALD J TRUMP,167,
ALEXANDER,2000,DEMOCRAT,AL GORE,4166,REPUBLICAN,GEORGE W. BUSH,9242,GREEN,RALPH NADER,0,OTHER,OTHER,84,
ALEXANDER,2004,DEMOCRAT,JOHN KERRY,4618,REPUBLICAN,GEORGE W. BUSH,10928,OTHER,OTHER,54,
ALEXANDER,2008,DEMOCRAT,BARACK OBAMA,5167,REPUBLICAN,JOHN MCCAIN,11790,OTHER,OTHER,297,
ALEXANDER,2012,DEMOCRAT,BARACK OBAMA,4611,REPUBLICAN,MITT ROMNEY,12253,OTHER,OTHER,332,
ALEXANDER,2016,DEMOCRAT,HILLARY CLINTON,3767,REPUBLICAN,DONALD TRUMP,13893,OTHER,OTHER,611,
ALEXANDER,2020,DEMOCRAT,JOSEPH R BIDEN JR,903,DEMOCRAT,JOSEPH R BIDEN JR,493,DEMOCRAT,JOSEPH R BIDEN JR,2741,DEMOCRAT,JOSEPH R BIDEN JR,8,GREEN,OTHER,3,GREEN,OTHER,2,GREEN,OTHER,13,GREEN,OTHER,0,LIBERTARIAN,JO JORGENSEN,15,LIBERTARIAN,JO JORGENSEN,51,LIBERTARIAN,JO JORGENSEN,61,LIBERTARIAN,JO JORGENSEN,0,OTHER,OTHER,7,OTHER,OTHER,15,OTHER,OTHER,36,OTHER,OTHER,0,REPUBLICAN,DONALD J TRUMP,850,REPUBLICAN,DONALD J TRUMP,2741,REPUBLICAN,DONALD J TRUMP,12251,REPUBLICAN,DONALD J TRUMP,46,
ALLEGHANY,2000,DEMOCRAT,AL GORE,1715,REPUBLICAN,GEORGE W. BUSH,2531,GREEN,RALPH NADER,0,OTHER,OTHER,67,
ALLEGHANY,2004,DEMOCRAT,JOHN KERRY,1922,REPUBLICAN,GEORGE W. BUSH,2883,OTHER,OTHER,22,
ALLEGHANY,2008,DEMOCRAT,BARACK OBAMA,2021,REPUBLICAN,JOHN MCCAIN,3124,OTHER,OTHER,118,
ALLEGHANY,2012,DEMOCRAT,BARACK OBAMA,1583,REPUBLICAN,MITT ROMNEY,3390,OTHER,OTHER,94,
ALLEGHANY,2016,DEMOCRAT,HILLARY CLINTON,1306,REPUBLICAN,DONALD TRUMP,3814,OTHER,OTHER,195,
ALLEGHANY,2020,DEMOCRAT,JOSEPH R BIDEN JR,375,DEMOCRAT,JOSEPH R BIDEN JR,167,DEMOCRAT,JOSEPH R BIDEN JR,941,DEMOCRAT,JOSEPH R BIDEN JR,3,GREEN,OTHER,5,GREEN,OTHER,4,GREEN,OTHER,6,GREEN,OTHER,0,LIBERTARIAN,JO JORGENSEN,10,LIBERTARIAN,JO JORGENSEN,6,LIBERTARIAN,JO JORGENSEN,18,LIBERTARIAN,JO JORGENSEN,1,OTHER,OTHER,2,OTHER,OTHER,2,OTHER,OTHER,9,OTHER,OTHER,0,REPUBLICAN,DONALD J TRUMP,358,REPUBLICAN,DONALD J TRUMP,849,REPUBLICAN,DONALD J TRUMP,3299,REPUBLICAN,DONALD J TRUMP,21,
ANSON,2000,DEMOCRAT,AL GORE,4792,REPUBLICAN,GEORGE W. BUSH,3161,GREEN,RALPH NADER,0,OTHER,OTHER,32,
ANSON,2004,DEMOCRAT,JOHN KERRY,5413,REPUBLICAN,GEORGE W. BUSH,3796,OTHER,OTHER,16,
ANSON,2008,DEMOCRAT,BARACK OBAMA,6456,REPUBLICAN,JOHN MCCAIN,4207,OTHER,OTHER,70,
ANSON,2012,DEMOCRAT,BARACK OBAMA,7019,REPUBLICAN,MITT ROMNEY,4166,OTHER,OTHER,71,
ANSON,2016,DEMOCRAT,HILLARY CLINTON,5859,REPUBLICAN,DONALD TRUMP,4506,OTHER,OTHER,180,
ANSON,2020,DEMOCRAT,JOSEPH R BIDEN JR,593,DEMOCRAT,JOSEPH R BIDEN JR,1118,DEMOCRAT,JOSEPH R BIDEN JR,4067,DEMOCRAT,JOSEPH R BIDEN JR,11,GREEN,OTHER,2,GREEN,OTHER,5,GREEN,OTHER,7,GREEN,OTHER,0,LIBERTARIAN,JO JORGENSEN,3,LIBERTARIAN,JO JORGENSEN,16,LIBERTARIAN,JO JORGENSEN,22,LIBERTARIAN,JO JORGENSEN,0,OTHER,OTHER,2,OTHER,OTHER,11,OTHER,OTHER,16,OTHER,OTHER,0,REPUBLICAN,DONALD J TRUMP,218,REPUBLICAN,DONALD J TRUMP,2098,REPUBLICAN,DONALD J TRUMP,2990,REPUBLICAN,DONALD J TRUMP,15,
ASHE,2000,DEMOCRAT,AL GORE,4011,REPUBLICAN,GEORGE W. BUSH,6226,GREEN,RALPH NADER,0,OTHER,OTHER,79,
ASHE,2004,DEMOCRAT,JOHN KERRY,4477,REPUBLICAN,GEORGE W. BUSH,7292,OTHER,OTHER,54,
ASHE,2008,DEMOCRAT,BARACK OBAMA,4872,REPUBLICAN,JOHN MCCAIN,7916,OTHER,OTHER,281,
ASHE,2012,DEMOCRAT,BARACK OBAMA,4116,REPUBLICAN,MITT ROMNEY,8242,OTHER,OTHER,252,
ASHE,2016,DEMOCRAT,HILLARY CLINTON,3500,REPUBLICAN,DONALD TRUMP,9412,OTHER,OTHER,512,
ASHE,2020,DEMOCRAT,JOSEPH R BIDEN JR,1126,DEMOCRAT,JOSEPH R BIDEN JR,698,DEMOCRAT,JOSEPH R BIDEN JR,2336,DEMOCRAT,JOSEPH R BIDEN JR,4,GREEN,OTHER,6,GREEN,OTHER,9,GREEN,OTHER,8,GREEN,OTHER,0,LIBERTARIAN,JO JORGENSEN,16,LIBERTARIAN,JO JORGENSEN,54,LIBERTARIAN,JO JORGENSEN,56,LIBERTARIAN,JO JORGENSEN,0,OTHER,OTHER,14,OTHER,OTHER,14,OTHER,OTHER,22,OTHER,OTHER,0,REPUBLICAN,DONALD J TRUMP,923,REPUBLICAN,DONALD J TRUMP,3680,REPUBLICAN,DONALD J TRUMP,6781,REPUBLICAN,DONALD J TRUMP,67,
AVERY,2000,DEMOCRAT,AL GORE,1686,REPUBLICAN,GEORGE W. BUSH,4956,GREEN,RALPH NADER,0,OTHER,OTHER,52,
AVERY,2004,DEMOCRAT,JOHN KERRY,1805,REPUBLICAN,GEORGE W. BUSH,5678,OTHER,OTHER,41,
AVERY,2008,DEMOCRAT,BARACK OBAMA,2178,REPUBLICAN,JOHN MCCAIN,5681,OTHER,OTHER,84,
AVERY,2012,DEMOCRAT,BARACK OBAMA,1882,REPUBLICAN,MITT ROMNEY,5766,OTHER,OTHER,111,
AVERY,2016,DEMOCRAT,HILLARY CLINTON,1689,REPUBLICAN,DONALD TRUMP,6298,OTHER,OTHER,262,
AVERY,2020,DEMOCRAT,JOSEPH R BIDEN JR,489,DEMOCRAT,JOSEPH R BIDEN JR,481,DEMOCRAT,JOSEPH R BIDEN JR,1215,DEMOCRAT,JOSEPH R BIDEN JR,6,GREEN,OTHER,4,GREEN,OTHER,4,GREEN,OTHER,5,GREEN,OTHER,0,LIBERTARIAN,JO JORGENSEN,7,LIBERTARIAN,JO JORGENSEN,22,LIBERTARIAN,JO JORGENSEN,26,LIBERTARIAN,JO JORGENSEN,1,OTHER,OTHER,0,OTHER,OTHER,19,OTHER,OTHER,7,OTHER,OTHER,0,REPUBLICAN,DONALD J TRUMP,459,REPUBLICAN,DONALD J TRUMP,2863,REPUBLICAN,DONALD J TRUMP,3784,REPUBLICAN,DONALD J TRUMP,66,
BEAUFORT,2000,DEMOCRAT,AL GORE,6634,REPUBLICAN,GEORGE W. BUSH,10531,GREEN,RALPH NADER,0,OTHER,OTHER,148,
BEAUFORT,2004,DEMOCRAT,JOHN KERRY,7025,REPUBLICAN,GEORGE W. BUSH,12432,OTHER,OTHER,65,
BEAUFORT,2008,DEMOCRAT,BARACK OBAMA,9454,REPUBLICAN,JOHN MCCAIN,13460,OTHER,OTHER,96,
BEAUFORT,2012,DEMOCRAT,BARACK OBAMA,9435,REPUBLICAN,MITT ROMNEY,13977,OTHER,OTHER,208,
BEAUFORT,2016,DEMOCRAT,HILLARY CLINTON,8764,REPUBLICAN,DONALD TRUMP,14543,OTHER,OTHER,631,
BEAUFORT,2020,DEMOCRAT,JOSEPH R BIDEN JR,1910,DEMOCRAT,JOSEPH R BIDEN JR,1365,DEMOCRAT,JOSEPH R BIDEN JR,6341,DEMOCRAT,JOSEPH R BIDEN JR,17,GREEN,OTHER,4,GREEN,OTHER,12,GREEN,OTHER,14,GREEN,OTHER,0,LIBERTARIAN,JO JORGENSEN,31,LIBERTARIAN,JO JORGENSEN,44,LIBERTARIAN,JO JORGENSEN,62,LIBERTARIAN,JO JORGENSEN,0,OTHER,OTHER,13,OTHER,OTHER,23,OTHER,OTHER,42,OTHER,OTHER,0,REPUBLICAN,DONALD J TRUMP,1047,REPUBLICAN,DONALD J TRUMP,4331,REPUBLICAN,DONALD J TRUMP,11014,REPUBLICAN,DONALD J TRUMP,45,
BERTIE,2000,DEMOCRAT,AL GORE,4660,REPUBLICAN,GEORGE W. BUSH,2488,GREEN,RALPH NADER,0,OTHER,OTHER,28,
BERTIE,2004,DEMOCRAT,JOHN KERRY,4938,REPUBLICAN,GEORGE W. BUSH,3057,OTHER,OTHER,37,
BERTIE,2008,DEMOCRAT,BARACK OBAMA,6365,REPUBLICAN,JOHN MCCAIN,3376,OTHER,OTHER,22,
BERTIE,2012,DEMOCRAT,BARACK OBAMA,6695,REPUBLICAN,MITT ROMNEY,3387,OTHER,OTHER,41,
BERTIE,2016,DEMOCRAT,HILLARY CLINTON,5778,REPUBLICAN,DONALD TRUMP,3456,OTHER,OTHER,113,
BERTIE,2020,DEMOCRAT,JOSEPH R BIDEN JR,612,DEMOCRAT,JOSEPH R BIDEN JR,856,DEMOCRAT,JOSEPH R BIDEN JR,4443,DEMOCRAT,JOSEPH R BIDEN JR,28,GREEN,OTHER,5,GREEN,OTHER,2,GREEN,OTHER,8,GREEN,OTHER,0,LIBERTARIAN,JO JORGENSEN,5,LIBERTARIAN,JO JORGENSEN,4,LIBERTARIAN,JO JORGENSEN,20,LIBERTARIAN,JO JORGENSEN,0,OTHER,OTHER,2,OTHER,OTHER,6,OTHER,OTHER,6,OTHER,OTHER,1,REPUBLICAN,DONALD J TRUMP,153,REPUBLICAN,DONALD J TRUMP,1047,REPUBLICAN,DONALD J TRUMP,2608,REPUBLICAN,DONALD J TRUMP,9,
BLADEN,2000,DEMOCRAT,AL GORE,5889,REPUBLICAN,GEORGE W. BUSH,4977,GREEN,RALPH NADER,0,OTHER,OTHER,42,
BLADEN,2004,DEMOCRAT,JOHN KERRY,6109,REPUBLICAN,GEORGE W. BUSH,6174,OTHER,OTHER,30,
BLADEN,2008,DEMOCRAT,BARACK OBAMA,7853,REPUBLICAN,JOHN MCCAIN,7532,OTHER,OTHER,95,
BLADEN,2012,DEMOCRAT,BARACK OBAMA,8062,REPUBLICAN,MITT ROMNEY,7748,OTHER,OTHER,147,
BLADEN,2016,DEMOCRAT,HILLARY CLINTON,7058,REPUBLICAN,DONALD TRUMP,8550,OTHER,OTHER,289,
BLADEN,2020,DEMOCRAT,JOSEPH R BIDEN JR,792,DEMOCRAT,JOSEPH R BIDEN JR,1078,DEMOCRAT,JOSEPH R BIDEN JR,5438,DEMOCRAT,JOSEPH R BIDEN JR,18,GREEN,OTHER,2,GREEN,OTHER,4,GREEN,OTHER,12,GREEN,OTHER,0,LIBERTARIAN,JO JORGENSEN,8,LIBERTARIAN,JO JORGENSEN,21,LIBERTARIAN,JO JORGENSEN,39,LIBERTARIAN,JO JORGENSEN,0,OTHER,OTHER,4,OTHER,OTHER,12,OTHER,OTHER,21,OTHER,OTHER,0,REPUBLICAN,DONALD J TRUMP,551,REPUBLICAN,DONALD J TRUMP,2126,REPUBLICAN,DONALD J TRUMP,6971,REPUBLICAN,DONALD J TRUMP,28,
BRUNSWICK,2000,DEMOCRAT,AL GORE,13118,REPUBLICAN,GEORGE W. BUSH,15427,GREEN,RALPH NADER,0,OTHER,OTHER,294,
BRUNSWICK,2004,DEMOCRAT,JOHN KERRY,14903,REPUBLICAN,GEORGE W. BUSH,22925,OTHER,OTHER,149,
BRUNSWICK,2008,DEMOCRAT,BARACK OBAMA,21331,REPUBLICAN,JOHN MCCAIN,30753,OTHER,OTHER,524,
BRUNSWICK,2012,DEMOCRAT,BARACK OBAMA,22038,REPUBLICAN,MITT ROMNEY,34743,OTHER,OTHER,581,
BRUNSWICK,2016,DEMOCRAT,HILLARY CLINTON,23282,REPUBLICAN,DONALD TRUMP,42720,OTHER,OTHER,2349,
BRUNSWICK,2020,DEMOCRAT,JOSEPH R BIDEN JR,11759,DEMOCRAT,JOSEPH R BIDEN JR,2194,DEMOCRAT,JOSEPH R BIDEN JR,19242,DEMOCRAT,JOSEPH R BIDEN JR,115,GREEN,OTHER,31,GREEN,OTHER,22,GREEN,OTHER,63,GREEN,OTHER,3,LIBERTARIAN,JO JORGENSEN,132,LIBERTARIAN,JO JORGENSEN,184,LIBERTARIAN,JO JORGENSEN,320,LIBERTARIAN,JO JORGENSEN,6,OTHER,OTHER,83,OTHER,OTHER,38,OTHER,OTHER,131,OTHER,OTHER,2,REPUBLICAN,DONALD J TRUMP,6424,REPUBLICAN,DONALD J TRUMP,7904,REPUBLICAN,DONALD J TRUMP,41248,REPUBLICAN,DONALD J TRUMP,274,
BUNCOMBE,2000,DEMOCRAT,AL GORE,38545,REPUBLICAN,GEORGE W. BUSH,46101,GREEN,RALPH NADER,0,OTHER,OTHER,830,
BUNCOMBE,2004,DEMOCRAT,JOHN KERRY,51868,REPUBLICAN,GEORGE W. BUSH,52491,OTHER,OTHER,654,
BUNCOMBE,2008,DEMOCRAT,BARACK OBAMA,69716,REPUBLICAN,JOHN MCCAIN,52494,OTHER,OTHER,1585,
BUNCOMBE,2012,DEMOCRAT,BARACK OBAMA,70625,REPUBLICAN,MITT ROMNEY,54701,OTHER,OTHER,2370,
BUNCOMBE,2016,DEMOCRAT,HILLARY CLINTON,75452,REPUBLICAN,DONALD TRUMP,55716,OTHER,OTHER,7779,
BUNCOMBE,2020,DEMOCRAT,JOSEPH R BIDEN JR,29257,DEMOCRAT,JOSEPH R BIDEN JR,7081,DEMOCRAT,JOSEPH R BIDEN JR,60067,DEMOCRAT,JOSEPH R BIDEN JR,110,GREEN,OTHER,121,GREEN,OTHER,142,GREEN,OTHER,277,GREEN,OTHER,2,LIBERTARIAN,JO JORGENSEN,275,LIBERTARIAN,JO JORGENSEN,387,LIBERTARIAN,JO JORGENSEN,795,LIBERTARIAN,JO JORGENSEN,3,OTHER,OTHER,173,OTHER,OTHER,135,OTHER,OTHER,329,OTHER,OTHER,3,REPUBLICAN,DONALD J TRUMP,6159,REPUBLICAN,DONALD J TRUMP,11763,REPUBLICAN,DONALD J TRUMP,44341,REPUBLICAN,DONALD J TRUMP,149,
BURKE,2000,DEMOCRAT,AL GORE,11924,REPUBLICAN,GEORGE W. BUSH,18466,GREEN,RALPH NADER,0,OTHER,OTHER,268,
BURKE,2004,DEMOCRAT,JOHN KERRY,11728,REPUBLICAN,GEORGE W. BUSH,18922,OTHER,OTHER,112,
BURKE,2008,DEMOCRAT,BARACK OBAMA,14901,REPUBLICAN,JOHN MCCAIN,22102,OTHER,OTHER,440,
BURKE,2012,DEMOCRAT,BARACK OBAMA,13701,REPUBLICAN,MITT ROMNEY,22267,OTHER,OTHER,576,
BURKE,2016,DEMOCRAT,HILLARY CLINTON,11251,REPUBLICAN,DONALD TRUMP,26238,OTHER,OTHER,1431,
BURKE,2020,DEMOCRAT,JOSEPH R BIDEN JR,3032,DEMOCRAT,JOSEPH R BIDEN JR,1666,DEMOCRAT,JOSEPH R BIDEN JR,8409,DEMOCRAT,JOSEPH R BIDEN JR,11,GREEN,OTHER,20,GREEN,OTHER,25,GREEN,OTHER,37,GREEN,OTHER,1,LIBERTARIAN,JO JORGENSEN,35,LIBERTARIAN,JO JORGENSEN,82,LIBERTARIAN,JO JORGENSEN,153,LIBERTARIAN,JO JORGENSEN,0,OTHER,OTHER,31,OTHER,OTHER,23,OTHER,OTHER,58,OTHER,OTHER,0,REPUBLICAN,DONALD J TRUMP,2112,REPUBLICAN,DONALD J TRUMP,5880,REPUBLICAN,DONALD J TRUMP,22973,REPUBLICAN,DONALD J TRUMP,54,
CABARRUS,2000,DEMOCRAT,AL GORE,16284,REPUBLICAN,GEORGE W. BUSH,32704,GREEN,RALPH NADER,0,OTHER,OTHER,393,
CABARRUS,2004,DEMOCRAT,JOHN KERRY,19803,REPUBLICAN,GEORGE W. BUSH,40780,OTHER,OTHER,241,
CABARRUS,2008,DEMOCRAT,BARACK OBAMA,31546,REPUBLICAN,JOHN MCCAIN,45924,OTHER,OTHER,524,
CABARRUS,2012,DEMOCRAT,BARACK OBAMA,32849,REPUBLICAN,MITT ROMNEY,49557,OTHER,OTHER,1160,
CABARRUS,2016,DEMOCRAT,HILLARY CLINTON,35521,REPUBLICAN,DONALD TRUMP,53819,OTHER,OTHER,3949,
CABARRUS,2020,DEMOCRAT,JOSEPH R BIDEN JR,14166,DEMOCRAT,JOSEPH R BIDEN JR,6115,DEMOCRAT,JOSEPH R BIDEN JR,31706,DEMOCRAT,JOSEPH R BIDEN JR,175,GREEN,OTHER,84,GREEN,OTHER,68,GREEN,OTHER,99,GREEN,OTHER,2,LIBERTARIAN,JO JORGENSEN,212,LIBERTARIAN,JO JORGENSEN,304,LIBERTARIAN,JO JORGENSEN,572,LIBERTARIAN,JO JORGENSEN,8,OTHER,OTHER,124,OTHER,OTHER,126,OTHER,OTHER,227,OTHER,OTHER,2,REPUBLICAN,DONALD J TRUMP,7184,REPUBLICAN,DONALD J TRUMP,12829,REPUBLICAN,DONALD J TRUMP,42997,REPUBLICAN,DONALD J TRUMP,227,
CALDWELL,2000,DEMOCRAT,AL GORE,8588,REPUBLICAN,GEORGE W. BUSH,17337,GREEN,RALPH NADER,0,OTHER,OTHER,190,
CALDWELL,2004,DEMOCRAT,JOHN KERRY,9999,REPUBLICAN,GEORGE W. BUSH,21186,OTHER,OTHER,163,
CALDWELL,2008,DEMOCRAT,BARACK OBAMA,12081,REPUBLICAN,JOHN MCCAIN,22526,OTHER,OTHER,548,
CALDWELL,2012,DEMOCRAT,BARACK OBAMA,10898,REPUBLICAN,MITT ROMNEY,23229,OTHER,OTHER,605,
CALDWELL,2016,DEMOCRAT,HILLARY CLINTON,8425,REPUBLICAN,DONALD TRUMP,26621,OTHER,OTHER,1274,
CALDWELL,2020,DEMOCRAT,JOSEPH R BIDEN JR,2497,DEMOCRAT,JOSEPH R BIDEN JR,1259,DEMOCRAT,JOSEPH R BIDEN JR,6455,DEMOCRAT,JOSEPH R BIDEN JR,34,GREEN,OTHER,17,GREEN,OTHER,9,GREEN,OTHER,34,GREEN,OTHER,0,LIBERTARIAN,JO JORGENSEN,37,LIBERTARIAN,JO JORGENSEN,64,LIBERTARIAN,JO JORGENSEN,171,LIBERTARIAN,JO JORGENSEN,1,OTHER,OTHER,23,OTHER,OTHER,28,OTHER,OTHER,80,OTHER,OTHER,1,REPUBLICAN,DONALD J TRUMP,2311,REPUBLICAN,DONALD J TRUMP,5437,REPUBLICAN,DONALD J TRUMP,24259,REPUBLICAN,DONALD J TRUMP,112,
CAMDEN,2000,DEMOCRAT,AL GORE,1187,REPUBLICAN,GEORGE W. BUSH,1628,GREEN,RALPH NADER,0,OTHER,OTHER,16,
CAMDEN,2004,DEMOCRAT,JOHN KERRY,1339,REPUBLICAN,GEORGE W. BUSH,2480,OTHER,OTHER,11,
CAMDEN,2008,DEMOCRAT,BARACK OBAMA,1597,REPUBLICAN,JOHN MCCAIN,3140,OTHER,OTHER,84,
CAMDEN,2012,DEMOCRAT,BARACK OBAMA,1508,REPUBLICAN,MITT ROMNEY,3109,OTHER,OTHER,87,
CAMDEN,2016,DEMOCRAT,HILLARY CLINTON,1274,REPUBLICAN,DONALD TRUMP,3546,OTHER,OTHER,186,
CAMDEN,2020,DEMOCRAT,JOSEPH R BIDEN JR,272,DEMOCRAT,JOSEPH R BIDEN JR,205,DEMOCRAT,JOSEPH R BIDEN JR,1057,DEMOCRAT,JOSEPH R BIDEN JR,3,GREEN,OTHER,0,GREEN,OTHER,1,GREEN,OTHER,7,GREEN,OTHER,0,LIBERTARIAN,JO JORGENSEN,9,LIBERTARIAN,JO JORGENSEN,25,LIBERTARIAN,JO JORGENSEN,42,LIBERTARIAN,JO JORGENSEN,0,OTHER,OTHER,3,OTHER,OTHER,8,OTHER,OTHER,8,OTHER,OTHER,1,REPUBLICAN,DONALD J TRUMP,254,REPUBLICAN,DONALD J TRUMP,1173,REPUBLICAN,DONALD J TRUMP,2870,REPUBLICAN,DONALD J TRUMP,15,
CARTERET,2000,DEMOCRAT,AL GORE,8839,REPUBLICAN,GEORGE W. BUSH,17381,GREEN,RALPH NADER,0,OTHER,OTHER,241,
CARTERET,2004,DEMOCRAT,JOHN KERRY,7732,REPUBLICAN,GEORGE W. BUSH,17716,OTHER,OTHER,127,
CARTERET,2008,DEMOCRAT,BARACK OBAMA,11130,REPUBLICAN,JOHN MCCAIN,23131,OTHER,OTHER,336,
CARTERET,2012,DEMOCRAT,BARACK OBAMA,10301,REPUBLICAN,MITT ROMNEY,24775,OTHER,OTHER,441,
CARTERET,2016,DEMOCRAT,HILLARY CLINTON,9939,REPUBLICAN,DONALD TRUMP,26569,OTHER,OTHER,1273,
CARTERET,2020,DEMOCRAT,JOSEPH R BIDEN JR,3020,DEMOCRAT,JOSEPH R BIDEN JR,1299,DEMOCRAT,JOSEPH R BIDEN JR,7759,DEMOCRAT,JOSEPH R BIDEN JR,15,GREEN,OTHER,13,GREEN,OTHER,25,GREEN,OTHER,26,GREEN,OTHER,0,LIBERTARIAN,JO JORGENSEN,56,LIBERTARIAN,JO JORGENSEN,116,LIBERTARIAN,JO JORGENSEN,200,LIBERTARIAN,JO JORGENSEN,1,OTHER,OTHER,22,OTHER,OTHER,37,OTHER,OTHER,78,OTHER,OTHER,0,REPUBLICAN,DONALD J TRUMP,2053,REPUBLICAN,DONALD J TRUMP,6392,REPUBLICAN,DONALD J TRUMP,21541,REPUBLICAN,DONALD J TRUMP,42,
CASWELL,2000,DEMOCRAT,AL GORE,4091,REPUBLICAN,GEORGE W. BUSH,4270,GREEN,RALPH NADER,0,OTHER,OTHER,61,
CASWELL,2004,DEMOCRAT,JOHN KERRY,4539,REPUBLICAN,GEORGE W. BUSH,4868,OTHER,OTHER,30,
CASWELL,2008,DEMOCRAT,BARACK OBAMA,5545,REPUBLICAN,JOHN MCCAIN,5208,OTHER,OTHER,109,
CASWELL,2012,DEMOCRAT,BARACK OBAMA,5348,REPUBLICAN,MITT ROMNEY,5594,OTHER,OTHER,97,
CASWELL,2016,DEMOCRAT,HILLARY CLINTON,4792,REPUBLICAN,DONALD TRUMP,6026,OTHER,OTHER,252,
CASWELL,2020,DEMOCRAT,JOSEPH R BIDEN JR,794,DEMOCRAT,JOSEPH R BIDEN JR,917,DEMOCRAT,JOSEPH R BIDEN JR,3136,DEMOCRAT,JOSEPH R BIDEN JR,13,GREEN,OTHER,2,GREEN,OTHER,9,GREEN,OTHER,8,GREEN,OTHER,0,LIBERTARIAN,JO JORGENSEN,12,LIBERTARIAN,JO JORGENSEN,24,LIBERTARIAN,JO JORGENSEN,28,LIBERTARIAN,JO JORGENSEN,0,OTHER,OTHER,4,OTHER,OTHER,9,OTHER,OTHER,6,OTHER,OTHER,0,REPUBLICAN,DONALD J TRUMP,542,REPUBLICAN,DONALD J TRUMP,2655,REPUBLICAN,DONALD J TRUMP,3857,REPUBLICAN,DONALD J TRUMP,35,
CATAWBA,2000,DEMOCRAT,AL GORE,16246,REPUBLICAN,GEORGE W. BUSH,34244,GREEN,RALPH NADER,0,OTHER,OTHER,351,
CATAWBA,2004,DEMOCRAT,JOHN KERRY,18858,REPUBLICAN,GEORGE W. BUSH,39602,OTHER,OTHER,228,
CATAWBA,2008,DEMOCRAT,BARACK OBAMA,25656,REPUBLICAN,JOHN MCCAIN,42993,OTHER,OTHER,802,
CATAWBA,2012,DEMOCRAT,BARACK OBAMA,24069,REPUBLICAN,MITT ROMNEY,44538,OTHER,OTHER,994,
CATAWBA,2016,DEMOCRAT,HILLARY CLINTON,21216,REPUBLICAN,DONALD TRUMP,48324,OTHER,OTHER,2811,
CATAWBA,2020,DEMOCRAT,JOSEPH R BIDEN JR,5977,DEMOCRAT,JOSEPH R BIDEN JR,3551,DEMOCRAT,JOSEPH R BIDEN JR,16118,DEMOCRAT,JOSEPH R BIDEN JR,43,GREEN,OTHER,36,GREEN,OTHER,48,GREEN,OTHER,110,GREEN,OTHER,0,LIBERTARIAN,JO JORGENSEN,82,LIBERTARIAN,JO JORGENSEN,199,LIBERTARIAN,JO JORGENSEN,369,LIBERTARIAN,JO JORGENSEN,2,OTHER,OTHER,62,OTHER,OTHER,69,OTHER,OTHER,170,OTHER,OTHER,1,REPUBLICAN,DONALD J TRUMP,4236,REPUBLICAN,DONALD J TRUMP,10907,REPUBLICAN,DONALD J TRUMP,41330,REPUBLICAN,DONALD J TRUMP,115,
CHATHAM,2000,DEMOCRAT,AL GORE,10461,REPUBLICAN,GEORGE W. BUSH,10248,GREEN,RALPH NADER,0,OTHER,OTHER,222,
CHATHAM,2004,DEMOCRAT,JOHN KERRY,12897,REPUBLICAN,GEORGE W. BUSH,12892,OTHER,OTHER,133,
CHATHAM,2008,DEMOCRAT,BARACK OBAMA,17862,REPUBLICAN,JOHN MCCAIN,14668,OTHER,OTHER,350,
CHATHAM,2012,DEMOCRAT,BARACK OBAMA,18361,REPUBLICAN,MITT ROMNEY,16665,OTHER,OTHER,408,
CHATHAM,2016,DEMOCRAT,HILLARY CLINTON,21065,REPUBLICAN,DONALD TRUMP,17105,OTHER,OTHER,1679,
CHATHAM,2020,DEMOCRAT,JOSEPH R BIDEN JR,9750,DEMOCRAT,JOSEPH R BIDEN JR,1304,DEMOCRAT,JOSEPH R BIDEN JR,15716,DEMOCRAT,JOSEPH R BIDEN JR,17,GREEN,OTHER,31,GREEN,OTHER,13,GREEN,OTHER,46,GREEN,OTHER,0,LIBERTARIAN,JO JORGENSEN,83,LIBERTARIAN,JO JORGENSEN,69,LIBERTARIAN,JO JORGENSEN,214,LIBERTARIAN,JO JORGENSEN,0,OTHER,OTHER,61,OTHER,OTHER,32,OTHER,OTHER,77,OTHER,OTHER,0,REPUBLICAN,DONALD J TRUMP,2392,REPUBLICAN,DONALD J TRUMP,3457,REPUBLICAN,DONALD J TRUMP,15292,REPUBLICAN,DONALD J TRUMP,45,
CHEROKEE,2000,DEMOCRAT,AL GORE,3239,REPUBLICAN,GEORGE W. BUSH,6305,GREEN,RALPH NADER,0,OTHER,OTHER,130,
CHEROKEE,2004,DEMOCRAT,JOHN KERRY,3635,REPUBLICAN,GEORGE W. BUSH,7517,OTHER,OTHER,47,
CHEROKEE,2008,DEMOCRAT,BARACK OBAMA,3785,REPUBLICAN,JOHN MCCAIN,8643,OTHER,OTHER,158,
CHEROKEE,2012,DEMOCRAT,BARACK OBAMA,3378,REPUBLICAN,MITT ROMNEY,9278,OTHER,OTHER,211,
CHEROKEE,2016,DEMOCRAT,HILLARY CLINTON,2860,REPUBLICAN,DONALD TRUMP,10844,OTHER,OTHER,477,
CHEROKEE,2020,DEMOCRAT,JOSEPH R BIDEN JR,1041,DEMOCRAT,JOSEPH R BIDEN JR,636,DEMOCRAT,JOSEPH R BIDEN JR,1905,DEMOCRAT,JOSEPH R BIDEN JR,1,GREEN,OTHER,3,GREEN,OTHER,20,GREEN,OTHER,26,GREEN,OTHER,0,LIBERTARIAN,JO JORGENSEN,12,LIBERTARIAN,JO JORGENSEN,48,LIBERTARIAN,JO JORGENSEN,34,LIBERTARIAN,JO JORGENSEN,1,OTHER,OTHER,7,OTHER,OTHER,32,OTHER,OTHER,29,OTHER,OTHER,0,REPUBLICAN,DONALD J TRUMP,1010,REPUBLICAN,DONALD J TRUMP,4183,REPUBLICAN,DONALD J TRUMP,7401,REPUBLICAN,DONALD J TRUMP,34,
CHOWAN,2000,DEMOCRAT,AL GORE,2430,REPUBLICAN,GEORGE W. BUSH,2415,GREEN,RALPH NADER,0,OTHER,OTHER,45,
CHOWAN,2004,DEMOCRAT,JOHN KERRY,2406,REPUBLICAN,GEORGE W. BUSH,2967,OTHER,OTHER,13,
CHOWAN,2008,DEMOCRAT,BARACK OBAMA,3688,REPUBLICAN,JOHN MCCAIN,3773,OTHER,OTHER,51,
CHOWAN,2012,DEMOCRAT,BARACK OBAMA,3556,REPUBLICAN,MITT ROMNEY,3891,OTHER,OTHER,58,
CHOWAN,2016,DEMOCRAT,HILLARY CLINTON,2992,REPUBLICAN,DONALD TRUMP,4014,OTHER,OTHER,222,
CHOWAN,2020,DEMOCRAT,JOSEPH R BIDEN JR,556,DEMOCRAT,JOSEPH R BIDEN JR,371,DEMOCRAT,JOSEPH R BIDEN JR,2311,DEMOCRAT,JOSEPH R BIDEN JR,9,GREEN,OTHER,1,GREEN,OTHER,0,GREEN,OTHER,6,GREEN,OTHER,0,LIBERTARIAN,JO JORGENSEN,6,LIBERTARIAN,JO JORGENSEN,14,LIBERTARIAN,JO JORGENSEN,27,LIBERTARIAN,JO JORGENSEN,0,OTHER,OTHER,1,OTHER,OTHER,2,OTHER,OTHER,9,OTHER,OTHER,0,REPUBLICAN,DONALD J TRUMP,269,REPUBLICAN,DONALD J TRUMP,727,REPUBLICAN,DONALD J TRUMP,3466,REPUBLICAN,DONALD J TRUMP,9,
CLAY,2000,DEMOCRAT,AL GORE,1361,REPUBLICAN,GEORGE W. BUSH,2416,GREEN,RALPH NADER,0,OTHER,OTHER,75,
CLAY,2004,DEMOCRAT,JOHN KERRY,1628,REPUBLICAN,GEORGE W. BUSH,3209,OTHER,OTHER,29,
CLAY,2008,DEMOCRAT,BARACK OBAMA,1734,REPUBLICAN,JOHN MCCAIN,3707,OTHER,OTHER,102,
CLAY,2012,DEMOCRAT,BARACK OBAMA,1579,REPUBLICAN,MITT ROMNEY,3973,OTHER,OTHER,90,
CLAY,2016,DEMOCRAT,HILLARY CLINTON,1367,REPUBLICAN,DONALD TRUMP,4437,OTHER,OTHER,206,
CLAY,2020,DEMOCRAT,JOSEPH R BIDEN JR,437,DEMOCRAT,JOSEPH R BIDEN JR,204,DEMOCRAT,JOSEPH R BIDEN JR,1056,DEMOCRAT,JOSEPH R BIDEN JR,2,GREEN,OTHER,3,GREEN,OTHER,5,GREEN,OTHER,6,GREEN,OTHER,0,LIBERTARIAN,JO JORGENSEN,6,LIBERTARIAN,JO JORGENSEN,19,LIBERTARIAN,JO JORGENSEN,21,LIBERTARIAN,JO JORGENSEN,0,OTHER,OTHER,7,OTHER,OTHER,6,OTHER,OTHER,9,OTHER,OTHER,0,REPUBLICAN,DONALD J TRUMP,334,REPUBLICAN,DONALD J TRUMP,1374,REPUBLICAN,DONALD J TRUMP,3384,REPUBLICAN,DONALD J TRUMP,20,
CLEVELAND,2000,DEMOCRAT,AL GORE,13455,REPUBLICAN,GEORGE W. BUSH,19064,GREEN,RALPH NADER,0,OTHER,OTHER,227,
CLEVELAND,2004,DEMOCRAT,JOHN KERRY,14215,REPUBLICAN,GEORGE W. BUSH,22750,OTHER,OTHER,114,
CLEVELAND,2008,DEMOCRAT,BARACK OBAMA,17363,REPUBLICAN,JOHN MCCAIN,26078,OTHER,OTHER,394,
CLEVELAND,2012,DEMOCRAT,BARACK OBAMA,17062,REPUBLICAN,MITT ROMNEY,25793,OTHER,OTHER,485,
CLEVELAND,2016,DEMOCRAT,HILLARY CLINTON,14964,REPUBLICAN,DONALD TRUMP,28479,OTHER,OTHER,1230,
CLEVELAND,2020,DEMOCRAT,JOSEPH R BIDEN JR,3082,DEMOCRAT,JOSEPH R BIDEN JR,2298,DEMOCRAT,JOSEPH R BIDEN JR,11526,DEMOCRAT,JOSEPH R BIDEN JR,49,GREEN,OTHER,15,GREEN,OTHER,22,GREEN,OTHER,44,GREEN,OTHER,0,LIBERTARIAN,JO JORGENSEN,45,LIBERTARIAN,JO JORGENSEN,96,LIBERTARIAN,JO JORGENSEN,187,LIBERTARIAN,JO JORGENSEN,1,OTHER,OTHER,21,OTHER,OTHER,39,OTHER,OTHER,84,OTHER,OTHER,1,REPUBLICAN,DONALD J TRUMP,2503,REPUBLICAN,DONALD J TRUMP,7057,REPUBLICAN,DONALD J TRUMP,24128,REPUBLICAN,DONALD J TRUMP,110,
COLUMBUS,2000,DEMOCRAT,AL GORE,9986,REPUBLICAN,GEORGE W. BUSH,8342,GREEN,RALPH NADER,0,OTHER,OTHER,97,
COLUMBUS,2004,DEMOCRAT,JOHN KERRY,10343,REPUBLICAN,GEORGE W. BUSH,10773,OTHER,OTHER,75,
COLUMBUS,2008,DEMOCRAT,BARACK OBAMA,11076,REPUBLICAN,JOHN MCCAIN,12994,OTHER,OTHER,212,
COLUMBUS,2012,DEMOCRAT,BARACK OBAMA,11050,REPUBLICAN,MITT ROMNEY,12941,OTHER,OTHER,252,
COLUMBUS,2016,DEMOCRAT,HILLARY CLINTON,9063,REPUBLICAN,DONALD TRUMP,14272,OTHER,OTHER,397,
COLUMBUS,2020,DEMOCRAT,JOSEPH R BIDEN JR,1213,DEMOCRAT,JOSEPH R BIDEN JR,1666,DEMOCRAT,JOSEPH R BIDEN JR,6518,DEMOCRAT,JOSEPH R BIDEN JR,49,GREEN,OTHER,3,GREEN,OTHER,8,GREEN,OTHER,12,GREEN,OTHER,0,LIBERTARIAN,JO JORGENSEN,10,LIBERTARIAN,JO JORGENSEN,37,LIBERTARIAN,JO JORGENSEN,41,LIBERTARIAN,JO JORGENSEN,0,OTHER,OTHER,5,OTHER,OTHER,20,OTHER,OTHER,32,OTHER,OTHER,0,REPUBLICAN,DONALD J TRUMP,869,REPUBLICAN,DONALD J TRUMP,5406,REPUBLICAN,DONALD J TRUMP,10436,REPUBLICAN,DONALD J TRUMP,121,
CRAVEN,2000,DEMOCRAT,AL GORE,12213,REPUBLICAN,GEORGE W. BUSH,19494,GREEN,RALPH NADER,0,OTHER,OTHER,278,
CRAVEN,2004,DEMOCRAT,JOHN KERRY,14019,REPUBLICAN,GEORGE W. BUSH,23575,OTHER,OTHER,162,
CRAVEN,2008,DEMOCRAT,BARACK OBAMA,19352,REPUBLICAN,JOHN MCCAIN,24901,OTHER,OTHER,345,
CRAVEN,2012,DEMOCRAT,BARACK OBAMA,18763,REPUBLICAN,MITT ROMNEY,26928,OTHER,OTHER,479,
CRAVEN,2016,DEMOCRAT,HILLARY CLINTON,17630,REPUBLICAN,DONALD TRUMP,27731,OTHER,OTHER,1640,
CRAVEN,2020,DEMOCRAT,JOSEPH R BIDEN JR,5930,DEMOCRAT,JOSEPH R BIDEN JR,2356,DEMOCRAT,JOSEPH R BIDEN JR,12812,DEMOCRAT,JOSEPH R BIDEN JR,50,GREEN,OTHER,25,GREEN,OTHER,15,GREEN,OTHER,51,GREEN,OTHER,1,LIBERTARIAN,JO JORGENSEN,111,LIBERTARIAN,JO JORGENSEN,190,LIBERTARIAN,JO JORGENSEN,320,LIBERTARIAN,JO JORGENSEN,5,OTHER,OTHER,41,OTHER,OTHER,39,OTHER,OTHER,86,OTHER,OTHER,1,REPUBLICAN,DONALD J TRUMP,3120,REPUBLICAN,DONALD J TRUMP,5465,REPUBLICAN,DONALD J TRUMP,22362,REPUBLICAN,DONALD J TRUMP,85,
CUMBERLAND,2000,DEMOCRAT,AL GORE,38626,REPUBLICAN,GEORGE W. BUSH,38129,GREEN,RALPH NADER,0,OTHER,OTHER,396,
CUMBERLAND,2004,DEMOCRAT,JOHN KERRY,45788,REPUBLICAN,GEORGE W. BUSH,49139,OTHER,OTHER,299,
CUMBERLAND,2008,DEMOCRAT,BARACK OBAMA,74693,REPUBLICAN,JOHN MCCAIN,52151,OTHER,OTHER,731,
CUMBERLAND,2012,DEMOCRAT,BARACK OBAMA,75792,REPUBLICAN,MITT ROMNEY,50666,OTHER,OTHER,1183,
CUMBERLAND,2016,DEMOCRAT,HILLARY CLINTON,71605,REPUBLICAN,DONALD TRUMP,51265,OTHER,OTHER,4636,
CUMBERLAND,2020,DEMOCRAT,JOSEPH R BIDEN JR,16902,DEMOCRAT,JOSEPH R BIDEN JR,10365,DEMOCRAT,JOSEPH R BIDEN JR,56911,DEMOCRAT,JOSEPH R BIDEN JR,291,GREEN,OTHER,90,GREEN,OTHER,106,GREEN,OTHER,222,GREEN,OTHER,5,LIBERTARIAN,JO JORGENSEN,356,LIBERTARIAN,JO JORGENSEN,461,LIBERTARIAN,JO JORGENSEN,811,LIBERTARIAN,JO JORGENSEN,17,OTHER,OTHER,128,OTHER,OTHER,138,OTHER,OTHER,312,OTHER,OTHER,3,REPUBLICAN,DONALD J TRUMP,6032,REPUBLICAN,DONALD J TRUMP,12930,REPUBLICAN,DONALD J TRUMP,40875,REPUBLICAN,DONALD J TRUMP,195,
CURRITUCK,2000,DEMOCRAT,AL GORE,2595,REPUBLICAN,GEORGE W. BUSH,4095,GREEN,RALPH NADER,0,OTHER,OTHER,49,
CURRITUCK,2004,DEMOCRAT,JOHN KERRY,2909,REPUBLICAN,GEORGE W. BUSH,6013,OTHER,OTHER,54,
CURRITUCK,2008,DEMOCRAT,BARACK OBAMA,3737,REPUBLICAN,JOHN MCCAIN,7234,OTHER,OTHER,131,
CURRITUCK,2012,DEMOCRAT,BARACK OBAMA,3562,REPUBLICAN,MITT ROMNEY,7496,OTHER,OTHER,246,
CURRITUCK,2016,DEMOCRAT,HILLARY CLINTON,2913,REPUBLICAN,DONALD TRUMP,9163,OTHER,OTHER,593,
CURRITUCK,2020,DEMOCRAT,JOSEPH R BIDEN JR,795,DEMOCRAT,JOSEPH R BIDEN JR,1002,DEMOCRAT,JOSEPH R BIDEN JR,2391,DEMOCRAT,JOSEPH R BIDEN JR,7,GREEN,OTHER,3,GREEN,OTHER,14,GREEN,OTHER,12,GREEN,OTHER,0,LIBERTARIAN,JO JORGENSEN,22,LIBERTARIAN,JO JORGENSEN,103,LIBERTARIAN,JO JORGENSEN,84,LIBERTARIAN,JO JORGENSEN,0,OTHER,OTHER,7,OTHER,OTHER,24,OTHER,OTHER,26,OTHER,OTHER,0,REPUBLICAN,DONALD J TRUMP,669,REPUBLICAN,DONALD J TRUMP,4666,REPUBLICAN,DONALD J TRUMP,6290,REPUBLICAN,DONALD J TRUMP,32,
DARE,2000,DEMOCRAT,AL GORE,5589,REPUBLICAN,GEORGE W. BUSH,7301,GREEN,RALPH NADER,0,OTHER,OTHER,112,
DARE,2004,DEMOCRAT,JOHN KERRY,6136,REPUBLICAN,GEORGE W. BUSH,9345,OTHER,OTHER,67,
DARE,2008,DEMOCRAT,BARACK OBAMA,8074,REPUBLICAN,JOHN MCCAIN,9745,OTHER,OTHER,229,
DARE,2012,DEMOCRAT,BARACK OBAMA,7393,REPUBLICAN,MITT ROMNEY,10248,OTHER,OTHER,333,
DARE,2016,DEMOCRAT,HILLARY CLINTON,7222,REPUBLICAN,DONALD TRUMP,11460,OTHER,OTHER,927,
DARE,2020,DEMOCRAT,JOSEPH R BIDEN JR,2635,DEMOCRAT,JOSEPH R BIDEN JR,1191,DEMOCRAT,JOSEPH R BIDEN JR,6105,DEMOCRAT,JOSEPH R BIDEN JR,5,GREEN,OTHER,10,GREEN,OTHER,20,GREEN,OTHER,16,GREEN,OTHER,1,LIBERTARIAN,JO JORGENSEN,32,LIBERTARIAN,JO JORGENSEN,100,LIBERTARIAN,JO JORGENSEN,91,LIBERTARIAN,JO JORGENSEN,0,OTHER,OTHER,23,OTHER,OTHER,34,OTHER,OTHER,31,OTHER,OTHER,0,REPUBLICAN,DONALD J TRUMP,1193,REPUBLICAN,DONALD J TRUMP,3656,REPUBLICAN,DONALD J TRUMP,9076,REPUBLICAN,DONALD J TRUMP,13,
DAVIDSON,2000,DEMOCRAT,AL GORE,16199,REPUBLICAN,GEORGE W. BUSH,35387,GREEN,RALPH NADER,0,OTHER,OTHER,461,
DAVIDSON,2004,DEMOCRAT,JOHN KERRY,17191,REPUBLICAN,GEORGE W. BUSH,42075,OTHER,OTHER,230,
DAVIDSON,2008,DEMOCRAT,BARACK OBAMA,22433,REPUBLICAN,JOHN MCCAIN,45419,OTHER,OTHER,729,
DAVIDSON,2012,DEMOCRAT,BARACK OBAMA,20624,REPUBLICAN,MITT ROMNEY,49383,OTHER,OTHER,928,
DAVIDSON,2016,DEMOCRAT,HILLARY CLINTON,18109,REPUBLICAN,DONALD TRUMP,54317,OTHER,OTHER,2430,
DAVIDSON,2020,DEMOCRAT,JOSEPH R BIDEN JR,6173,DEMOCRAT,JOSEPH R BIDEN JR,4494,DEMOCRAT,JOSEPH R BIDEN JR,11915,DEMOCRAT,JOSEPH R BIDEN JR,54,GREEN,OTHER,24,GREEN,OTHER,62,GREEN,OTHER,101,GREEN,OTHER,0,LIBERTARIAN,JO JORGENSEN,106,LIBERTARIAN,JO JORGENSEN,252,LIBERTARIAN,JO JORGENSEN,345,LIBERTARIAN,JO JORGENSEN,0,OTHER,OTHER,62,OTHER,OTHER,101,OTHER,OTHER,165,OTHER,OTHER,2,REPUBLICAN,DONALD J TRUMP,5951,REPUBLICAN,DONALD J TRUMP,15613,REPUBLICAN,DONALD J TRUMP,42969,REPUBLICAN,DONALD J TRUMP,125,
DAVIE,2000,DEMOCRAT,AL GORE,3651,REPUBLICAN,GEORGE W. BUSH,10184,GREEN,RALPH NADER,0,OTHER,OTHER,163,
DAVIE,2004,DEMOCRAT,JOHN KERRY,4233,REPUBLICAN,GEORGE W. BUSH,12372,OTHER,OTHER,75,
DAVIE,2008,DEMOCRAT,BARACK OBAMA,6178,REPUBLICAN,JOHN MCCAIN,13981,OTHER,OTHER,209,
DAVIE,2012,DEMOCRAT,BARACK OBAMA,5735,REPUBLICAN,MITT ROMNEY,14687,OTHER,OTHER,248,
DAVIE,2016,DEMOCRAT,HILLARY CLINTON,5270,REPUBLICAN,DONALD TRUMP,15602,OTHER,OTHER,884,
DAVIE,2020,DEMOCRAT,JOSEPH R BIDEN JR,1681,DEMOCRAT,JOSEPH R BIDEN JR,828,DEMOCRAT,JOSEPH R BIDEN JR,4187,DEMOCRAT,JOSEPH R BIDEN JR,17,GREEN,OTHER,8,GREEN,OTHER,15,GREEN,OTHER,30,GREEN,OTHER,0,LIBERTARIAN,JO JORGENSEN,35,LIBERTARIAN,JO JORGENSEN,48,LIBERTARIAN,JO JORGENSEN,130,LIBERTARIAN,JO JORGENSEN,0,OTHER,OTHER,25,OTHER,OTHER,31,OTHER,OTHER,48,OTHER,OTHER,0,REPUBLICAN,DONALD J TRUMP,1385,REPUBLICAN,DONALD J TRUMP,3992,REPUBLICAN,DONALD J TRUMP,12802,REPUBLICAN,DONALD J TRUMP,49,
DUPLIN,2000,DEMOCRAT,AL GORE,6475,REPUBLICAN,GEORGE W. BUSH,7840,GREEN,RALPH NADER,0,OTHER,OTHER,75,
DUPLIN,2004,DEMOCRAT,JOHN KERRY,6923,REPUBLICAN,GEORGE W. BUSH,9611,OTHER,OTHER,49,
DUPLIN,2008,DEMOCRAT,BARACK OBAMA,8958,REPUBLICAN,JOHN MCCAIN,10834,OTHER,OTHER,112,
DUPLIN,2012,DEMOCRAT,BARACK OBAMA,9033,REPUBLICAN,MITT ROMNEY,11416,OTHER,OTHER,143,
DUPLIN,2016,DEMOCRAT,HILLARY CLINTON,8283,REPUBLICAN,DONALD TRUMP,12217,OTHER,OTHER,356,
DUPLIN,2020,DEMOCRAT,JOSEPH R BIDEN JR,1185,DEMOCRAT,JOSEPH R BIDEN JR,1481,DEMOCRAT,JOSEPH R BIDEN JR,6067,DEMOCRAT,JOSEPH R BIDEN JR,34,GREEN,OTHER,6,GREEN,OTHER,11,GREEN,OTHER,16,GREEN,OTHER,0,LIBERTARIAN,JO JORGENSEN,7,LIBERTARIAN,JO JORGENSEN,34,LIBERTARIAN,JO JORGENSEN,43,LIBERTARIAN,JO JORGENSEN,0,OTHER,OTHER,7,OTHER,OTHER,9,OTHER,OTHER,22,OTHER,OTHER,0,REPUBLICAN,DONALD J TRUMP,655,REPUBLICAN,DONALD J TRUMP,4166,REPUBLICAN,DONALD J TRUMP,8930,REPUBLICAN,DONALD J TRUMP,42,
DURHAM,2000,DEMOCRAT,AL GORE,53907,REPUBLICAN,GEORGE W. BUSH,30150,GREEN,RALPH NADER,0,OTHER,OTHER,547,
DURHAM,2004,DEMOCRAT,JOHN KERRY,74524,REPUBLICAN,GEORGE W. BUSH,34614,OTHER,OTHER,513,
DURHAM,2008,DEMOCRAT,BARACK OBAMA,103456,REPUBLICAN,JOHN MCCAIN,32353,OTHER,OTHER,1088,
DURHAM,2012,DEMOCRAT,BARACK OBAMA,111224,REPUBLICAN,MITT ROMNEY,33769,OTHER,OTHER,1742,
DURHAM,2016,DEMOCRAT,HILLARY CLINTON,121250,REPUBLICAN,DONALD TRUMP,28350,OTHER,OTHER,6534,
DURHAM,2020,DEMOCRAT,JOSEPH R BIDEN JR,41458,DEMOCRAT,JOSEPH R BIDEN JR,9139,DEMOCRAT,JOSEPH R BIDEN JR,93803,DEMOCRAT,JOSEPH R BIDEN JR,288,GREEN,OTHER,146,GREEN,OTHER,82,GREEN,OTHER,287,GREEN,OTHER,4,LIBERTARIAN,JO JORGENSEN,381,LIBERTARIAN,JO JORGENSEN,274,LIBERTARIAN,JO JORGENSEN,843,LIBERTARIAN,JO JORGENSEN,6,OTHER,OTHER,227,OTHER,OTHER,155,OTHER,OTHER,357,OTHER,OTHER,5,REPUBLICAN,DONALD J TRUMP,5420,REPUBLICAN,DONALD J TRUMP,4708,REPUBLICAN,DONALD J TRUMP,22228,REPUBLICAN,DONALD J TRUMP,103,
EDGECOMBE,2000,DEMOCRAT,AL GORE,11315,REPUBLICAN,GEORGE W. BUSH,6836,GREEN,RALPH NADER,0,OTHER,OTHER,51,
EDGECOMBE,2004,DEMOCRAT,JOHN KERRY,12877,REPUBLICAN,GEORGE W. BUSH,8163,OTHER,OTHER,39,
EDGECOMBE,2008,DEMOCRAT,BARACK OBAMA,17403,REPUBLICAN,JOHN MCCAIN,8445,OTHER,OTHER,82,
EDGECOMBE,2012,DEMOCRAT,BARACK OBAMA,18310,REPUBLICAN,MITT ROMNEY,8546,OTHER,OTHER,116,
EDGECOMBE,2016,DEMOCRAT,HILLARY CLINTON,16224,REPUBLICAN,DONALD TRUMP,8261,OTHER,OTHER,401,
EDGECOMBE,2020,DEMOCRAT,JOSEPH R BIDEN JR,1810,DEMOCRAT,JOSEPH R BIDEN JR,2392,DEMOCRAT,JOSEPH R BIDEN JR,11837,DEMOCRAT,JOSEPH R BIDEN JR,50,GREEN,OTHER,4,GREEN,OTHER,9,GREEN,OTHER,20,GREEN,OTHER,0,LIBERTARIAN,JO JORGENSEN,10,LIBERTARIAN,JO JORGENSEN,35,LIBERTARIAN,JO JORGENSEN,50,LIBERTARIAN,JO JORGENSEN,2,OTHER,OTHER,6,OTHER,OTHER,12,OTHER,OTHER,34,OTHER,OTHER,0,REPUBLICAN,DONALD J TRUMP,549,REPUBLICAN,DONALD J TRUMP,2573,REPUBLICAN,DONALD J TRUMP,6047,REPUBLICAN,DONALD J TRUMP,37,
FORSYTH,2000,DEMOCRAT,AL GORE,52457,REPUBLICAN,GEORGE W. BUSH,67700,GREEN,RALPH NADER,0,OTHER,OTHER,785,
FORSYTH,2004,DEMOCRAT,JOHN KERRY,63340,REPUBLICAN,GEORGE W. BUSH,75294,OTHER,OTHER,491,
FORSYTH,2008,DEMOCRAT,BARACK OBAMA,91085,REPUBLICAN,JOHN MCCAIN,73674,OTHER,OTHER,1374,
FORSYTH,2012,DEMOCRAT,BARACK OBAMA,92323,REPUBLICAN,MITT ROMNEY,79768,OTHER,OTHER,1978,
FORSYTH,2016,DEMOCRAT,HILLARY CLINTON,94464,REPUBLICAN,DONALD TRUMP,75975,OTHER,OTHER,7873,
FORSYTH,2020,DEMOCRAT,JOSEPH R BIDEN JR,30567,DEMOCRAT,JOSEPH R BIDEN JR,12182,DEMOCRAT,JOSEPH R BIDEN JR,69785,DEMOCRAT,JOSEPH R BIDEN JR,499,GREEN,OTHER,99,GREEN,OTHER,129,GREEN,OTHER,269,GREEN,OTHER,2,LIBERTARIAN,JO JORGENSEN,344,LIBERTARIAN,JO JORGENSEN,534,LIBERTARIAN,JO JORGENSEN,895,LIBERTARIAN,JO JORGENSEN,12,OTHER,OTHER,256,OTHER,OTHER,211,OTHER,OTHER,417,OTHER,OTHER,5,REPUBLICAN,DONALD J TRUMP,12154,REPUBLICAN,DONALD J TRUMP,17067,REPUBLICAN,DONALD J TRUMP,55560,REPUBLICAN,DONALD J TRUMP,283,
FRANKLIN,2000,DEMOCRAT,AL GORE,7454,REPUBLICAN,GEORGE W. BUSH,8501,GREEN,RALPH NADER,0,OTHER,OTHER,96,
FRANKLIN,2004,DEMOCRAT,JOHN KERRY,9286,REPUBLICAN,GEORGE W. BUSH,11540,OTHER,OTHER,92,
FRANKLIN,2008,DEMOCRAT,BARACK OBAMA,13085,REPUBLICAN,JOHN MCCAIN,13273,OTHER,OTHER,281,
FRANKLIN,2012,DEMOCRAT,BARACK OBAMA,13436,REPUBLICAN,MITT ROMNEY,14603,OTHER,OTHER,350,
FRANKLIN,2016,DEMOCRAT,HILLARY CLINTON,12874,REPUBLICAN,DONALD TRUMP,16368,OTHER,OTHER,1126,
FRANKLIN,2020,DEMOCRAT,JOSEPH R BIDEN JR,3086,DEMOCRAT,JOSEPH R BIDEN JR,1768,DEMOCRAT,JOSEPH R BIDEN JR,11006,DEMOCRAT,JOSEPH R BIDEN JR,19,GREEN,OTHER,17,GREEN,OTHER,26,GREEN,OTHER,32,GREEN,OTHER,0,LIBERTARIAN,JO JORGENSEN,40,LIBERTARIAN,JO JORGENSEN,90,LIBERTARIAN,JO JORGENSEN,202,LIBERTARIAN,JO JORGENSEN,1,OTHER,OTHER,41,OTHER,OTHER,37,OTHER,OTHER,85,OTHER,OTHER,0,REPUBLICAN,DONALD J TRUMP,1534,REPUBLICAN,DONALD J TRUMP,4957,REPUBLICAN,DONALD J TRUMP,14356,REPUBLICAN,DONALD J TRUMP,54,
GASTON,2000,DEMOCRAT,AL GORE,19281,REPUBLICAN,GEORGE W. BUSH,39453,GREEN,RALPH NADER,0,OTHER,OTHER,445,
GASTON,2004,DEMOCRAT,JOHN KERRY,20254,REPUBLICAN,GEORGE W. BUSH,43252,OTHER,OTHER,249,
GASTON,2008,DEMOCRAT,BARACK OBAMA,31384,REPUBLICAN,JOHN MCCAIN,52507,OTHER,OTHER,511,
GASTON,2012,DEMOCRAT,BARACK OBAMA,33171,REPUBLICAN,MITT ROMNEY,56138,OTHER,OTHER,1174,
GASTON,2016,DEMOCRAT,HILLARY CLINTON,31177,REPUBLICAN,DONALD TRUMP,61798,OTHER,OTHER,3456,
GASTON,2020,DEMOCRAT,JOSEPH R BIDEN JR,9579,DEMOCRAT,JOSEPH R BIDEN JR,4885,DEMOCRAT,JOSEPH R BIDEN JR,26377,DEMOCRAT,JOSEPH R BIDEN JR,118,GREEN,OTHER,60,GREEN,OTHER,55,GREEN,OTHER,110,GREEN,OTHER,0,LIBERTARIAN,JO JORGENSEN,141,LIBERTARIAN,JO JORGENSEN,281,LIBERTARIAN,JO JORGENSEN,485,LIBERTARIAN,JO JORGENSEN,3,OTHER,OTHER,87,OTHER,OTHER,106,OTHER,OTHER,178,OTHER,OTHER,0,REPUBLICAN,DONALD J TRUMP,6770,REPUBLICAN,DONALD J TRUMP,12552,REPUBLICAN,DONALD J TRUMP,53506,REPUBLICAN,DONALD J TRUMP,205,
GATES,2000,DEMOCRAT,AL GORE,1944,REPUBLICAN,GEORGE W. BUSH,1480,GREEN,RALPH NADER,0,OTHER,OTHER,22,
GATES,2004,DEMOCRAT,JOHN KERRY,2121,REPUBLICAN,GEORGE W. BUSH,1924,OTHER,OTHER,8,
GATES,2008,DEMOCRAT,BARACK OBAMA,2830,REPUBLICAN,JOHN MCCAIN,2547,OTHER,OTHER,43,
GATES,2012,DEMOCRAT,BARACK OBAMA,2786,REPUBLICAN,MITT ROMNEY,2564,OTHER,OTHER,46,
GATES,2016,DEMOCRAT,HILLARY CLINTON,2385,REPUBLICAN,DONALD TRUMP,2874,OTHER,OTHER,133,
GATES,2020,DEMOCRAT,JOSEPH R BIDEN JR,348,DEMOCRAT,JOSEPH R BIDEN JR,375,DEMOCRAT,JOSEPH R BIDEN JR,1819,DEMOCRAT,JOSEPH R BIDEN JR,4,GREEN,OTHER,3,GREEN,OTHER,1,GREEN,OTHER,0,GREEN,OTHER,0,LIBERTARIAN,JO JORGENSEN,3,LIBERTARIAN,JO JORGENSEN,20,LIBERTARIAN,JO JORGENSEN,18,LIBERTARIAN,JO JORGENSEN,0,OTHER,OTHER,1,OTHER,OTHER,5,OTHER,OTHER,7,OTHER,OTHER,0,REPUBLICAN,DONALD J TRUMP,222,REPUBLICAN,DONALD J TRUMP,1160,REPUBLICAN,DONALD J TRUMP,1973,REPUBLICAN,DONALD J TRUMP,12,
GRAHAM,2000,DEMOCRAT,AL GORE,1006,REPUBLICAN,GEORGE W. BUSH,2304,GREEN,RALPH NADER,0,OTHER,OTHER,51,
GRAHAM,2004,DEMOCRAT,JOHN KERRY,1272,REPUBLICAN,GEORGE W. BUSH,2693,OTHER,OTHER,22,
GRAHAM,2008,DEMOCRAT,BARACK OBAMA,1265,REPUBLICAN,JOHN MCCAIN,2824,OTHER,OTHER,82,
GRAHAM,2012,DEMOCRAT,BARACK OBAMA,1119,REPUBLICAN,MITT ROMNEY,2750,OTHER,OTHER,78,
GRAHAM,2016,DEMOCRAT,HILLARY CLINTON,768,REPUBLICAN,DONALD TRUMP,3283,OTHER,OTHER,117,
GRAHAM,2020,DEMOCRAT,JOSEPH R BIDEN JR,148,DEMOCRAT,JOSEPH R BIDEN JR,167,DEMOCRAT,JOSEPH R BIDEN JR,587,DEMOCRAT,JOSEPH R BIDEN JR,3,GREEN,OTHER,1,GREEN,OTHER,2,GREEN,OTHER,2,GREEN,OTHER,0,LIBERTARIAN,JO JORGENSEN,5,LIBERTARIAN,JO JORGENSEN,7,LIBERTARIAN,JO JORGENSEN,14,LIBERTARIAN,JO JORGENSEN,0,OTHER,OTHER,2,OTHER,OTHER,8,OTHER,OTHER,9,OTHER,OTHER,0,REPUBLICAN,DONALD J TRUMP,225,REPUBLICAN,DONALD J TRUMP,961,REPUBLICAN,DONALD J TRUMP,2489,REPUBLICAN,DONALD J TRUMP,35,
GRANVILLE,2000,DEMOCRAT,AL GORE,7733,REPUBLICAN,GEORGE W. BUSH,7364,GREEN,RALPH NADER,0,OTHER,OTHER,97,
GRANVILLE,2004,DEMOCRAT,JOHN KERRY,9057,REPUBLICAN,GEORGE W. BUSH,9491,OTHER,OTHER,53,
GRANVILLE,2008,DEMOCRAT,BARACK OBAMA,13074,REPUBLICAN,JOHN MCCAIN,11447,OTHER,OTHER,204,
GRANVILLE,2012,DEMOCRAT,BARACK OBAMA,13598,REPUBLICAN,MITT ROMNEY,12405,OTHER,OTHER,272,
GRANVILLE,2016,DEMOCRAT,HILLARY CLINTON,12909,REPUBLICAN,DONALD TRUMP,13591,OTHER,OTHER,853,
GRANVILLE,2020,DEMOCRAT,JOSEPH R BIDEN JR,2891,DEMOCRAT,JOSEPH R BIDEN JR,1611,DEMOCRAT,JOSEPH R BIDEN JR,10033,DEMOCRAT,JOSEPH R BIDEN JR,30,GREEN,OTHER,22,GREEN,OTHER,14,GREEN,OTHER,19,GREEN,OTHER,0,LIBERTARIAN,JO JORGENSEN,39,LIBERTARIAN,JO JORGENSEN,62,LIBERTARIAN,JO JORGENSEN,142,LIBERTARIAN,JO JORGENSEN,1,OTHER,OTHER,21,OTHER,OTHER,20,OTHER,OTHER,46,OTHER,OTHER,0,REPUBLICAN,DONALD J TRUMP,1562,REPUBLICAN,DONALD J TRUMP,2918,REPUBLICAN,DONALD J TRUMP,12122,REPUBLICAN,DONALD J TRUMP,45,
GREENE,2000,DEMOCRAT,AL GORE,2478,REPUBLICAN,GEORGE W. BUSH,3353,GREEN,RALPH NADER,0,OTHER,OTHER,39,
GREENE,2004,DEMOCRAT,JOHN KERRY,2665,REPUBLICAN,GEORGE W. BUSH,3800,OTHER,OTHER,7,
GREENE,2008,DEMOCRAT,BARACK OBAMA,3796,REPUBLICAN,JOHN MCCAIN,4272,OTHER,OTHER,35,
GREENE,2012,DEMOCRAT,BARACK OBAMA,3778,REPUBLICAN,MITT ROMNEY,4411,OTHER,OTHER,47,
GREENE,2016,DEMOCRAT,HILLARY CLINTON,3605,REPUBLICAN,DONALD TRUMP,4374,OTHER,OTHER,116,
GREENE,2020,DEMOCRAT,JOSEPH R BIDEN JR,632,DEMOCRAT,JOSEPH R BIDEN JR,578,DEMOCRAT,JOSEPH R BIDEN JR,2614,DEMOCRAT,JOSEPH R BIDEN JR,8,GREEN,OTHER,1,GREEN,OTHER,2,GREEN,OTHER,5,GREEN,OTHER,0,LIBERTARIAN,JO JORGENSEN,3,LIBERTARIAN,JO JORGENSEN,8,LIBERTARIAN,JO JORGENSEN,15,LIBERTARIAN,JO JORGENSEN,0,OTHER,OTHER,2,OTHER,OTHER,4,OTHER,OTHER,7,OTHER,OTHER,0,REPUBLICAN,DONALD J TRUMP,250,REPUBLICAN,DONALD J TRUMP,1455,REPUBLICAN,DONALD J TRUMP,3161,REPUBLICAN,DONALD J TRUMP,8,
GUILFORD,2000,DEMOCRAT,AL GORE,80787,REPUBLICAN,GEORGE W. BUSH,84394,GREEN,RALPH NADER,0,OTHER,OTHER,1083,
GUILFORD,2004,DEMOCRAT,JOHN KERRY,100042,REPUBLICAN,GEORGE W. BUSH,98254,OTHER,OTHER,1018,
GUILFORD,2008,DEMOCRAT,BARACK OBAMA,142101,REPUBLICAN,JOHN MCCAIN,97718,OTHER,OTHER,1952,
GUILFORD,2012,DEMOCRAT,BARACK OBAMA,146365,REPUBLICAN,MITT ROMNEY,104789,OTHER,OTHER,2698,
GUILFORD,2016,DEMOCRAT,HILLARY CLINTON,149248,REPUBLICAN,DONALD TRUMP,98062,OTHER,OTHER,10095,
GUILFORD,2020,DEMOCRAT,JOSEPH R BIDEN JR,36466,DEMOCRAT,JOSEPH R BIDEN JR,20869,DEMOCRAT,JOSEPH R BIDEN JR,115511,DEMOCRAT,JOSEPH R BIDEN JR,240,GREEN,OTHER,143,GREEN,OTHER,181,GREEN,OTHER,377,GREEN,OTHER,3,LIBERTARIAN,JO JORGENSEN,391,LIBERTARIAN,JO JORGENSEN,643,LIBERTARIAN,JO JORGENSEN,1194,LIBERTARIAN,JO JORGENSEN,4,OTHER,OTHER,231,OTHER,OTHER,339,OTHER,OTHER,599,OTHER,OTHER,1,REPUBLICAN,DONALD J TRUMP,12471,REPUBLICAN,DONALD J TRUMP,21451,REPUBLICAN,DONALD J TRUMP,73211,REPUBLICAN,DONALD J TRUMP,161,
HALIFAX,2000,DEMOCRAT,AL GORE,10222,REPUBLICAN,GEORGE W. BUSH,6698,GREEN,RALPH NADER,0,OTHER,OTHER,50,
HALIFAX,2004,DEMOCRAT,JOHN KERRY,11528,REPUBLICAN,GEORGE W. BUSH,8088,OTHER,OTHER,31,
HALIFAX,2008,DEMOCRAT,BARACK OBAMA,16047,REPUBLICAN,JOHN MCCAIN,8961,OTHER,OTHER,83,
HALIFAX,2012,DEMOCRAT,BARACK OBAMA,17176,REPUBLICAN,MITT ROMNEY,8763,OTHER,OTHER,140,
HALIFAX,2016,DEMOCRAT,HILLARY CLINTON,15748,REPUBLICAN,DONALD TRUMP,9031,OTHER,OTHER,388,
HALIFAX,2020,DEMOCRAT,JOSEPH R BIDEN JR,1560,DEMOCRAT,JOSEPH R BIDEN JR,2656,DEMOCRAT,JOSEPH R BIDEN JR,11242,DEMOCRAT,JOSEPH R BIDEN JR,87,GREEN,OTHER,3,GREEN,OTHER,10,GREEN,OTHER,17,GREEN,OTHER,1,LIBERTARIAN,JO JORGENSEN,2,LIBERTARIAN,JO JORGENSEN,24,LIBERTARIAN,JO JORGENSEN,36,LIBERTARIAN,JO JORGENSEN,0,OTHER,OTHER,6,OTHER,OTHER,14,OTHER,OTHER,20,OTHER,OTHER,1,REPUBLICAN,DONALD J TRUMP,531,REPUBLICAN,DONALD J TRUMP,2489,REPUBLICAN,DONALD J TRUMP,6999,REPUBLICAN,DONALD J TRUMP,61,
HARNETT,2000,DEMOCRAT,AL GORE,9155,REPUBLICAN,GEORGE W. BUSH,14762,GREEN,RALPH NADER,0,OTHER,OTHER,250,
HARNETT,2004,DEMOCRAT,JOHN KERRY,11563,REPUBLICAN,GEORGE W. BUSH,20922,OTHER,OTHER,86,
HARNETT,2008,DEMOCRAT,BARACK OBAMA,16785,REPUBLICAN,JOHN MCCAIN,23579,OTHER,OTHER,341,
HARNETT,2012,DEMOCRAT,BARACK OBAMA,17331,REPUBLICAN,MITT ROMNEY,25565,OTHER,OTHER,519,
HARNETT,2016,DEMOCRAT,HILLARY CLINTON,16737,REPUBLICAN,DONALD TRUMP,27614,OTHER,OTHER,1714,
HARNETT,2020,DEMOCRAT,JOSEPH R BIDEN JR,5117,DEMOCRAT,JOSEPH R BIDEN JR,2683,DEMOCRAT,JOSEPH R BIDEN JR,14200,DEMOCRAT,JOSEPH R BIDEN JR,93,GREEN,OTHER,39,GREEN,OTHER,33,GREEN,OTHER,53,GREEN,OTHER,0,LIBERTARIAN,JO JORGENSEN,147,LIBERTARIAN,JO JORGENSEN,176,LIBERTARIAN,JO JORGENSEN,382,LIBERTARIAN,JO JORGENSEN,3,OTHER,OTHER,50,OTHER,OTHER,38,OTHER,OTHER,100,OTHER,OTHER,2,REPUBLICAN,DONALD J TRUMP,3545,REPUBLICAN,DONALD J TRUMP,5890,REPUBLICAN,DONALD J TRUMP,25628,REPUBLICAN,DONALD J TRUMP,114,
HAYWOOD,2000,DEMOCRAT,AL GORE,9793,REPUBLICAN,GEORGE W. BUSH,12118,GREEN,RALPH NADER,0,OTHER,OTHER,362,
HAYWOOD,2004,DEMOCRAT,JOHN KERRY,11237,REPUBLICAN,GEORGE W. BUSH,14545,OTHER,OTHER,150,
HAYWOOD,2008,DEMOCRAT,BARACK OBAMA,12730,REPUBLICAN,JOHN MCCAIN,14910,OTHER,OTHER,427,
HAYWOOD,2012,DEMOCRAT,BARACK OBAMA,11833,REPUBLICAN,MITT ROMNEY,15633,OTHER,OTHER,508,
HAYWOOD,2016,DEMOCRAT,HILLARY CLINTON,10473,REPUBLICAN,DONALD TRUMP,18929,OTHER,OTHER,1325,
HAYWOOD,2020,DEMOCRAT,JOSEPH R BIDEN JR,4158,DEMOCRAT,JOSEPH R BIDEN JR,1502,DEMOCRAT,JOSEPH R BIDEN JR,7473,DEMOCRAT,JOSEPH R BIDEN JR,11,GREEN,OTHER,16,GREEN,OTHER,27,GREEN,OTHER,46,GREEN,OTHER,0,LIBERTARIAN,JO JORGENSEN,42,LIBERTARIAN,JO JORGENSEN,105,LIBERTARIAN,JO JORGENSEN,186,LIBERTARIAN,JO JORGENSEN,1,OTHER,OTHER,24,OTHER,OTHER,28,OTHER,OTHER,89,OTHER,OTHER,0,REPUBLICAN,DONALD J TRUMP,1905,REPUBLICAN,DONALD J TRUMP,5471,REPUBLICAN,DONALD J TRUMP,15386,REPUBLICAN,DONALD J TRUMP,72,
HENDERSON,2000,DEMOCRAT,AL GORE,12562,REPUBLICAN,GEORGE W. BUSH,25688,GREEN,RALPH NADER,0,OTHER,OTHER,357,
HENDERSON,2004,DEMOCRAT,JOHN KERRY,15003,REPUBLICAN,GEORGE W. BUSH,28025,OTHER,OTHER,206,
HENDERSON,2008,DEMOCRAT,BARACK OBAMA,20082,REPUBLICAN,JOHN MCCAIN,30930,OTHER,OTHER,602,
HENDERSON,2012,DEMOCRAT,BARACK OBAMA,18642,REPUBLICAN,MITT ROMNEY,32994,OTHER,OTHER,756,
HENDERSON,2016,DEMOCRAT,HILLARY CLINTON,19827,REPUBLICAN,DONALD TRUMP,35809,OTHER,OTHER,2540,
HENDERSON,2020,DEMOCRAT,JOSEPH R BIDEN JR,10473,DEMOCRAT,JOSEPH R BIDEN JR,2720,DEMOCRAT,JOSEPH R BIDEN JR,14009,DEMOCRAT,JOSEPH R BIDEN JR,9,GREEN,OTHER,37,GREEN,OTHER,41,GREEN,OTHER,97,GREEN,OTHER,0,LIBERTARIAN,JO JORGENSEN,132,LIBERTARIAN,JO JORGENSEN,199,LIBERTARIAN,JO JORGENSEN,337,LIBERTARIAN,JO JORGENSEN,2,OTHER,OTHER,79,OTHER,OTHER,64,OTHER,OTHER,139,OTHER,OTHER,1,REPUBLICAN,DONALD J TRUMP,4730,REPUBLICAN,DONALD J TRUMP,8272,REPUBLICAN,DONALD J TRUMP,26983,REPUBLICAN,DONALD J TRUMP,47,
HERTFORD,2000,DEMOCRAT,AL GORE,5484,REPUBLICAN,GEORGE W. BUSH,2382,GREEN,RALPH NADER,0,OTHER,OTHER,31,
HERTFORD,2004,DEMOCRAT,JOHN KERRY,5141,REPUBLICAN,GEORGE W. BUSH,2942,OTHER,OTHER,49,
HERTFORD,2008,DEMOCRAT,BARACK OBAMA,7513,REPUBLICAN,JOHN MCCAIN,3089,OTHER,OTHER,48,
HERTFORD,2012,DEMOCRAT,BARACK OBAMA,7843,REPUBLICAN,MITT ROMNEY,3007,OTHER,OTHER,68,
HERTFORD,2016,DEMOCRAT,HILLARY CLINTON,6910,REPUBLICAN,DONALD TRUMP,3099,OTHER,OTHER,177,
HERTFORD,2020,DEMOCRAT,JOSEPH R BIDEN JR,822,DEMOCRAT,JOSEPH R BIDEN JR,1062,DEMOCRAT,JOSEPH R BIDEN JR,5207,DEMOCRAT,JOSEPH R BIDEN JR,6,GREEN,OTHER,0,GREEN,OTHER,1,GREEN,OTHER,7,GREEN,OTHER,1,LIBERTARIAN,JO JORGENSEN,1,LIBERTARIAN,JO JORGENSEN,7,LIBERTARIAN,JO JORGENSEN,20,LIBERTARIAN,JO JORGENSEN,0,OTHER,OTHER,3,OTHER,OTHER,5,OTHER,OTHER,13,OTHER,OTHER,0,REPUBLICAN,DONALD J TRUMP,184,REPUBLICAN,DONALD J TRUMP,984,REPUBLICAN,DONALD J TRUMP,2304,REPUBLICAN,DONALD J TRUMP,7,
HOKE,2000,DEMOCRAT,AL GORE,5017,REPUBLICAN,GEORGE W. BUSH,3439,GREEN,RALPH NADER,0,OTHER,OTHER,126,
HOKE,2004,DEMOCRAT,JOHN KERRY,5794,REPUBLICAN,GEORGE W. BUSH,5257,OTHER,OTHER,37,
HOKE,2008,DEMOCRAT,BARACK OBAMA,9227,REPUBLICAN,JOHN MCCAIN,6293,OTHER,OTHER,107,
HOKE,2012,DEMOCRAT,BARACK OBAMA,10076,REPUBLICAN,MITT ROMNEY,6819,OTHER,OTHER,194,
HOKE,2016,DEMOCRAT,HILLARY CLINTON,9726,REPUBLICAN,DONALD TRUMP,7760,OTHER,OTHER,744,
HOKE,2020,DEMOCRAT,JOSEPH R BIDEN JR,1955,DEMOCRAT,JOSEPH R BIDEN JR,1552,DEMOCRAT,JOSEPH R BIDEN JR,8277,DEMOCRAT,JOSEPH R BIDEN JR,20,GREEN,OTHER,9,GREEN,OTHER,10,GREEN,OTHER,31,GREEN,OTHER,0,LIBERTARIAN,JO JORGENSEN,58,LIBERTARIAN,JO JORGENSEN,90,LIBERTARIAN,JO JORGENSEN,114,LIBERTARIAN,JO JORGENSEN,0,OTHER,OTHER,13,OTHER,OTHER,18,OTHER,OTHER,39,OTHER,OTHER,0,REPUBLICAN,DONALD J TRUMP,827,REPUBLICAN,DONALD J TRUMP,2207,REPUBLICAN,DONALD J TRUMP,6395,REPUBLICAN,DONALD J TRUMP,24,
HYDE,2000,DEMOCRAT,AL GORE,1088,REPUBLICAN,GEORGE W. BUSH,1132,GREEN,RALPH NADER,0,OTHER,OTHER,17,
HYDE,2004,DEMOCRAT,JOHN KERRY,1048,REPUBLICAN,GEORGE W. BUSH,1235,OTHER,OTHER,10,
HYDE,2008,DEMOCRAT,BARACK OBAMA,1241,REPUBLICAN,JOHN MCCAIN,1212,OTHER,OTHER,16,
HYDE,2012,DEMOCRAT,BARACK OBAMA,1163,REPUBLICAN,MITT ROMNEY,1193,OTHER,OTHER,27,
HYDE,2016,DEMOCRAT,HILLARY CLINTON,965,REPUBLICAN,DONALD TRUMP,1288,OTHER,OTHER,51,
HYDE,2020,DEMOCRAT,JOSEPH R BIDEN JR,146,DEMOCRAT,JOSEPH R BIDEN JR,355,DEMOCRAT,JOSEPH R BIDEN JR,541,DEMOCRAT,JOSEPH R BIDEN JR,4,GREEN,OTHER,0,GREEN,OTHER,5,GREEN,OTHER,1,GREEN,OTHER,0,LIBERTARIAN,JO JORGENSEN,1,LIBERTARIAN,JO JORGENSEN,13,LIBERTARIAN,JO JORGENSEN,3,LIBERTARIAN,JO JORGENSEN,0,OTHER,OTHER,1,OTHER,OTHER,1,OTHER,OTHER,3,OTHER,OTHER,0,REPUBLICAN,DONALD J TRUMP,69,REPUBLICAN,DONALD J TRUMP,861,REPUBLICAN,DONALD J TRUMP,479,REPUBLICAN,DONALD J TRUMP,9,
IREDELL,2000,DEMOCRAT,AL GORE,15434,REPUBLICAN,GEORGE W. BUSH,29853,GREEN,RALPH NADER,0,OTHER,OTHER,299,
IREDELL,2004,DEMOCRAT,JOHN KERRY,18065,REPUBLICAN,GEORGE W. BUSH,38675,OTHER,OTHER,233,
IREDELL,2008,DEMOCRAT,BARACK OBAMA,27318,REPUBLICAN,JOHN MCCAIN,45148,OTHER,OTHER,696,
IREDELL,2012,DEMOCRAT,BARACK OBAMA,26076,REPUBLICAN,MITT ROMNEY,49299,OTHER,OTHER,990,
IREDELL,2016,DEMOCRAT,HILLARY CLINTON,24734,REPUBLICAN,DONALD TRUMP,54754,OTHER,OTHER,3079,
IREDELL,2020,DEMOCRAT,JOSEPH R BIDEN JR,10057,DEMOCRAT,JOSEPH R BIDEN JR,4187,DEMOCRAT,JOSEPH R BIDEN JR,19608,DEMOCRAT,JOSEPH R BIDEN JR,36,GREEN,OTHER,41,GREEN,OTHER,49,GREEN,OTHER,88,GREEN,OTHER,0,LIBERTARIAN,JO JORGENSEN,183,LIBERTARIAN,JO JORGENSEN,260,LIBERTARIAN,JO JORGENSEN,460,LIBERTARIAN,JO JORGENSEN,4,OTHER,OTHER,98,OTHER,OTHER,115,OTHER,OTHER,175,OTHER,OTHER,0,REPUBLICAN,DONALD J TRUMP,7075,REPUBLICAN,DONALD J TRUMP,13914,REPUBLICAN,DONALD J TRUMP,45913,REPUBLICAN,DONALD J TRUMP,108,
JACKSON,2000,DEMOCRAT,AL GORE,5722,REPUBLICAN,GEORGE W. BUSH,6237,GREEN,RALPH NADER,0,OTHER,OTHER,162,
JACKSON,2004,DEMOCRAT,JOHN KERRY,6737,REPUBLICAN,GEORGE W. BUSH,7351,OTHER,OTHER,86,
JACKSON,2008,DEMOCRAT,BARACK OBAMA,8766,REPUBLICAN,JOHN MCCAIN,7854,OTHER,OTHER,246,
JACKSON,2012,DEMOCRAT,BARACK OBAMA,8095,REPUBLICAN,MITT ROMNEY,8254,OTHER,OTHER,352,
JACKSON,2016,DEMOCRAT,HILLARY CLINTON,7713,REPUBLICAN,DONALD TRUMP,9870,OTHER,OTHER,1130,
JACKSON,2020,DEMOCRAT,JOSEPH R BIDEN JR,2019,DEMOCRAT,JOSEPH R BIDEN JR,968,DEMOCRAT,JOSEPH R BIDEN JR,6575,DEMOCRAT,JOSEPH R BIDEN JR,29,GREEN,OTHER,12,GREEN,OTHER,23,GREEN,OTHER,67,GREEN,OTHER,0,LIBERTARIAN,JO JORGENSEN,29,LIBERTARIAN,JO JORGENSEN,68,LIBERTARIAN,JO JORGENSEN,158,LIBERTARIAN,JO JORGENSEN,2,OTHER,OTHER,21,OTHER,OTHER,31,OTHER,OTHER,70,OTHER,OTHER,0,REPUBLICAN,DONALD J TRUMP,777,REPUBLICAN,DONALD J TRUMP,2636,REPUBLICAN,DONALD J TRUMP,7874,REPUBLICAN,DONALD J TRUMP,69,
JOHNSTON,2000,DEMOCRAT,AL GORE,13704,REPUBLICAN,GEORGE W. BUSH,27212,GREEN,RALPH NADER,0,OTHER,OTHER,239,
JOHNSTON,2004,DEMOCRAT,JOHN KERRY,17266,REPUBLICAN,GEORGE W. BUSH,36903,OTHER,OTHER,188,
JOHNSTON,2008,DEMOCRAT,BARACK OBAMA,26795,REPUBLICAN,JOHN MCCAIN,43622,OTHER,OTHER,600,
JOHNSTON,2012,DEMOCRAT,BARACK OBAMA,27290,REPUBLICAN,MITT ROMNEY,48427,OTHER,OTHER,974,
JOHNSTON,2016,DEMOCRAT,HILLARY CLINTON,28362,REPUBLICAN,DONALD TRUMP,54372,OTHER,OTHER,3175,
JOHNSTON,2020,DEMOCRAT,JOSEPH R BIDEN JR,10162,DEMOCRAT,JOSEPH R BIDEN JR,4667,DEMOCRAT,JOSEPH R BIDEN JR,26338,DEMOCRAT,JOSEPH R BIDEN JR,90,GREEN,OTHER,64,GREEN,OTHER,40,GREEN,OTHER,110,GREEN,OTHER,1,LIBERTARIAN,JO JORGENSEN,225,LIBERTARIAN,JO JORGENSEN,293,LIBERTARIAN,JO JORGENSEN,639,LIBERTARIAN,JO JORGENSEN,7,OTHER,OTHER,99,OTHER,OTHER,87,OTHER,OTHER,181,OTHER,OTHER,1,REPUBLICAN,DONALD J TRUMP,5441,REPUBLICAN,DONALD J TRUMP,13528,REPUBLICAN,DONALD J TRUMP,49217,REPUBLICAN,DONALD J TRUMP,167,
JONES,2000,DEMOCRAT,AL GORE,1822,REPUBLICAN,GEORGE W. BUSH,2114,GREEN,RALPH NADER,0,OTHER,OTHER,28,
JONES,2004,DEMOCRAT,JOHN KERRY,1893,REPUBLICAN,GEORGE W. BUSH,2607,OTHER,OTHER,13,
JONES,2008,DEMOCRAT,BARACK OBAMA,2378,REPUBLICAN,JOHN MCCAIN,2817,OTHER,OTHER,32,
JONES,2012,DEMOCRAT,BARACK OBAMA,2352,REPUBLICAN,MITT ROMNEY,2837,OTHER,OTHER,41,
JONES,2016,DEMOCRAT,HILLARY CLINTON,2065,REPUBLICAN,DONALD TRUMP,2974,OTHER,OTHER,96,
JONES,2020,DEMOCRAT,JOSEPH R BIDEN JR,238,DEMOCRAT,JOSEPH R BIDEN JR,507,DEMOCRAT,JOSEPH R BIDEN JR,1442,DEMOCRAT,JOSEPH R BIDEN JR,10,GREEN,OTHER,1,GREEN,OTHER,1,GREEN,OTHER,3,GREEN,OTHER,0,LIBERTARIAN,JO JORGENSEN,5,LIBERTARIAN,JO JORGENSEN,13,LIBERTARIAN,JO JORGENSEN,15,LIBERTARIAN,JO JORGENSEN,1,OTHER,OTHER,1,OTHER,OTHER,4,OTHER,OTHER,4,OTHER,OTHER,0,REPUBLICAN,DONALD J TRUMP,202,REPUBLICAN,DONALD J TRUMP,1155,REPUBLICAN,DONALD J TRUMP,1914,REPUBLICAN,DONALD J TRUMP,9,
LEE,2000,DEMOCRAT,AL GORE,6785,REPUBLICAN,GEORGE W. BUSH,9406,GREEN,RALPH NADER,0,OTHER,OTHER,92,
LEE,2004,DEMOCRAT,JOHN KERRY,7657,REPUBLICAN,GEORGE W. BUSH,11834,OTHER,OTHER,52,
LEE,2008,DEMOCRAT,BARACK OBAMA,10784,REPUBLICAN,JOHN MCCAIN,12775,OTHER,OTHER,229,
LEE,2012,DEMOCRAT,BARACK OBAMA,10801,REPUBLICAN,MITT ROMNEY,13158,OTHER,OTHER,280,
LEE,2016,DEMOCRAT,HILLARY CLINTON,10469,REPUBLICAN,DONALD TRUMP,13712,OTHER,OTHER,903,
LEE,2020,DEMOCRAT,JOSEPH R BIDEN JR,2623,DEMOCRAT,JOSEPH R BIDEN JR,1408,DEMOCRAT,JOSEPH R BIDEN JR,8096,DEMOCRAT,JOSEPH R BIDEN JR,16,GREEN,OTHER,12,GREEN,OTHER,13,GREEN,OTHER,39,GREEN,OTHER,1,LIBERTARIAN,JO JORGENSEN,39,LIBERTARIAN,JO JORGENSEN,70,LIBERTARIAN,JO JORGENSEN,125,LIBERTARIAN,JO JORGENSEN,1,OTHER,OTHER,16,OTHER,OTHER,29,OTHER,OTHER,51,OTHER,OTHER,0,REPUBLICAN,DONALD J TRUMP,1366,REPUBLICAN,DONALD J TRUMP,2669,REPUBLICAN,DONALD J TRUMP,12407,REPUBLICAN,DONALD J TRUMP,27,
LENOIR,2000,DEMOCRAT,AL GORE,9527,REPUBLICAN,GEORGE W. BUSH,11512,GREEN,RALPH NADER,0,OTHER,OTHER,124,
LENOIR,2004,DEMOCRAT,JOHN KERRY,10207,REPUBLICAN,GEORGE W. BUSH,12939,OTHER,OTHER,33,
LENOIR,2008,DEMOCRAT,BARACK OBAMA,13378,REPUBLICAN,JOHN MCCAIN,13401,OTHER,OTHER,118,
LENOIR,2012,DEMOCRAT,BARACK OBAMA,13948,REPUBLICAN,MITT ROMNEY,13980,OTHER,OTHER,158,
LENOIR,2016,DEMOCRAT,HILLARY CLINTON,12634,REPUBLICAN,DONALD TRUMP,13613,OTHER,OTHER,560,
LENOIR,2020,DEMOCRAT,JOSEPH R BIDEN JR,2165,DEMOCRAT,JOSEPH R BIDEN JR,1647,DEMOCRAT,JOSEPH R BIDEN JR,9749,DEMOCRAT,JOSEPH R BIDEN JR,44,GREEN,OTHER,3,GREEN,OTHER,8,GREEN,OTHER,18,GREEN,OTHER,0,LIBERTARIAN,JO JORGENSEN,19,LIBERTARIAN,JO JORGENSEN,39,LIBERTARIAN,JO JORGENSEN,68,LIBERTARIAN,JO JORGENSEN,0,OTHER,OTHER,6,OTHER,OTHER,14,OTHER,OTHER,38,OTHER,OTHER,1,REPUBLICAN,DONALD J TRUMP,947,REPUBLICAN,DONALD J TRUMP,2746,REPUBLICAN,DONALD J TRUMP,10849,REPUBLICAN,DONALD J TRUMP,48,
LINCOLN,2000,DEMOCRAT,AL GORE,8412,REPUBLICAN,GEORGE W. BUSH,15951,GREEN,RALPH NADER,0,OTHER,OTHER,166,
LINCOLN,2004,DEMOCRAT,JOHN KERRY,9434,REPUBLICAN,GEORGE W. BUSH,20052,OTHER,OTHER,93,
LINCOLN,2008,DEMOCRAT,BARACK OBAMA,11713,REPUBLICAN,JOHN MCCAIN,23631,OTHER,OTHER,454,
LINCOLN,2012,DEMOCRAT,BARACK OBAMA,11024,REPUBLICAN,MITT ROMNEY,25267,OTHER,OTHER,484,
LINCOLN,2016,DEMOCRAT,HILLARY CLINTON,9897,REPUBLICAN,DONALD TRUMP,28806,OTHER,OTHER,1320,
LINCOLN,2020,DEMOCRAT,JOSEPH R BIDEN JR,3435,DEMOCRAT,JOSEPH R BIDEN JR,1420,DEMOCRAT,JOSEPH R BIDEN JR,8404,DEMOCRAT,JOSEPH R BIDEN JR,15,GREEN,OTHER,20,GREEN,OTHER,23,GREEN,OTHER,44,GREEN,OTHER,0,LIBERTARIAN,JO JORGENSEN,52,LIBERTARIAN,JO JORGENSEN,112,LIBERTARIAN,JO JORGENSEN,208,LIBERTARIAN,JO JORGENSEN,1,OTHER,OTHER,29,OTHER,OTHER,37,OTHER,OTHER,76,OTHER,OTHER,0,REPUBLICAN,DONALD J TRUMP,2788,REPUBLICAN,DONALD J TRUMP,6673,REPUBLICAN,DONALD J TRUMP,26804,REPUBLICAN,DONALD J TRUMP,76,
MCDOWELL,2000,DEMOCRAT,AL GORE,4747,REPUBLICAN,GEORGE W. BUSH,9109,GREEN,RALPH NADER,0,OTHER,OTHER,155,
MCDOWELL,2004,DEMOCRAT,JOHN KERRY,5330,REPUBLICAN,GEORGE W. BUSH,10590,OTHER,OTHER,82,
MCDOWELL,2008,DEMOCRAT,BARACK OBAMA,6571,REPUBLICAN,JOHN MCCAIN,11534,OTHER,OTHER,281,
MCDOWELL,2012,DEMOCRAT,BARACK OBAMA,6031,REPUBLICAN,MITT ROMNEY,11775,OTHER,OTHER,293,
MCDOWELL,2016,DEMOCRAT,HILLARY CLINTON,4667,REPUBLICAN,DONALD TRUMP,14568,OTHER,OTHER,640,
MCDOWELL,2020,DEMOCRAT,JOSEPH R BIDEN JR,1473,DEMOCRAT,JOSEPH R BIDEN JR,970,DEMOCRAT,JOSEPH R BIDEN JR,3382,DEMOCRAT,JOSEPH R BIDEN JR,7,GREEN,OTHER,9,GREEN,OTHER,18,GREEN,OTHER,18,GREEN,OTHER,0,LIBERTARIAN,JO JORGENSEN,27,LIBERTARIAN,JO JORGENSEN,68,LIBERTARIAN,JO JORGENSEN,89,LIBERTARIAN,JO JORGENSEN,0,OTHER,OTHER,18,OTHER,OTHER,18,OTHER,OTHER,23,OTHER,OTHER,0,REPUBLICAN,DONALD J TRUMP,1148,REPUBLICAN,DONALD J TRUMP,4666,REPUBLICAN,DONALD J TRUMP,11056,REPUBLICAN,DONALD J TRUMP,13,
MACON,2000,DEMOCRAT,AL GORE,4683,REPUBLICAN,GEORGE W. BUSH,8406,GREEN,RALPH NADER,0,OTHER,OTHER,145,
MACON,2004,DEMOCRAT,JOHN KERRY,5489,REPUBLICAN,GEORGE W. BUSH,9448,OTHER,OTHER,87,
MACON,2008,DEMOCRAT,BARACK OBAMA,6620,REPUBLICAN,JOHN MCCAIN,10317,OTHER,OTHER,301,
MACON,2012,DEMOCRAT,BARACK OBAMA,5712,REPUBLICAN,MITT ROMNEY,10835,OTHER,OTHER,314,
MACON,2016,DEMOCRAT,HILLARY CLINTON,4876,REPUBLICAN,DONALD TRUMP,12127,OTHER,OTHER,731,
MACON,2020,DEMOCRAT,JOSEPH R BIDEN JR,2086,DEMOCRAT,JOSEPH R BIDEN JR,741,DEMOCRAT,JOSEPH R BIDEN JR,3398,DEMOCRAT,JOSEPH R BIDEN JR,5,GREEN,OTHER,7,GREEN,OTHER,12,GREEN,OTHER,12,GREEN,OTHER,0,LIBERTARIAN,JO JORGENSEN,23,LIBERTARIAN,JO JORGENSEN,53,LIBERTARIAN,JO JORGENSEN,93,LIBERTARIAN,JO JORGENSEN,0,OTHER,OTHER,11,OTHER,OTHER,25,OTHER,OTHER,66,OTHER,OTHER,0,REPUBLICAN,DONALD J TRUMP,1480,REPUBLICAN,DONALD J TRUMP,3168,REPUBLICAN,DONALD J TRUMP,9526,REPUBLICAN,DONALD J TRUMP,37,
MADISON,2000,DEMOCRAT,AL GORE,3505,REPUBLICAN,GEORGE W. BUSH,4676,GREEN,RALPH NADER,0,OTHER,OTHER,144,
MADISON,2004,DEMOCRAT,JOHN KERRY,4234,REPUBLICAN,GEORGE W. BUSH,5175,OTHER,OTHER,54,
MADISON,2008,DEMOCRAT,BARACK OBAMA,5026,REPUBLICAN,JOHN MCCAIN,5192,OTHER,OTHER,161,
MADISON,2012,DEMOCRAT,BARACK OBAMA,4484,REPUBLICAN,MITT ROMNEY,5404,OTHER,OTHER,225,
MADISON,2016,DEMOCRAT,HILLARY CLINTON,3926,REPUBLICAN,DONALD TRUMP,6783,OTHER,OTHER,560,
MADISON,2020,DEMOCRAT,JOSEPH R BIDEN JR,1223,DEMOCRAT,JOSEPH R BIDEN JR,529,DEMOCRAT,JOSEPH R BIDEN JR,3140,DEMOCRAT,JOSEPH R BIDEN JR,9,GREEN,OTHER,5,GREEN,OTHER,12,GREEN,OTHER,20,GREEN,OTHER,0,LIBERTARIAN,JO JORGENSEN,16,LIBERTARIAN,JO JORGENSEN,30,LIBERTARIAN,JO JORGENSEN,57,LIBERTARIAN,JO JORGENSEN,0,OTHER,OTHER,6,OTHER,OTHER,16,OTHER,OTHER,34,OTHER,OTHER,0,REPUBLICAN,DONALD J TRUMP,467,REPUBLICAN,DONALD J TRUMP,1993,REPUBLICAN,DONALD J TRUMP,5486,REPUBLICAN,DONALD J TRUMP,33,
MARTIN,2000,DEMOCRAT,AL GORE,4929,REPUBLICAN,GEORGE W. BUSH,4420,GREEN,RALPH NADER,0,OTHER,OTHER,17,
MARTIN,2004,DEMOCRAT,JOHN KERRY,5102,REPUBLICAN,GEORGE W. BUSH,5334,OTHER,OTHER,16,
MARTIN,2008,DEMOCRAT,BARACK OBAMA,6539,REPUBLICAN,JOHN MCCAIN,5957,OTHER,OTHER,45,
MARTIN,2012,DEMOCRAT,BARACK OBAMA,6583,REPUBLICAN,MITT ROMNEY,5995,OTHER,OTHER,74,
MARTIN,2016,DEMOCRAT,HILLARY CLINTON,5846,REPUBLICAN,DONALD TRUMP,5897,OTHER,OTHER,221,
MARTIN,2020,DEMOCRAT,JOSEPH R BIDEN JR,753,DEMOCRAT,JOSEPH R BIDEN JR,1038,DEMOCRAT,JOSEPH R BIDEN JR,4101,DEMOCRAT,JOSEPH R BIDEN JR,19,GREEN,OTHER,1,GREEN,OTHER,4,GREEN,OTHER,8,GREEN,OTHER,0,LIBERTARIAN,JO JORGENSEN,6,LIBERTARIAN,JO JORGENSEN,20,LIBERTARIAN,JO JORGENSEN,32,LIBERTARIAN,JO JORGENSEN,1,OTHER,OTHER,3,OTHER,OTHER,10,OTHER,OTHER,10,OTHER,OTHER,2,REPUBLICAN,DONALD J TRUMP,400,REPUBLICAN,DONALD J TRUMP,2502,REPUBLICAN,DONALD J TRUMP,3606,REPUBLICAN,DONALD J TRUMP,24,
MECKLENBURG,2000,DEMOCRAT,AL GORE,126911,REPUBLICAN,GEORGE W. BUSH,134068,GREEN,RALPH NADER,0,OTHER,OTHER,2057,
MECKLENBURG,2004,DEMOCRAT,JOHN KERRY,166828,REPUBLICAN,GEORGE W. BUSH,155084,OTHER,OTHER,1190,
MECKLENBURG,2008,DEMOCRAT,BARACK OBAMA,253958,REPUBLICAN,JOHN MCCAIN,153848,OTHER,OTHER,3011,
MECKLENBURG,2012,DEMOCRAT,BARACK OBAMA,272262,REPUBLICAN,MITT ROMNEY,171668,OTHER,OTHER,4970,
MECKLENBURG,2016,DEMOCRAT,HILLARY CLINTON,294562,REPUBLICAN,DONALD TRUMP,155518,OTHER,OTHER,22777,
MECKLENBURG,2020,DEMOCRAT,JOSEPH R BIDEN JR,103048,DEMOCRAT,JOSEPH R BIDEN JR,34817,DEMOCRAT,JOSEPH R BIDEN JR,239644,DEMOCRAT,JOSEPH R BIDEN JR,598,GREEN,OTHER,381,GREEN,OTHER,367,GREEN,OTHER,859,GREEN,OTHER,4,LIBERTARIAN,JO JORGENSEN,1305,LIBERTARIAN,JO JORGENSEN,1351,LIBERTARIAN,JO JORGENSEN,2759,LIBERTARIAN,JO JORGENSEN,12,OTHER,OTHER,680,OTHER,OTHER,639,OTHER,OTHER,1370,OTHER,OTHER,8,REPUBLICAN,DONALD J TRUMP,29329,REPUBLICAN,DONALD J TRUMP,30267,REPUBLICAN,DONALD J TRUMP,119320,REPUBLICAN,DONALD J TRUMP,295,
MITCHELL,2000,DEMOCRAT,AL GORE,1535,REPUBLICAN,GEORGE W. BUSH,4984,GREEN,RALPH NADER,0,OTHER,OTHER,81,
MITCHELL,2004,DEMOCRAT,JOHN KERRY,2080,REPUBLICAN,GEORGE W. BUSH,5686,OTHER,OTHER,32,
MITCHELL,2008,DEMOCRAT,BARACK OBAMA,2238,REPUBLICAN,JOHN MCCAIN,5499,OTHER,OTHER,109,
MITCHELL,2012,DEMOCRAT,BARACK OBAMA,1838,REPUBLICAN,MITT ROMNEY,5806,OTHER,OTHER,121,
MITCHELL,2016,DEMOCRAT,HILLARY CLINTON,1596,REPUBLICAN,DONALD TRUMP,6282,OTHER,OTHER,218,
MITCHELL,2020,DEMOCRAT,JOSEPH R BIDEN JR,457,DEMOCRAT,JOSEPH R BIDEN JR,176,DEMOCRAT,JOSEPH R BIDEN JR,1227,DEMOCRAT,JOSEPH R BIDEN JR,7,GREEN,OTHER,1,GREEN,OTHER,4,GREEN,OTHER,5,GREEN,OTHER,1,LIBERTARIAN,JO JORGENSEN,1,LIBERTARIAN,JO JORGENSEN,19,LIBERTARIAN,JO JORGENSEN,26,LIBERTARIAN,JO JORGENSEN,1,OTHER,OTHER,3,OTHER,OTHER,2,OTHER,OTHER,20,OTHER,OTHER,1,REPUBLICAN,DONALD J TRUMP,554,REPUBLICAN,DONALD J TRUMP,1396,REPUBLICAN,DONALD J TRUMP,5099,REPUBLICAN,DONALD J TRUMP,41,
MONTGOMERY,2000,DEMOCRAT,AL GORE,3979,REPUBLICAN,GEORGE W. BUSH,4946,GREEN,RALPH NADER,0,OTHER,OTHER,49,
MONTGOMERY,2004,DEMOCRAT,JOHN KERRY,4313,REPUBLICAN,GEORGE W. BUSH,5745,OTHER,OTHER,22,
MONTGOMERY,2008,DEMOCRAT,BARACK OBAMA,4926,REPUBLICAN,JOHN MCCAIN,6155,OTHER,OTHER,129,
MONTGOMERY,2012,DEMOCRAT,BARACK OBAMA,4706,REPUBLICAN,MITT ROMNEY,6404,OTHER,OTHER,121,
MONTGOMERY,2016,DEMOCRAT,HILLARY CLINTON,4150,REPUBLICAN,DONALD TRUMP,7130,OTHER,OTHER,260,
MONTGOMERY,2020,DEMOCRAT,JOSEPH R BIDEN JR,592,DEMOCRAT,JOSEPH R BIDEN JR,978,DEMOCRAT,JOSEPH R BIDEN JR,2743,DEMOCRAT,JOSEPH R BIDEN JR,14,GREEN,OTHER,3,GREEN,OTHER,4,GREEN,OTHER,6,GREEN,OTHER,0,LIBERTARIAN,JO JORGENSEN,8,LIBERTARIAN,JO JORGENSEN,30,LIBERTARIAN,JO JORGENSEN,40,LIBERTARIAN,JO JORGENSEN,0,OTHER,OTHER,3,OTHER,OTHER,7,OTHER,OTHER,10,OTHER,OTHER,0,REPUBLICAN,DONALD J TRUMP,500,REPUBLICAN,DONALD J TRUMP,2706,REPUBLICAN,DONALD J TRUMP,5168,REPUBLICAN,DONALD J TRUMP,37,
MOORE,2000,DEMOCRAT,AL GORE,11232,REPUBLICAN,GEORGE W. BUSH,19882,GREEN,RALPH NADER,0,OTHER,OTHER,187,
MOORE,2004,DEMOCRAT,JOHN KERRY,13555,REPUBLICAN,GEORGE W. BUSH,24714,OTHER,OTHER,113,
MOORE,2008,DEMOCRAT,BARACK OBAMA,17624,REPUBLICAN,JOHN MCCAIN,27314,OTHER,OTHER,390,
MOORE,2012,DEMOCRAT,BARACK OBAMA,16505,REPUBLICAN,MITT ROMNEY,29495,OTHER,OTHER,415,
MOORE,2016,DEMOCRAT,HILLARY CLINTON,16329,REPUBLICAN,DONALD TRUMP,30490,OTHER,OTHER,1873,
MOORE,2020,DEMOCRAT,JOSEPH R BIDEN JR,6797,DEMOCRAT,JOSEPH R BIDEN JR,2241,DEMOCRAT,JOSEPH R BIDEN JR,11700,DEMOCRAT,JOSEPH R BIDEN JR,41,GREEN,OTHER,26,GREEN,OTHER,15,GREEN,OTHER,43,GREEN,OTHER,1,LIBERTARIAN,JO JORGENSEN,100,LIBERTARIAN,JO JORGENSEN,149,LIBERTARIAN,JO JORGENSEN,268,LIBERTARIAN,JO JORGENSEN,3,OTHER,OTHER,56,OTHER,OTHER,40,OTHER,OTHER,95,OTHER,OTHER,0,REPUBLICAN,DONALD J TRUMP,4370,REPUBLICAN,DONALD J TRUMP,7023,REPUBLICAN,DONALD J TRUMP,25281,REPUBLICAN,DONALD J TRUMP,90,
NASH,2000,DEMOCRAT,AL GORE,12376,REPUBLICAN,GEORGE W. BUSH,17995,GREEN,RALPH NADER,0,OTHER,OTHER,142,
NASH,2004,DEMOCRAT,JOHN KERRY,15693,REPUBLICAN,GEORGE W. BUSH,21902,OTHER,OTHER,78,
NASH,2008,DEMOCRAT,BARACK OBAMA,23099,REPUBLICAN,JOHN MCCAIN,23728,OTHER,OTHER,291,
NASH,2012,DEMOCRAT,BARACK OBAMA,24313,REPUBLICAN,MITT ROMNEY,23842,OTHER,OTHER,337,
NASH,2016,DEMOCRAT,HILLARY CLINTON,23235,REPUBLICAN,DONALD TRUMP,23319,OTHER,OTHER,1111,
NASH,2020,DEMOCRAT,JOSEPH R BIDEN JR,3788,DEMOCRAT,JOSEPH R BIDEN JR,3514,DEMOCRAT,JOSEPH R BIDEN JR,18516,DEMOCRAT,JOSEPH R BIDEN JR,129,GREEN,OTHER,24,GREEN,OTHER,19,GREEN,OTHER,31,GREEN,OTHER,1,LIBERTARIAN,JO JORGENSEN,39,LIBERTARIAN,JO JORGENSEN,90,LIBERTARIAN,JO JORGENSEN,157,LIBERTARIAN,JO JORGENSEN,1,OTHER,OTHER,24,OTHER,OTHER,41,OTHER,OTHER,68,OTHER,OTHER,2,REPUBLICAN,DONALD J TRUMP,1752,REPUBLICAN,DONALD J TRUMP,5320,REPUBLICAN,DONALD J TRUMP,18614,REPUBLICAN,DONALD J TRUMP,141,
NEW HANOVER,2000,DEMOCRAT,AL GORE,29292,REPUBLICAN,GEORGE W. BUSH,36503,GREEN,RALPH NADER,0,OTHER,OTHER,524,
NEW HANOVER,2004,DEMOCRAT,JOHN KERRY,35572,REPUBLICAN,GEORGE W. BUSH,45351,OTHER,OTHER,324,
NEW HANOVER,2008,DEMOCRAT,BARACK OBAMA,49145,REPUBLICAN,JOHN MCCAIN,50544,OTHER,OTHER,976,
NEW HANOVER,2012,DEMOCRAT,BARACK OBAMA,48668,REPUBLICAN,MITT ROMNEY,53385,OTHER,OTHER,1575,
NEW HANOVER,2016,DEMOCRAT,HILLARY CLINTON,50979,REPUBLICAN,DONALD TRUMP,55344,OTHER,OTHER,5582,
NEW HANOVER,2020,DEMOCRAT,JOSEPH R BIDEN JR,19564,DEMOCRAT,JOSEPH R BIDEN JR,6426,DEMOCRAT,JOSEPH R BIDEN JR,39962,DEMOCRAT,JOSEPH R BIDEN JR,186,GREEN,OTHER,84,GREEN,OTHER,92,GREEN,OTHER,183,GREEN,OTHER,3,LIBERTARIAN,JO JORGENSEN,259,LIBERTARIAN,JO JORGENSEN,390,LIBERTARIAN,JO JORGENSEN,865,LIBERTARIAN,JO JORGENSEN,7,OTHER,OTHER,110,OTHER,OTHER,111,OTHER,OTHER,255,OTHER,OTHER,2,REPUBLICAN,DONALD J TRUMP,7332,REPUBLICAN,DONALD J TRUMP,9853,REPUBLICAN,DONALD J TRUMP,45946,REPUBLICAN,DONALD J TRUMP,200,
NORTHAMPTON,2000,DEMOCRAT,AL GORE,5513,REPUBLICAN,GEORGE W. BUSH,2667,GREEN,RALPH NADER,0,OTHER,OTHER,20,
NORTHAMPTON,2004,DEMOCRAT,JOHN KERRY,5584,REPUBLICAN,GEORGE W. BUSH,3176,OTHER,OTHER,10,
NORTHAMPTON,2008,DEMOCRAT,BARACK OBAMA,6903,REPUBLICAN,JOHN MCCAIN,3671,OTHER,OTHER,44,
NORTHAMPTON,2012,DEMOCRAT,BARACK OBAMA,7232,REPUBLICAN,MITT ROMNEY,3483,OTHER,OTHER,41,
NORTHAMPTON,2016,DEMOCRAT,HILLARY CLINTON,6144,REPUBLICAN,DONALD TRUMP,3582,OTHER,OTHER,122,
NORTHAMPTON,2020,DEMOCRAT,JOSEPH R BIDEN JR,705,DEMOCRAT,JOSEPH R BIDEN JR,1046,DEMOCRAT,JOSEPH R BIDEN JR,4307,DEMOCRAT,JOSEPH R BIDEN JR,11,GREEN,OTHER,1,GREEN,OTHER,5,GREEN,OTHER,4,GREEN,OTHER,0,LIBERTARIAN,JO JORGENSEN,5,LIBERTARIAN,JO JORGENSEN,16,LIBERTARIAN,JO JORGENSEN,9,LIBERTARIAN,JO JORGENSEN,0,OTHER,OTHER,1,OTHER,OTHER,2,OTHER,OTHER,9,OTHER,OTHER,0,REPUBLICAN,DONALD J TRUMP,263,REPUBLICAN,DONALD J TRUMP,1337,REPUBLICAN,DONALD J TRUMP,2381,REPUBLICAN,DONALD J TRUMP,8,
ONSLOW,2000,DEMOCRAT,AL GORE,10269,REPUBLICAN,GEORGE W. BUSH,19657,GREEN,RALPH NADER,0,OTHER,OTHER,289,
ONSLOW,2004,DEMOCRAT,JOHN KERRY,11250,REPUBLICAN,GEORGE W. BUSH,25890,OTHER,OTHER,137,
ONSLOW,2008,DEMOCRAT,BARACK OBAMA,19499,REPUBLICAN,JOHN MCCAIN,30278,OTHER,OTHER,426,
ONSLOW,2012,DEMOCRAT,BARACK OBAMA,18490,REPUBLICAN,MITT ROMNEY,32243,OTHER,OTHER,702,
ONSLOW,2016,DEMOCRAT,HILLARY CLINTON,17514,REPUBLICAN,DONALD TRUMP,37122,OTHER,OTHER,2499,
ONSLOW,2020,DEMOCRAT,JOSEPH R BIDEN JR,5770,DEMOCRAT,JOSEPH R BIDEN JR,3079,DEMOCRAT,JOSEPH R BIDEN JR,15265,DEMOCRAT,JOSEPH R BIDEN JR,152,GREEN,OTHER,40,GREEN,OTHER,35,GREEN,OTHER,59,GREEN,OTHER,2,LIBERTARIAN,JO JORGENSEN,257,LIBERTARIAN,JO JORGENSEN,499,LIBERTARIAN,JO JORGENSEN,726,LIBERTARIAN,JO JORGENSEN,24,OTHER,OTHER,49,OTHER,OTHER,54,OTHER,OTHER,140,OTHER,OTHER,6,REPUBLICAN,DONALD J TRUMP,3987,REPUBLICAN,DONALD J TRUMP,9972,REPUBLICAN,DONALD J TRUMP,31729,REPUBLICAN,DONALD J TRUMP,390,
ORANGE,2000,DEMOCRAT,AL GORE,30921,REPUBLICAN,GEORGE W. BUSH,17930,GREEN,RALPH NADER,0,OTHER,OTHER,493,
ORANGE,2004,DEMOCRAT,JOHN KERRY,42910,REPUBLICAN,GEORGE W. BUSH,20771,OTHER,OTHER,472,
ORANGE,2008,DEMOCRAT,BARACK OBAMA,53806,REPUBLICAN,JOHN MCCAIN,20266,OTHER,OTHER,838,
ORANGE,2012,DEMOCRAT,BARACK OBAMA,53901,REPUBLICAN,MITT ROMNEY,21539,OTHER,OTHER,1317,
ORANGE,2016,DEMOCRAT,HILLARY CLINTON,59923,REPUBLICAN,DONALD TRUMP,18557,OTHER,OTHER,3860,
ORANGE,2020,DEMOCRAT,JOSEPH R BIDEN JR,23097,DEMOCRAT,JOSEPH R BIDEN JR,3703,DEMOCRAT,JOSEPH R BIDEN JR,36764,DEMOCRAT,JOSEPH R BIDEN JR,30,GREEN,OTHER,72,GREEN,OTHER,36,GREEN,OTHER,109,GREEN,OTHER,0,LIBERTARIAN,JO JORGENSEN,163,LIBERTARIAN,JO JORGENSEN,153,LIBERTARIAN,JO JORGENSEN,336,LIBERTARIAN,JO JORGENSEN,1,OTHER,OTHER,92,OTHER,OTHER,76,OTHER,OTHER,189,OTHER,OTHER,0,REPUBLICAN,DONALD J TRUMP,2594,REPUBLICAN,DONALD J TRUMP,4522,REPUBLICAN,DONALD J TRUMP,13030,REPUBLICAN,DONALD J TRUMP,30,
PAMLICO,2000,DEMOCRAT,AL GORE,2188,REPUBLICAN,GEORGE W. BUSH,2999,GREEN,RALPH NADER,0,OTHER,OTHER,55,
PAMLICO,2004,DEMOCRAT,JOHN KERRY,2335,REPUBLICAN,GEORGE W. BUSH,3679,OTHER,OTHER,24,
PAMLICO,2008,DEMOCRAT,BARACK OBAMA,2838,REPUBLICAN,JOHN MCCAIN,3823,OTHER,OTHER,51,
PAMLICO,2012,DEMOCRAT,BARACK OBAMA,2647,REPUBLICAN,MITT ROMNEY,4051,OTHER,OTHER,64,
PAMLICO,2016,DEMOCRAT,HILLARY CLINTON,2448,REPUBLICAN,DONALD TRUMP,4258,OTHER,OTHER,164,
PAMLICO,2020,DEMOCRAT,JOSEPH R BIDEN JR,717,DEMOCRAT,JOSEPH R BIDEN JR,371,DEMOCRAT,JOSEPH R BIDEN JR,1622,DEMOCRAT,JOSEPH R BIDEN JR,3,GREEN,OTHER,4,GREEN,OTHER,3,GREEN,OTHER,3,GREEN,OTHER,0,LIBERTARIAN,JO JORGENSEN,8,LIBERTARIAN,JO JORGENSEN,16,LIBERTARIAN,JO JORGENSEN,20,LIBERTARIAN,JO JORGENSEN,0,OTHER,OTHER,4,OTHER,OTHER,6,OTHER,OTHER,5,OTHER,OTHER,0,REPUBLICAN,DONALD J TRUMP,348,REPUBLICAN,DONALD J TRUMP,1283,REPUBLICAN,DONALD J TRUMP,3194,REPUBLICAN,DONALD J TRUMP,24,
PASQUOTANK,2000,DEMOCRAT,AL GORE,5874,REPUBLICAN,GEORGE W. BUSH,4943,GREEN,RALPH NADER,0,OTHER,OTHER,86,
PASQUOTANK,2004,DEMOCRAT,JOHN KERRY,6984,REPUBLICAN,GEORGE W. BUSH,6609,OTHER,OTHER,55,
PASQUOTANK,2008,DEMOCRAT,BARACK OBAMA,10272,REPUBLICAN,JOHN MCCAIN,7778,OTHER,OTHER,130,
PASQUOTANK,2012,DEMOCRAT,BARACK OBAMA,10282,REPUBLICAN,MITT ROMNEY,7633,OTHER,OTHER,192,
PASQUOTANK,2016,DEMOCRAT,HILLARY CLINTON,8615,REPUBLICAN,DONALD TRUMP,8180,OTHER,OTHER,596,
PASQUOTANK,2020,DEMOCRAT,JOSEPH R BIDEN JR,1760,DEMOCRAT,JOSEPH R BIDEN JR,1043,DEMOCRAT,JOSEPH R BIDEN JR,6951,DEMOCRAT,JOSEPH R BIDEN JR,78,GREEN,OTHER,16,GREEN,OTHER,12,GREEN,OTHER,19,GREEN,OTHER,1,LIBERTARIAN,JO JORGENSEN,23,LIBERTARIAN,JO JORGENSEN,67,LIBERTARIAN,JO JORGENSEN,70,LIBERTARIAN,JO JORGENSEN,1,OTHER,OTHER,13,OTHER,OTHER,23,OTHER,OTHER,50,OTHER,OTHER,0,REPUBLICAN,DONALD J TRUMP,758,REPUBLICAN,DONALD J TRUMP,2287,REPUBLICAN,DONALD J TRUMP,6681,REPUBLICAN,DONALD J TRUMP,44,
PENDER,2000,DEMOCRAT,AL GORE,6415,REPUBLICAN,GEORGE W. BUSH,7661,GREEN,RALPH NADER,0,OTHER,OTHER,78,
PENDER,2004,DEMOCRAT,JOHN KERRY,6999,REPUBLICAN,GEORGE W. BUSH,10037,OTHER,OTHER,49,
PENDER,2008,DEMOCRAT,BARACK OBAMA,9907,REPUBLICAN,JOHN MCCAIN,13618,OTHER,OTHER,224,
PENDER,2012,DEMOCRAT,BARACK OBAMA,9632,REPUBLICAN,MITT ROMNEY,14617,OTHER,OTHER,278,
PENDER,2016,DEMOCRAT,HILLARY CLINTON,9354,REPUBLICAN,DONALD TRUMP,17639,OTHER,OTHER,892,
PENDER,2020,DEMOCRAT,JOSEPH R BIDEN JR,2605,DEMOCRAT,JOSEPH R BIDEN JR,1317,DEMOCRAT,JOSEPH R BIDEN JR,7772,DEMOCRAT,JOSEPH R BIDEN JR,29,GREEN,OTHER,13,GREEN,OTHER,18,GREEN,OTHER,32,GREEN,OTHER,0,LIBERTARIAN,JO JORGENSEN,54,LIBERTARIAN,JO JORGENSEN,101,LIBERTARIAN,JO JORGENSEN,173,LIBERTARIAN,JO JORGENSEN,1,OTHER,OTHER,16,OTHER,OTHER,22,OTHER,OTHER,60,OTHER,OTHER,0,REPUBLICAN,DONALD J TRUMP,1711,REPUBLICAN,DONALD J TRUMP,3200,REPUBLICAN,DONALD J TRUMP,16970,REPUBLICAN,DONALD J TRUMP,75,
PERQUIMANS,2000,DEMOCRAT,AL GORE,2033,REPUBLICAN,GEORGE W. BUSH,2230,GREEN,RALPH NADER,0,OTHER,OTHER,43,
PERQUIMANS,2004,DEMOCRAT,JOHN KERRY,1971,REPUBLICAN,GEORGE W. BUSH,2965,OTHER,OTHER,22,
PERQUIMANS,2008,DEMOCRAT,BARACK OBAMA,2772,REPUBLICAN,JOHN MCCAIN,3678,OTHER,OTHER,51,
PERQUIMANS,2012,DEMOCRAT,BARACK OBAMA,2759,REPUBLICAN,MITT ROMNEY,3822,OTHER,OTHER,71,
PERQUIMANS,2016,DEMOCRAT,HILLARY CLINTON,2319,REPUBLICAN,DONALD TRUMP,4177,OTHER,OTHER,212,
PERQUIMANS,2020,DEMOCRAT,JOSEPH R BIDEN JR,377,DEMOCRAT,JOSEPH R BIDEN JR,333,DEMOCRAT,JOSEPH R BIDEN JR,1777,DEMOCRAT,JOSEPH R BIDEN JR,5,GREEN,OTHER,1,GREEN,OTHER,0,GREEN,OTHER,17,GREEN,OTHER,0,LIBERTARIAN,JO JORGENSEN,9,LIBERTARIAN,JO JORGENSEN,12,LIBERTARIAN,JO JORGENSEN,23,LIBERTARIAN,JO JORGENSEN,0,OTHER,OTHER,1,OTHER,OTHER,8,OTHER,OTHER,18,OTHER,OTHER,0,REPUBLICAN,DONALD J TRUMP,270,REPUBLICAN,DONALD J TRUMP,891,REPUBLICAN,DONALD J TRUMP,3737,REPUBLICAN,DONALD J TRUMP,5,
PERSON,2000,DEMOCRAT,AL GORE,5042,REPUBLICAN,GEORGE W. BUSH,6722,GREEN,RALPH NADER,0,OTHER,OTHER,69,
PERSON,2004,DEMOCRAT,JOHN KERRY,6198,REPUBLICAN,GEORGE W. BUSH,8973,OTHER,OTHER,43,
PERSON,2008,DEMOCRAT,BARACK OBAMA,8446,REPUBLICAN,JOHN MCCAIN,10030,OTHER,OTHER,156,
PERSON,2012,DEMOCRAT,BARACK OBAMA,8418,REPUBLICAN,MITT ROMNEY,10496,OTHER,OTHER,192,
PERSON,2016,DEMOCRAT,HILLARY CLINTON,7833,REPUBLICAN,DONALD TRUMP,11185,OTHER,OTHER,597,
PERSON,2020,DEMOCRAT,JOSEPH R BIDEN JR,1472,DEMOCRAT,JOSEPH R BIDEN JR,1056,DEMOCRAT,JOSEPH R BIDEN JR,5919,DEMOCRAT,JOSEPH R BIDEN JR,18,GREEN,OTHER,6,GREEN,OTHER,12,GREEN,OTHER,24,GREEN,OTHER,0,LIBERTARIAN,JO JORGENSEN,22,LIBERTARIAN,JO JORGENSEN,38,LIBERTARIAN,JO JORGENSEN,84,LIBERTARIAN,JO JORGENSEN,0,OTHER,OTHER,14,OTHER,OTHER,24,OTHER,OTHER,21,OTHER,OTHER,0,REPUBLICAN,DONALD J TRUMP,853,REPUBLICAN,DONALD J TRUMP,2946,REPUBLICAN,DONALD J TRUMP,9335,REPUBLICAN,DONALD J TRUMP,50,
PITT,2000,DEMOCRAT,AL GORE,19685,REPUBLICAN,GEORGE W. BUSH,23192,GREEN,RALPH NADER,0,OTHER,OTHER,198,
PITT,2004,DEMOCRAT,JOHN KERRY,24924,REPUBLICAN,GEORGE W. BUSH,28590,OTHER,OTHER,129,
PITT,2008,DEMOCRAT,BARACK OBAMA,40501,REPUBLICAN,JOHN MCCAIN,33927,OTHER,OTHER,456,
PITT,2012,DEMOCRAT,BARACK OBAMA,41843,REPUBLICAN,MITT ROMNEY,36214,OTHER,OTHER,799,
PITT,2016,DEMOCRAT,HILLARY CLINTON,41824,REPUBLICAN,DONALD TRUMP,35691,OTHER,OTHER,3012,
PITT,2020,DEMOCRAT,JOSEPH R BIDEN JR,8379,DEMOCRAT,JOSEPH R BIDEN JR,5862,DEMOCRAT,JOSEPH R BIDEN JR,32669,DEMOCRAT,JOSEPH R BIDEN JR,342,GREEN,OTHER,35,GREEN,OTHER,52,GREEN,OTHER,118,GREEN,OTHER,5,LIBERTARIAN,JO JORGENSEN,96,LIBERTARIAN,JO JORGENSEN,248,LIBERTARIAN,JO JORGENSEN,441,LIBERTARIAN,JO JORGENSEN,11,OTHER,OTHER,46,OTHER,OTHER,91,OTHER,OTHER,189,OTHER,OTHER,7,REPUBLICAN,DONALD J TRUMP,2758,REPUBLICAN,DONALD J TRUMP,7839,REPUBLICAN,DONALD J TRUMP,28131,REPUBLICAN,DONALD J TRUMP,254,
POLK,2000,DEMOCRAT,AL GORE,3114,REPUBLICAN,GEORGE W. BUSH,5074,GREEN,RALPH NADER,0,OTHER,OTHER,115,
POLK,2004,DEMOCRAT,JOHN KERRY,3787,REPUBLICAN,GEORGE W. BUSH,5140,OTHER,OTHER,94,
POLK,2008,DEMOCRAT,BARACK OBAMA,4396,REPUBLICAN,JOHN MCCAIN,5990,OTHER,OTHER,176,
POLK,2012,DEMOCRAT,BARACK OBAMA,4013,REPUBLICAN,MITT ROMNEY,6236,OTHER,OTHER,140,
POLK,2016,DEMOCRAT,HILLARY CLINTON,3735,REPUBLICAN,DONALD TRUMP,6768,OTHER,OTHER,431,
POLK,2020,DEMOCRAT,JOSEPH R BIDEN JR,1707,DEMOCRAT,JOSEPH R BIDEN JR,475,DEMOCRAT,JOSEPH R BIDEN JR,2329,DEMOCRAT,JOSEPH R BIDEN JR,7,GREEN,OTHER,7,GREEN,OTHER,9,GREEN,OTHER,7,GREEN,OTHER,0,LIBERTARIAN,JO JORGENSEN,12,LIBERTARIAN,JO JORGENSEN,31,LIBERTARIAN,JO JORGENSEN,42,LIBERTARIAN,JO JORGENSEN,1,OTHER,OTHER,16,OTHER,OTHER,9,OTHER,OTHER,17,OTHER,OTHER,0,REPUBLICAN,DONALD J TRUMP,827,REPUBLICAN,DONALD J TRUMP,2054,REPUBLICAN,DONALD J TRUMP,4788,REPUBLICAN,DONALD J TRUMP,20,
RANDOLPH,2000,DEMOCRAT,AL GORE,11366,REPUBLICAN,GEORGE W. BUSH,30959,GREEN,RALPH NADER,0,OTHER,OTHER,371,
RANDOLPH,2004,DEMOCRAT,JOHN KERRY,12966,REPUBLICAN,GEORGE W. BUSH,37771,OTHER,OTHER,173,
RANDOLPH,2008,DEMOCRAT,BARACK OBAMA,16414,REPUBLICAN,JOHN MCCAIN,40998,OTHER,OTHER,735,
RANDOLPH,2012,DEMOCRAT,BARACK OBAMA,14773,REPUBLICAN,MITT ROMNEY,45160,OTHER,OTHER,782,
RANDOLPH,2016,DEMOCRAT,HILLARY CLINTON,13194,REPUBLICAN,DONALD TRUMP,49430,OTHER,OTHER,1951,
RANDOLPH,2020,DEMOCRAT,JOSEPH R BIDEN JR,3784,DEMOCRAT,JOSEPH R BIDEN JR,2545,DEMOCRAT,JOSEPH R BIDEN JR,9266,DEMOCRAT,JOSEPH R BIDEN JR,23,GREEN,OTHER,22,GREEN,OTHER,36,GREEN,OTHER,65,GREEN,OTHER,0,LIBERTARIAN,JO JORGENSEN,66,LIBERTARIAN,JO JORGENSEN,165,LIBERTARIAN,JO JORGENSEN,272,LIBERTARIAN,JO JORGENSEN,3,OTHER,OTHER,30,OTHER,OTHER,53,OTHER,OTHER,92,OTHER,OTHER,0,REPUBLICAN,DONALD J TRUMP,3939,REPUBLICAN,DONALD J TRUMP,12052,REPUBLICAN,DONALD J TRUMP,40735,REPUBLICAN,DONALD J TRUMP,168,
RICHMOND,2000,DEMOCRAT,AL GORE,7935,REPUBLICAN,GEORGE W. BUSH,6263,GREEN,RALPH NADER,0,OTHER,OTHER,71,
RICHMOND,2004,DEMOCRAT,JOHN KERRY,8383,REPUBLICAN,GEORGE W. BUSH,7709,OTHER,OTHER,53,
RICHMOND,2008,DEMOCRAT,BARACK OBAMA,9713,REPUBLICAN,JOHN MCCAIN,9424,OTHER,OTHER,190,
RICHMOND,2012,DEMOCRAT,BARACK OBAMA,9904,REPUBLICAN,MITT ROMNEY,9332,OTHER,OTHER,181,
RICHMOND,2016,DEMOCRAT,HILLARY CLINTON,8501,REPUBLICAN,DONALD TRUMP,10383,OTHER,OTHER,444,
RICHMOND,2020,DEMOCRAT,JOSEPH R BIDEN JR,1115,DEMOCRAT,JOSEPH R BIDEN JR,1576,DEMOCRAT,JOSEPH R BIDEN JR,6021,DEMOCRAT,JOSEPH R BIDEN JR,42,GREEN,OTHER,7,GREEN,OTHER,5,GREEN,OTHER,23,GREEN,OTHER,0,LIBERTARIAN,JO JORGENSEN,9,LIBERTARIAN,JO JORGENSEN,26,LIBERTARIAN,JO JORGENSEN,64,LIBERTARIAN,JO JORGENSEN,0,OTHER,OTHER,5,OTHER,OTHER,17,OTHER,OTHER,22,OTHER,OTHER,1,REPUBLICAN,DONALD J TRUMP,690,REPUBLICAN,DONALD J TRUMP,2574,REPUBLICAN,DONALD J TRUMP,8510,REPUBLICAN,DONALD J TRUMP,56,
ROBESON,2000,DEMOCRAT,AL GORE,17834,REPUBLICAN,GEORGE W. BUSH,11721,GREEN,RALPH NADER,0,OTHER,OTHER,192,
ROBESON,2004,DEMOCRAT,JOHN KERRY,17868,REPUBLICAN,GEORGE W. BUSH,15909,OTHER,OTHER,94,
ROBESON,2008,DEMOCRAT,BARACK OBAMA,23058,REPUBLICAN,JOHN MCCAIN,17433,OTHER,OTHER,343,
ROBESON,2012,DEMOCRAT,BARACK OBAMA,24988,REPUBLICAN,MITT ROMNEY,17510,OTHER,OTHER,448,
ROBESON,2016,DEMOCRAT,HILLARY CLINTON,19016,REPUBLICAN,DONALD TRUMP,20762,OTHER,OTHER,1080,
ROBESON,2020,DEMOCRAT,JOSEPH R BIDEN JR,2226,DEMOCRAT,JOSEPH R BIDEN JR,3625,DEMOCRAT,JOSEPH R BIDEN JR,12952,DEMOCRAT,JOSEPH R BIDEN JR,217,GREEN,OTHER,11,GREEN,OTHER,22,GREEN,OTHER,40,GREEN,OTHER,0,LIBERTARIAN,JO JORGENSEN,22,LIBERTARIAN,JO JORGENSEN,58,LIBERTARIAN,JO JORGENSEN,77,LIBERTARIAN,JO JORGENSEN,4,OTHER,OTHER,14,OTHER,OTHER,57,OTHER,OTHER,55,OTHER,OTHER,2,REPUBLICAN,DONALD J TRUMP,1382,REPUBLICAN,DONALD J TRUMP,9629,REPUBLICAN,DONALD J TRUMP,16242,REPUBLICAN,DONALD J TRUMP,553,
ROCKINGHAM,2000,DEMOCRAT,AL GORE,13260,REPUBLICAN,GEORGE W. BUSH,18979,GREEN,RALPH NADER,0,OTHER,OTHER,289,
ROCKINGHAM,2004,DEMOCRAT,JOHN KERRY,14430,REPUBLICAN,GEORGE W. BUSH,22840,OTHER,OTHER,118,
ROCKINGHAM,2008,DEMOCRAT,BARACK OBAMA,17255,REPUBLICAN,JOHN MCCAIN,23899,OTHER,OTHER,458,
ROCKINGHAM,2012,DEMOCRAT,BARACK OBAMA,16351,REPUBLICAN,MITT ROMNEY,25227,OTHER,OTHER,442,
ROCKINGHAM,2016,DEMOCRAT,HILLARY CLINTON,14228,REPUBLICAN,DONALD TRUMP,26830,OTHER,OTHER,1220,
ROCKINGHAM,2020,DEMOCRAT,JOSEPH R BIDEN JR,2560,DEMOCRAT,JOSEPH R BIDEN JR,2322,DEMOCRAT,JOSEPH R BIDEN JR,11033,DEMOCRAT,JOSEPH R BIDEN JR,77,GREEN,OTHER,11,GREEN,OTHER,38,GREEN,OTHER,26,GREEN,OTHER,0,LIBERTARIAN,JO JORGENSEN,32,LIBERTARIAN,JO JORGENSEN,102,LIBERTARIAN,JO JORGENSEN,177,LIBERTARIAN,JO JORGENSEN,1,OTHER,OTHER,15,OTHER,OTHER,41,OTHER,OTHER,72,OTHER,OTHER,1,REPUBLICAN,DONALD J TRUMP,1902,REPUBLICAN,DONALD J TRUMP,7313,REPUBLICAN,DONALD J TRUMP,21917,REPUBLICAN,DONALD J TRUMP,169,
ROWAN,2000,DEMOCRAT,AL GORE,14891,REPUBLICAN,GEORGE W. BUSH,28922,GREEN,RALPH NADER,0,OTHER,OTHER,320,
ROWAN,2004,DEMOCRAT,JOHN KERRY,16735,REPUBLICAN,GEORGE W. BUSH,34915,OTHER,OTHER,217,
ROWAN,2008,DEMOCRAT,BARACK OBAMA,23391,REPUBLICAN,JOHN MCCAIN,37451,OTHER,OTHER,718,
ROWAN,2012,DEMOCRAT,BARACK OBAMA,22650,REPUBLICAN,MITT ROMNEY,38775,OTHER,OTHER,887,
ROWAN,2016,DEMOCRAT,HILLARY CLINTON,19400,REPUBLICAN,DONALD TRUMP,42810,OTHER,OTHER,2159,
ROWAN,2020,DEMOCRAT,JOSEPH R BIDEN JR,5581,DEMOCRAT,JOSEPH R BIDEN JR,3752,DEMOCRAT,JOSEPH R BIDEN JR,13734,DEMOCRAT,JOSEPH R BIDEN JR,47,GREEN,OTHER,44,GREEN,OTHER,45,GREEN,OTHER,65,GREEN,OTHER,0,LIBERTARIAN,JO JORGENSEN,106,LIBERTARIAN,JO JORGENSEN,212,LIBERTARIAN,JO JORGENSEN,259,LIBERTARIAN,JO JORGENSEN,0,OTHER,OTHER,52,OTHER,OTHER,82,OTHER,OTHER,132,OTHER,OTHER,0,REPUBLICAN,DONALD J TRUMP,4413,REPUBLICAN,DONALD J TRUMP,11463,REPUBLICAN,DONALD J TRUMP,33295,REPUBLICAN,DONALD J TRUMP,126,
RUTHERFORD,2000,DEMOCRAT,AL GORE,7697,REPUBLICAN,GEORGE W. BUSH,13755,GREEN,RALPH NADER,0,OTHER,OTHER,264,
RUTHERFORD,2004,DEMOCRAT,JOHN KERRY,8184,REPUBLICAN,GEORGE W. BUSH,16343,OTHER,OTHER,131,
RUTHERFORD,2008,DEMOCRAT,BARACK OBAMA,9641,REPUBLICAN,JOHN MCCAIN,18769,OTHER,OTHER,310,
RUTHERFORD,2012,DEMOCRAT,BARACK OBAMA,9374,REPUBLICAN,MITT ROMNEY,18954,OTHER,OTHER,374,
RUTHERFORD,2016,DEMOCRAT,HILLARY CLINTON,7512,REPUBLICAN,DONALD TRUMP,21871,OTHER,OTHER,924,
RUTHERFORD,2020,DEMOCRAT,JOSEPH R BIDEN JR,2208,DEMOCRAT,JOSEPH R BIDEN JR,1458,DEMOCRAT,JOSEPH R BIDEN JR,5412,DEMOCRAT,JOSEPH R BIDEN JR,57,GREEN,OTHER,18,GREEN,OTHER,17,GREEN,OTHER,25,GREEN,OTHER,0,LIBERTARIAN,JO JORGENSEN,38,LIBERTARIAN,JO JORGENSEN,87,LIBERTARIAN,JO JORGENSEN,93,LIBERTARIAN,JO JORGENSEN,0,OTHER,OTHER,31,OTHER,OTHER,31,OTHER,OTHER,63,OTHER,OTHER,0,REPUBLICAN,DONALD J TRUMP,2012,REPUBLICAN,DONALD J TRUMP,6702,REPUBLICAN,DONALD J TRUMP,16003,REPUBLICAN,DONALD J TRUMP,174,
SAMPSON,2000,DEMOCRAT,AL GORE,8768,REPUBLICAN,GEORGE W. BUSH,10410,GREEN,RALPH NADER,0,OTHER,OTHER,61,
SAMPSON,2004,DEMOCRAT,JOHN KERRY,9649,REPUBLICAN,GEORGE W. BUSH,12600,OTHER,OTHER,39,
SAMPSON,2008,DEMOCRAT,BARACK OBAMA,11836,REPUBLICAN,JOHN MCCAIN,14038,OTHER,OTHER,164,
SAMPSON,2012,DEMOCRAT,BARACK OBAMA,11566,REPUBLICAN,MITT ROMNEY,14422,OTHER,OTHER,186,
SAMPSON,2016,DEMOCRAT,HILLARY CLINTON,10547,REPUBLICAN,DONALD TRUMP,14838,OTHER,OTHER,543,
SAMPSON,2020,DEMOCRAT,JOSEPH R BIDEN JR,1458,DEMOCRAT,JOSEPH R BIDEN JR,1570,DEMOCRAT,JOSEPH R BIDEN JR,7907,DEMOCRAT,JOSEPH R BIDEN JR,31,GREEN,OTHER,1,GREEN,OTHER,5,GREEN,OTHER,17,GREEN,OTHER,0,LIBERTARIAN,JO JORGENSEN,17,LIBERTARIAN,JO JORGENSEN,47,LIBERTARIAN,JO JORGENSEN,78,LIBERTARIAN,JO JORGENSEN,1,OTHER,OTHER,9,OTHER,OTHER,16,OTHER,OTHER,50,OTHER,OTHER,0,REPUBLICAN,DONALD J TRUMP,877,REPUBLICAN,DONALD J TRUMP,3513,REPUBLICAN,DONALD J TRUMP,12990,REPUBLICAN,DONALD J TRUMP,31,
SCOTLAND,2000,DEMOCRAT,AL GORE,5627,REPUBLICAN,GEORGE W. BUSH,3740,GREEN,RALPH NADER,0,OTHER,OTHER,36,
SCOTLAND,2004,DEMOCRAT,JOHN KERRY,6386,REPUBLICAN,GEORGE W. BUSH,5141,OTHER,OTHER,20,
SCOTLAND,2008,DEMOCRAT,BARACK OBAMA,8151,REPUBLICAN,JOHN MCCAIN,6005,OTHER,OTHER,61,
SCOTLAND,2012,DEMOCRAT,BARACK OBAMA,8215,REPUBLICAN,MITT ROMNEY,5831,OTHER,OTHER,110,
SCOTLAND,2016,DEMOCRAT,HILLARY CLINTON,7319,REPUBLICAN,DONALD TRUMP,6256,OTHER,OTHER,353,
SCOTLAND,2020,DEMOCRAT,JOSEPH R BIDEN JR,1011,DEMOCRAT,JOSEPH R BIDEN JR,1091,DEMOCRAT,JOSEPH R BIDEN JR,5059,DEMOCRAT,JOSEPH R BIDEN JR,25,GREEN,OTHER,5,GREEN,OTHER,6,GREEN,OTHER,19,GREEN,OTHER,1,LIBERTARIAN,JO JORGENSEN,8,LIBERTARIAN,JO JORGENSEN,15,LIBERTARIAN,JO JORGENSEN,29,LIBERTARIAN,JO JORGENSEN,2,OTHER,OTHER,4,OTHER,OTHER,8,OTHER,OTHER,19,OTHER,OTHER,0,REPUBLICAN,DONALD J TRUMP,540,REPUBLICAN,DONALD J TRUMP,1505,REPUBLICAN,DONALD J TRUMP,5375,REPUBLICAN,DONALD J TRUMP,53,
STANLY,2000,DEMOCRAT,AL GORE,7066,REPUBLICAN,GEORGE W. BUSH,15548,GREEN,RALPH NADER,0,OTHER,OTHER,204,
STANLY,2004,DEMOCRAT,JOHN KERRY,7650,REPUBLICAN,GEORGE W. BUSH,17814,OTHER,OTHER,89,
STANLY,2008,DEMOCRAT,BARACK OBAMA,8878,REPUBLICAN,JOHN MCCAIN,19329,OTHER,OTHER,299,
STANLY,2012,DEMOCRAT,BARACK OBAMA,8431,REPUBLICAN,MITT ROMNEY,19904,OTHER,OTHER,382,
STANLY,2016,DEMOCRAT,HILLARY CLINTON,7094,REPUBLICAN,DONALD TRUMP,21964,OTHER,OTHER,859,
STANLY,2020,DEMOCRAT,JOSEPH R BIDEN JR,1779,DEMOCRAT,JOSEPH R BIDEN JR,1345,DEMOCRAT,JOSEPH R BIDEN JR,4961,DEMOCRAT,JOSEPH R BIDEN JR,44,GREEN,OTHER,5,GREEN,OTHER,12,GREEN,OTHER,13,GREEN,OTHER,2,LIBERTARIAN,JO JORGENSEN,34,LIBERTARIAN,JO JORGENSEN,64,LIBERTARIAN,JO JORGENSEN,124,LIBERTARIAN,JO JORGENSEN,3,OTHER,OTHER,19,OTHER,OTHER,24,OTHER,OTHER,49,OTHER,OTHER,3,REPUBLICAN,DONALD J TRUMP,1712,REPUBLICAN,DONALD J TRUMP,5110,REPUBLICAN,DONALD J TRUMP,18540,REPUBLICAN,DONALD J TRUMP,96,
STOKES,2000,DEMOCRAT,AL GORE,5030,REPUBLICAN,GEORGE W. BUSH,12028,GREEN,RALPH NADER,0,OTHER,OTHER,124,
STOKES,2004,DEMOCRAT,JOHN KERRY,5767,REPUBLICAN,GEORGE W. BUSH,13583,OTHER,OTHER,64,
STOKES,2008,DEMOCRAT,BARACK OBAMA,6875,REPUBLICAN,JOHN MCCAIN,14488,OTHER,OTHER,380,
STOKES,2012,DEMOCRAT,BARACK OBAMA,6018,REPUBLICAN,MITT ROMNEY,15237,OTHER,OTHER,364,
STOKES,2016,DEMOCRAT,HILLARY CLINTON,4665,REPUBLICAN,DONALD TRUMP,17116,OTHER,OTHER,769,
STOKES,2020,DEMOCRAT,JOSEPH R BIDEN JR,1215,DEMOCRAT,JOSEPH R BIDEN JR,1028,DEMOCRAT,JOSEPH R BIDEN JR,3035,DEMOCRAT,JOSEPH R BIDEN JR,8,GREEN,OTHER,7,GREEN,OTHER,11,GREEN,OTHER,12,GREEN,OTHER,0,LIBERTARIAN,JO JORGENSEN,24,LIBERTARIAN,JO JORGENSEN,63,LIBERTARIAN,JO JORGENSEN,93,LIBERTARIAN,JO JORGENSEN,0,OTHER,OTHER,15,OTHER,OTHER,23,OTHER,OTHER,25,OTHER,OTHER,0,REPUBLICAN,DONALD J TRUMP,1365,REPUBLICAN,DONALD J TRUMP,6205,REPUBLICAN,DONALD J TRUMP,12490,REPUBLICAN,DONALD J TRUMP,82,
SURRY,2000,DEMOCRAT,AL GORE,7757,REPUBLICAN,GEORGE W. BUSH,15401,GREEN,RALPH NADER,0,OTHER,OTHER,200,
SURRY,2004,DEMOCRAT,JOHN KERRY,8304,REPUBLICAN,GEORGE W. BUSH,17587,OTHER,OTHER,101,
SURRY,2008,DEMOCRAT,BARACK OBAMA,10475,REPUBLICAN,JOHN MCCAIN,18730,OTHER,OTHER,320,
SURRY,2012,DEMOCRAT,BARACK OBAMA,9112,REPUBLICAN,MITT ROMNEY,19923,OTHER,OTHER,435,
SURRY,2016,DEMOCRAT,HILLARY CLINTON,7488,REPUBLICAN,DONALD TRUMP,23671,OTHER,OTHER,1037,
SURRY,2020,DEMOCRAT,JOSEPH R BIDEN JR,2506,DEMOCRAT,JOSEPH R BIDEN JR,1144,DEMOCRAT,JOSEPH R BIDEN JR,5056,DEMOCRAT,JOSEPH R BIDEN JR,15,GREEN,OTHER,13,GREEN,OTHER,8,GREEN,OTHER,24,GREEN,OTHER,0,LIBERTARIAN,JO JORGENSEN,38,LIBERTARIAN,JO JORGENSEN,75,LIBERTARIAN,JO JORGENSEN,120,LIBERTARIAN,JO JORGENSEN,2,OTHER,OTHER,30,OTHER,OTHER,17,OTHER,OTHER,52,OTHER,OTHER,0,REPUBLICAN,DONALD J TRUMP,2413,REPUBLICAN,DONALD J TRUMP,5422,REPUBLICAN,DONALD J TRUMP,19599,REPUBLICAN,DONALD J TRUMP,104,
SWAIN,2000,DEMOCRAT,AL GORE,2097,REPUBLICAN,GEORGE W. BUSH,2224,GREEN,RALPH NADER,0,OTHER,OTHER,49,
SWAIN,2004,DEMOCRAT,JOHN KERRY,2419,REPUBLICAN,GEORGE W. BUSH,2593,OTHER,OTHER,32,
SWAIN,2008,DEMOCRAT,BARACK OBAMA,2806,REPUBLICAN,JOHN MCCAIN,2900,OTHER,OTHER,92,
SWAIN,2012,DEMOCRAT,BARACK OBAMA,2618,REPUBLICAN,MITT ROMNEY,2976,OTHER,OTHER,134,
SWAIN,2016,DEMOCRAT,HILLARY CLINTON,2196,REPUBLICAN,DONALD TRUMP,3565,OTHER,OTHER,363,
SWAIN,2020,DEMOCRAT,JOSEPH R BIDEN JR,460,DEMOCRAT,JOSEPH R BIDEN JR,457,DEMOCRAT,JOSEPH R BIDEN JR,1856,DEMOCRAT,JOSEPH R BIDEN JR,7,GREEN,OTHER,3,GREEN,OTHER,8,GREEN,OTHER,8,GREEN,OTHER,0,LIBERTARIAN,JO JORGENSEN,10,LIBERTARIAN,JO JORGENSEN,24,LIBERTARIAN,JO JORGENSEN,37,LIBERTARIAN,JO JORGENSEN,1,OTHER,OTHER,7,OTHER,OTHER,9,OTHER,OTHER,20,OTHER,OTHER,0,REPUBLICAN,DONALD J TRUMP,269,REPUBLICAN,DONALD J TRUMP,1149,REPUBLICAN,DONALD J TRUMP,2737,REPUBLICAN,DONALD J TRUMP,6,
TRANSYLVANIA,2000,DEMOCRAT,AL GORE,5044,REPUBLICAN,GEORGE W. BUSH,9011,GREEN,RALPH NADER,0,OTHER,OTHER,170,
TRANSYLVANIA,2004,DEMOCRAT,JOHN KERRY,6097,REPUBLICAN,GEORGE W. BUSH,9386,OTHER,OTHER,105,
TRANSYLVANIA,2008,DEMOCRAT,BARACK OBAMA,7275,REPUBLICAN,JOHN MCCAIN,9401,OTHER,OTHER,233,
TRANSYLVANIA,2012,DEMOCRAT,BARACK OBAMA,6826,REPUBLICAN,MITT ROMNEY,9634,OTHER,OTHER,303,
TRANSYLVANIA,2016,DEMOCRAT,HILLARY CLINTON,6558,REPUBLICAN,DONALD TRUMP,10520,OTHER,OTHER,791,
TRANSYLVANIA,2020,DEMOCRAT,JOSEPH R BIDEN JR,2848,DEMOCRAT,JOSEPH R BIDEN JR,679,DEMOCRAT,JOSEPH R BIDEN JR,4911,DEMOCRAT,JOSEPH R BIDEN JR,6,GREEN,OTHER,6,GREEN,OTHER,13,GREEN,OTHER,31,GREEN,OTHER,0,LIBERTARIAN,JO JORGENSEN,36,LIBERTARIAN,JO JORGENSEN,51,LIBERTARIAN,JO JORGENSEN,92,LIBERTARIAN,JO JORGENSEN,1,OTHER,OTHER,19,OTHER,OTHER,19,OTHER,OTHER,56,OTHER,OTHER,0,REPUBLICAN,DONALD J TRUMP,1034,REPUBLICAN,DONALD J TRUMP,2694,REPUBLICAN,DONALD J TRUMP,7873,REPUBLICAN,DONALD J TRUMP,35,
TYRRELL,2000,DEMOCRAT,AL GORE,849,REPUBLICAN,GEORGE W. BUSH,706,GREEN,RALPH NADER,0,OTHER,OTHER,11,
TYRRELL,2004,DEMOCRAT,JOHN KERRY,731,REPUBLICAN,GEORGE W. BUSH,855,OTHER,OTHER,4,
TYRRELL,2008,DEMOCRAT,BARACK OBAMA,933,REPUBLICAN,JOHN MCCAIN,960,OTHER,OTHER,17,
TYRRELL,2012,DEMOCRAT,BARACK OBAMA,837,REPUBLICAN,MITT ROMNEY,930,OTHER,OTHER,16,
TYRRELL,2016,DEMOCRAT,HILLARY CLINTON,720,REPUBLICAN,DONALD TRUMP,975,OTHER,OTHER,44,
TYRRELL,2020,DEMOCRAT,JOSEPH R BIDEN JR,57,DEMOCRAT,JOSEPH R BIDEN JR,241,DEMOCRAT,JOSEPH R BIDEN JR,460,DEMOCRAT,JOSEPH R BIDEN JR,0,GREEN,OTHER,0,GREEN,OTHER,1,GREEN,OTHER,1,GREEN,OTHER,0,LIBERTARIAN,JO JORGENSEN,0,LIBERTARIAN,JO JORGENSEN,4,LIBERTARIAN,JO JORGENSEN,4,LIBERTARIAN,JO JORGENSEN,0,OTHER,OTHER,0,OTHER,OTHER,2,OTHER,OTHER,3,OTHER,OTHER,0,REPUBLICAN,DONALD J TRUMP,47,REPUBLICAN,DONALD J TRUMP,321,REPUBLICAN,DONALD J TRUMP,676,REPUBLICAN,DONALD J TRUMP,0,
UNION,2000,DEMOCRAT,AL GORE,14890,REPUBLICAN,GEORGE W. BUSH,31876,GREEN,RALPH NADER,0,OTHER,OTHER,395,
UNION,2004,DEMOCRAT,JOHN KERRY,17974,REPUBLICAN,GEORGE W. BUSH,42820,OTHER,OTHER,207,
UNION,2008,DEMOCRAT,BARACK OBAMA,31189,REPUBLICAN,JOHN MCCAIN,54123,OTHER,OTHER,777,
UNION,2012,DEMOCRAT,BARACK OBAMA,32473,REPUBLICAN,MITT ROMNEY,61107,OTHER,OTHER,1148,
UNION,2016,DEMOCRAT,HILLARY CLINTON,34337,REPUBLICAN,DONALD TRUMP,66707,OTHER,OTHER,4666,
UNION,2020,DEMOCRAT,JOSEPH R BIDEN JR,12261,DEMOCRAT,JOSEPH R BIDEN JR,5232,DEMOCRAT,JOSEPH R BIDEN JR,31096,DEMOCRAT,JOSEPH R BIDEN JR,136,GREEN,OTHER,49,GREEN,OTHER,66,GREEN,OTHER,121,GREEN,OTHER,2,LIBERTARIAN,JO JORGENSEN,232,LIBERTARIAN,JO JORGENSEN,308,LIBERTARIAN,JO JORGENSEN,593,LIBERTARIAN,JO JORGENSEN,3,OTHER,OTHER,130,OTHER,OTHER,123,OTHER,OTHER,275,OTHER,OTHER,2,REPUBLICAN,DONALD J TRUMP,6877,REPUBLICAN,DONALD J TRUMP,14548,REPUBLICAN,DONALD J TRUMP,58728,REPUBLICAN,DONALD J TRUMP,229,
VANCE,2000,DEMOCRAT,AL GORE,7092,REPUBLICAN,GEORGE W. BUSH,5564,GREEN,RALPH NADER,0,OTHER,OTHER,45,
VANCE,2004,DEMOCRAT,JOHN KERRY,8762,REPUBLICAN,GEORGE W. BUSH,6884,OTHER,OTHER,31,
VANCE,2008,DEMOCRAT,BARACK OBAMA,13166,REPUBLICAN,JOHN MCCAIN,7606,OTHER,OTHER,99,
VANCE,2012,DEMOCRAT,BARACK OBAMA,13323,REPUBLICAN,MITT ROMNEY,7429,OTHER,OTHER,102,
VANCE,2016,DEMOCRAT,HILLARY CLINTON,12229,REPUBLICAN,DONALD TRUMP,7332,OTHER,OTHER,416,
VANCE,2020,DEMOCRAT,JOSEPH R BIDEN JR,1745,DEMOCRAT,JOSEPH R BIDEN JR,1819,DEMOCRAT,JOSEPH R BIDEN JR,8860,DEMOCRAT,JOSEPH R BIDEN JR,7,GREEN,OTHER,6,GREEN,OTHER,4,GREEN,OTHER,14,GREEN,OTHER,0,LIBERTARIAN,JO JORGENSEN,18,LIBERTARIAN,JO JORGENSEN,22,LIBERTARIAN,JO JORGENSEN,54,LIBERTARIAN,JO JORGENSEN,0,OTHER,OTHER,15,OTHER,OTHER,14,OTHER,OTHER,30,OTHER,OTHER,0,REPUBLICAN,DONALD J TRUMP,707,REPUBLICAN,DONALD J TRUMP,1520,REPUBLICAN,DONALD J TRUMP,6162,REPUBLICAN,DONALD J TRUMP,2,
WAKE,2000,DEMOCRAT,AL GORE,123466,REPUBLICAN,GEORGE W. BUSH,142494,GREEN,RALPH NADER,0,OTHER,OTHER,2260,
WAKE,2004,DEMOCRAT,JOHN KERRY,169909,REPUBLICAN,GEORGE W. BUSH,177324,OTHER,OTHER,1611,
WAKE,2008,DEMOCRAT,BARACK OBAMA,250891,REPUBLICAN,JOHN MCCAIN,187001,OTHER,OTHER,4353,
WAKE,2012,DEMOCRAT,BARACK OBAMA,267262,REPUBLICAN,MITT ROMNEY,211596,OTHER,OTHER,7569,
WAKE,2016,DEMOCRAT,HILLARY CLINTON,302736,REPUBLICAN,DONALD TRUMP,196082,OTHER,OTHER,28806,
WAKE,2020,DEMOCRAT,JOSEPH R BIDEN JR,132794,DEMOCRAT,JOSEPH R BIDEN JR,35416,DEMOCRAT,JOSEPH R BIDEN JR,224040,DEMOCRAT,JOSEPH R BIDEN JR,1086,GREEN,OTHER,549,GREEN,OTHER,356,GREEN,OTHER,694,GREEN,OTHER,13,LIBERTARIAN,JO JORGENSEN,2011,LIBERTARIAN,JO JORGENSEN,1923,LIBERTARIAN,JO JORGENSEN,3543,LIBERTARIAN,JO JORGENSEN,37,OTHER,OTHER,982,OTHER,OTHER,763,OTHER,OTHER,1413,OTHER,OTHER,13,REPUBLICAN,DONALD J TRUMP,37047,REPUBLICAN,DONALD J TRUMP,45498,REPUBLICAN,DONALD J TRUMP,142914,REPUBLICAN,DONALD J TRUMP,738,
WARREN,2000,DEMOCRAT,AL GORE,4576,REPUBLICAN,GEORGE W. BUSH,2202,GREEN,RALPH NADER,0,OTHER,OTHER,17,
WARREN,2004,DEMOCRAT,JOHN KERRY,5171,REPUBLICAN,GEORGE W. BUSH,2840,OTHER,OTHER,16,
WARREN,2008,DEMOCRAT,BARACK OBAMA,7086,REPUBLICAN,JOHN MCCAIN,3063,OTHER,OTHER,46,
WARREN,2012,DEMOCRAT,BARACK OBAMA,6978,REPUBLICAN,MITT ROMNEY,3140,OTHER,OTHER,44,
WARREN,2016,DEMOCRAT,HILLARY CLINTON,6413,REPUBLICAN,DONALD TRUMP,3214,OTHER,OTHER,215,
WARREN,2020,DEMOCRAT,JOSEPH R BIDEN JR,975,DEMOCRAT,JOSEPH R BIDEN JR,851,DEMOCRAT,JOSEPH R BIDEN JR,4552,DEMOCRAT,JOSEPH R BIDEN JR,22,GREEN,OTHER,5,GREEN,OTHER,4,GREEN,OTHER,20,GREEN,OTHER,0,LIBERTARIAN,JO JORGENSEN,6,LIBERTARIAN,JO JORGENSEN,20,LIBERTARIAN,JO JORGENSEN,37,LIBERTARIAN,JO JORGENSEN,0,OTHER,OTHER,5,OTHER,OTHER,12,OTHER,OTHER,32,OTHER,OTHER,0,REPUBLICAN,DONALD J TRUMP,325,REPUBLICAN,DONALD J TRUMP,1039,REPUBLICAN,DONALD J TRUMP,2384,REPUBLICAN,DONALD J TRUMP,4,
WASHINGTON,2000,DEMOCRAT,AL GORE,2704,REPUBLICAN,GEORGE W. BUSH,2169,GREEN,RALPH NADER,0,OTHER,OTHER,17,
WASHINGTON,2004,DEMOCRAT,JOHN KERRY,2969,REPUBLICAN,GEORGE W. BUSH,2484,OTHER,OTHER,18,
WASHINGTON,2008,DEMOCRAT,BARACK OBAMA,3748,REPUBLICAN,JOHN MCCAIN,2670,OTHER,OTHER,36,
WASHINGTON,2012,DEMOCRAT,BARACK OBAMA,3833,REPUBLICAN,MITT ROMNEY,2622,OTHER,OTHER,44,
WASHINGTON,2016,DEMOCRAT,HILLARY CLINTON,3510,REPUBLICAN,DONALD TRUMP,2564,OTHER,OTHER,91,
WASHINGTON,2020,DEMOCRAT,JOSEPH R BIDEN JR,457,DEMOCRAT,JOSEPH R BIDEN JR,550,DEMOCRAT,JOSEPH R BIDEN JR,2384,DEMOCRAT,JOSEPH R BIDEN JR,5,GREEN,OTHER,0,GREEN,OTHER,1,GREEN,OTHER,1,GREEN,OTHER,0,LIBERTARIAN,JO JORGENSEN,2,LIBERTARIAN,JO JORGENSEN,9,LIBERTARIAN,JO JORGENSEN,6,LIBERTARIAN,JO JORGENSEN,0,OTHER,OTHER,1,OTHER,OTHER,3,OTHER,OTHER,5,OTHER,OTHER,0,REPUBLICAN,DONALD J TRUMP,212,REPUBLICAN,DONALD J TRUMP,680,REPUBLICAN,DONALD J TRUMP,1887,REPUBLICAN,DONALD J TRUMP,2,
WATAUGA,2000,DEMOCRAT,AL GORE,7959,REPUBLICAN,GEORGE W. BUSH,10438,GREEN,RALPH NADER,0,OTHER,OTHER,326,
WATAUGA,2004,DEMOCRAT,JOHN KERRY,11232,REPUBLICAN,GEORGE W. BUSH,12659,OTHER,OTHER,159,
WATAUGA,2008,DEMOCRAT,BARACK OBAMA,14558,REPUBLICAN,JOHN MCCAIN,13344,OTHER,OTHER,470,
WATAUGA,2012,DEMOCRAT,BARACK OBAMA,13002,REPUBLICAN,MITT ROMNEY,13861,OTHER,OTHER,811,
WATAUGA,2016,DEMOCRAT,HILLARY CLINTON,14138,REPUBLICAN,DONALD TRUMP,13697,OTHER,OTHER,2150,
WATAUGA,2020,DEMOCRAT,JOSEPH R BIDEN JR,3936,DEMOCRAT,JOSEPH R BIDEN JR,1349,DEMOCRAT,JOSEPH R BIDEN JR,11792,DEMOCRAT,JOSEPH R BIDEN JR,45,GREEN,OTHER,23,GREEN,OTHER,23,GREEN,OTHER,54,GREEN,OTHER,3,LIBERTARIAN,JO JORGENSEN,45,LIBERTARIAN,JO JORGENSEN,117,LIBERTARIAN,JO JORGENSEN,222,LIBERTARIAN,JO JORGENSEN,2,OTHER,OTHER,34,OTHER,OTHER,39,OTHER,OTHER,83,OTHER,OTHER,2,REPUBLICAN,DONALD J TRUMP,1332,REPUBLICAN,DONALD J TRUMP,2795,REPUBLICAN,DONALD J TRUMP,10267,REPUBLICAN,DONALD J TRUMP,57,
WAYNE,2000,DEMOCRAT,AL GORE,13005,REPUBLICAN,GEORGE W. BUSH,20758,GREEN,RALPH NADER,0,OTHER,OTHER,121,
WAYNE,2004,DEMOCRAT,JOHN KERRY,15076,REPUBLICAN,GEORGE W. BUSH,24883,OTHER,OTHER,87,
WAYNE,2008,DEMOCRAT,BARACK OBAMA,22671,REPUBLICAN,JOHN MCCAIN,26952,OTHER,OTHER,259,
WAYNE,2012,DEMOCRAT,BARACK OBAMA,23314,REPUBLICAN,MITT ROMNEY,27641,OTHER,OTHER,397,
WAYNE,2016,DEMOCRAT,HILLARY CLINTON,21770,REPUBLICAN,DONALD TRUMP,27540,OTHER,OTHER,1379,
WAYNE,2020,DEMOCRAT,JOSEPH R BIDEN JR,4379,DEMOCRAT,JOSEPH R BIDEN JR,3030,DEMOCRAT,JOSEPH R BIDEN JR,16734,DEMOCRAT,JOSEPH R BIDEN JR,72,GREEN,OTHER,20,GREEN,OTHER,16,GREEN,OTHER,55,GREEN,OTHER,1,LIBERTARIAN,JO JORGENSEN,66,LIBERTARIAN,JO JORGENSEN,123,LIBERTARIAN,JO JORGENSEN,188,LIBERTARIAN,JO JORGENSEN,1,OTHER,OTHER,29,OTHER,OTHER,33,OTHER,OTHER,80,OTHER,OTHER,1,REPUBLICAN,DONALD J TRUMP,2403,REPUBLICAN,DONALD J TRUMP,5386,REPUBLICAN,DONALD J TRUMP,22817,REPUBLICAN,DONALD J TRUMP,103,
WILKES,2000,DEMOCRAT,AL GORE,7226,REPUBLICAN,GEORGE W. BUSH,16826,GREEN,RALPH NADER,0,OTHER,OTHER,271,
WILKES,2004,DEMOCRAT,JOHN KERRY,7862,REPUBLICAN,GEORGE W. BUSH,19197,OTHER,OTHER,95,
WILKES,2008,DEMOCRAT,BARACK OBAMA,8934,REPUBLICAN,JOHN MCCAIN,20288,OTHER,OTHER,502,
WILKES,2012,DEMOCRAT,BARACK OBAMA,8148,REPUBLICAN,MITT ROMNEY,20515,OTHER,OTHER,482,
WILKES,2016,DEMOCRAT,HILLARY CLINTON,6638,REPUBLICAN,DONALD TRUMP,23752,OTHER,OTHER,906,
WILKES,2020,DEMOCRAT,JOSEPH R BIDEN JR,2018,DEMOCRAT,JOSEPH R BIDEN JR,1411,DEMOCRAT,JOSEPH R BIDEN JR,4071,DEMOCRAT,JOSEPH R BIDEN JR,11,GREEN,OTHER,14,GREEN,OTHER,12,GREEN,OTHER,14,GREEN,OTHER,0,LIBERTARIAN,JO JORGENSEN,31,LIBERTARIAN,JO JORGENSEN,83,LIBERTARIAN,JO JORGENSEN,100,LIBERTARIAN,JO JORGENSEN,0,OTHER,OTHER,18,OTHER,OTHER,47,OTHER,OTHER,44,OTHER,OTHER,0,REPUBLICAN,DONALD J TRUMP,2301,REPUBLICAN,DONALD J TRUMP,9366,REPUBLICAN,DONALD J TRUMP,15823,REPUBLICAN,DONALD J TRUMP,102,
WILSON,2000,DEMOCRAT,AL GORE,11266,REPUBLICAN,GEORGE W. BUSH,13466,GREEN,RALPH NADER,0,OTHER,OTHER,94,
WILSON,2004,DEMOCRAT,JOHN KERRY,14206,REPUBLICAN,GEORGE W. BUSH,16264,OTHER,OTHER,65,
WILSON,2008,DEMOCRAT,BARACK OBAMA,19652,REPUBLICAN,JOHN MCCAIN,17375,OTHER,OTHER,164,
WILSON,2012,DEMOCRAT,BARACK OBAMA,20875,REPUBLICAN,MITT ROMNEY,17954,OTHER,OTHER,280,
WILSON,2016,DEMOCRAT,HILLARY CLINTON,19663,REPUBLICAN,DONALD TRUMP,17531,OTHER,OTHER,941,
WILSON,2020,DEMOCRAT,JOSEPH R BIDEN JR,3032,DEMOCRAT,JOSEPH R BIDEN JR,3432,DEMOCRAT,JOSEPH R BIDEN JR,14255,DEMOCRAT,JOSEPH R BIDEN JR,35,GREEN,OTHER,10,GREEN,OTHER,12,GREEN,OTHER,34,GREEN,OTHER,0,LIBERTARIAN,JO JORGENSEN,37,LIBERTARIAN,JO JORGENSEN,95,LIBERTARIAN,JO JORGENSEN,113,LIBERTARIAN,JO JORGENSEN,0,OTHER,OTHER,21,OTHER,OTHER,25,OTHER,OTHER,53,OTHER,OTHER,0,REPUBLICAN,DONALD J TRUMP,1593,REPUBLICAN,DONALD J TRUMP,4623,REPUBLICAN,DONALD J TRUMP,13316,REPUBLICAN,DONALD J TRUMP,49,
YADKIN,2000,DEMOCRAT,AL GORE,3127,REPUBLICAN,GEORGE W. BUSH,10435,GREEN,RALPH NADER,0,OTHER,OTHER,120,
YADKIN,2004,DEMOCRAT,JOHN KERRY,3451,REPUBLICAN,GEORGE W. BUSH,11816,OTHER,OTHER,46,
YADKIN,2008,DEMOCRAT,BARACK OBAMA,4527,REPUBLICAN,JOHN MCCAIN,12409,OTHER,OTHER,211,
YADKIN,2012,DEMOCRAT,BARACK OBAMA,3957,REPUBLICAN,MITT ROMNEY,12578,OTHER,OTHER,278,
YADKIN,2016,DEMOCRAT,HILLARY CLINTON,3160,REPUBLICAN,DONALD TRUMP,13880,OTHER,OTHER,584,
YADKIN,2020,DEMOCRAT,JOSEPH R BIDEN JR,994,DEMOCRAT,JOSEPH R BIDEN JR,822,DEMOCRAT,JOSEPH R BIDEN JR,1947,DEMOCRAT,JOSEPH R BIDEN JR,0,GREEN,OTHER,4,GREEN,OTHER,13,GREEN,OTHER,10,GREEN,OTHER,1,LIBERTARIAN,JO JORGENSEN,12,LIBERTARIAN,JO JORGENSEN,56,LIBERTARIAN,JO JORGENSEN,63,LIBERTARIAN,JO JORGENSEN,0,OTHER,OTHER,13,OTHER,OTHER,25,OTHER,OTHER,30,OTHER,OTHER,0,REPUBLICAN,DONALD J TRUMP,1154,REPUBLICAN,DONALD J TRUMP,5410,REPUBLICAN,DONALD J TRUMP,9332,REPUBLICAN,DONALD J TRUMP,37,
YANCEY,2000,DEMOCRAT,AL GORE,3714,REPUBLICAN,GEORGE W. BUSH,4970,GREEN,RALPH NADER,0,OTHER,OTHER,80,
YANCEY,2004,DEMOCRAT,JOHN KERRY,4434,REPUBLICAN,GEORGE W. BUSH,4940,OTHER,OTHER,57,
YANCEY,2008,DEMOCRAT,BARACK OBAMA,4486,REPUBLICAN,JOHN MCCAIN,5045,OTHER,OTHER,186,
YANCEY,2012,DEMOCRAT,BARACK OBAMA,3981,REPUBLICAN,MITT ROMNEY,5278,OTHER,OTHER,192,
YANCEY,2016,DEMOCRAT,HILLARY CLINTON,3196,REPUBLICAN,DONALD TRUMP,6385,OTHER,OTHER,379,
YANCEY,2020,DEMOCRAT,JOSEPH R BIDEN JR,977,DEMOCRAT,JOSEPH R BIDEN JR,410,DEMOCRAT,JOSEPH R BIDEN JR,2296,DEMOCRAT,JOSEPH R BIDEN JR,5,GREEN,OTHER,4,GREEN,OTHER,9,GREEN,OTHER,14,GREEN,OTHER,0,LIBERTARIAN,JO JORGENSEN,15,LIBERTARIAN,JO JORGENSEN,28,LIBERTARIAN,JO JORGENSEN,39,LIBERTARIAN,JO JORGENSEN,0,OTHER,OTHER,8,OTHER,OTHER,8,OTHER,OTHER,23,OTHER,OTHER,0,REPUBLICAN,DONALD J TRUMP,565,REPUBLICAN,DONALD J TRUMP,1725,REPUBLICAN,DONALD J TRUMP,5202,REPUBLICAN,DONALD J TRUMP,24,
