ADAIR,2000,DEMOCRAT,AL GORE,2361,REPUBLICAN,GEORGE W. BUSH,3503,GREEN,RALPH NADER,0,OTHER,OTHER,113,
ADAIR,2004,DEMOCRAT,JOHN KERRY,2562,REPUBLICAN,GEORGE W. BUSH,4971,OTHER,OTHER,0,
ADAIR,2008,DEMOCRAT,BARACK OBAMA,2052,REPUBLICAN,JOHN MCCAIN,4638,OTHER,OTHER,0,
ADAIR,2012,DEMOCRAT,BARACK OBAMA,2127,REPUBLICAN,MITT ROMNEY,4381,OTHER,OTHER,0,
ADAIR,2016,DEMOCRAT,HILLARY CLINTON,1382,REPUBLICAN,DONALD TRUMP,4787,OTHER,OTHER,344,
ADAIR,2020,DEMOCRAT,JOSEPH R BIDEN JR,197,DEMOCRAT,JOSEPH R BIDEN JR,205,DEMOCRAT,JOSEPH R BIDEN JR,985,LIBERTARIAN,JO JORGENSEN,7,LIBERTARIAN,JO JORGENSEN,8,LIBERTARIAN,JO JORGENSEN,47,OTHER,OTHER,6,OTHER,OTHER,6,OTHER,OTHER,62,REPUBLICAN,DONALD J TRUMP,216,REPUBLICAN,DONALD J TRUMP,647,REPUBLICAN,DONALD J TRUMP,4722,
ALFALFA,2000,DEMOCRAT,AL GORE,583,REPUBLICAN,GEORGE W. BUSH,1886,GREEN,RALPH NADER,0,OTHER,OTHER,38,
ALFALFA,2004,DEMOCRAT,JOHN KERRY,470,REPUBLICAN,GEORGE W. BUSH,2201,OTHER,OTHER,0,
ALFALFA,2008,DEMOCRAT,BARACK OBAMA,411,REPUBLICAN,JOHN MCCAIN,2023,OTHER,OTHER,0,
ALFALFA,2012,DEMOCRAT,BARACK OBAMA,322,REPUBLICAN,MITT ROMNEY,1761,OTHER,OTHER,0,
ALFALFA,2016,DEMOCRAT,HILLARY CLINTON,216,REPUBLICAN,DONALD TRUMP,1933,OTHER,OTHER,109,
ALFALFA,2020,DEMOCRAT,JOSEPH R BIDEN JR,40,DEMOCRAT,JOSEPH R BIDEN JR,51,DEMOCRAT,JOSEPH R BIDEN JR,141,LIBERTARIAN,JO JORGENSEN,6,LIBERTARIAN,JO JORGENSEN,2,LIBERTARIAN,JO JORGENSEN,23,OTHER,OTHER,1,OTHER,OTHER,1,OTHER,OTHER,19,REPUBLICAN,DONALD J TRUMP,87,REPUBLICAN,DONALD J TRUMP,344,REPUBLICAN,DONALD J TRUMP,1547,
ATOKA,2000,DEMOCRAT,AL GORE,1906,REPUBLICAN,GEORGE W. BUSH,2375,GREEN,RALPH NADER,0,OTHER,OTHER,43,
ATOKA,2004,DEMOCRAT,JOHN KERRY,1946,REPUBLICAN,GEORGE W. BUSH,3142,OTHER,OTHER,0,
ATOKA,2008,DEMOCRAT,BARACK OBAMA,1370,REPUBLICAN,JOHN MCCAIN,3511,OTHER,OTHER,0,
ATOKA,2012,DEMOCRAT,BARACK OBAMA,1243,REPUBLICAN,MITT ROMNEY,3538,OTHER,OTHER,0,
ATOKA,2016,DEMOCRAT,HILLARY CLINTON,795,REPUBLICAN,DONALD TRUMP,4084,OTHER,OTHER,139,
ATOKA,2020,DEMOCRAT,JOSEPH R BIDEN JR,114,DEMOCRAT,JOSEPH R BIDEN JR,197,DEMOCRAT,JOSEPH R BIDEN JR,454,LIBERTARIAN,JO JORGENSEN,4,LIBERTARIAN,JO JORGENSEN,10,LIBERTARIAN,JO JORGENSEN,35,OTHER,OTHER,2,OTHER,OTHER,2,OTHER,OTHER,14,REPUBLICAN,DONALD J TRUMP,150,REPUBLICAN,DONALD J TRUMP,1088,REPUBLICAN,DONALD J TRUMP,3319,
BEAVER,2000,DEMOCRAT,AL GORE,339,REPUBLICAN,GEORGE W. BUSH,2092,GREEN,RALPH NADER,0,OTHER,OTHER,25,
BEAVER,2004,DEMOCRAT,JOHN KERRY,297,REPUBLICAN,GEORGE W. BUSH,2272,OTHER,OTHER,0,
BEAVER,2008,DEMOCRAT,BARACK OBAMA,265,REPUBLICAN,JOHN MCCAIN,2199,OTHER,OTHER,0,
BEAVER,2012,DEMOCRAT,BARACK OBAMA,244,REPUBLICAN,MITT ROMNEY,2062,OTHER,OTHER,0,
BEAVER,2016,DEMOCRAT,HILLARY CLINTON,176,REPUBLICAN,DONALD TRUMP,1993,OTHER,OTHER,74,
BEAVER,2020,DEMOCRAT,JOSEPH R BIDEN JR,35,DEMOCRAT,JOSEPH R BIDEN JR,42,DEMOCRAT,JOSEPH R BIDEN JR,113,LIBERTARIAN,JO JORGENSEN,1,LIBERTARIAN,JO JORGENSEN,2,LIBERTARIAN,JO JORGENSEN,12,OTHER,OTHER,0,OTHER,OTHER,1,OTHER,OTHER,4,REPUBLICAN,DONALD J TRUMP,120,REPUBLICAN,DONALD J TRUMP,303,REPUBLICAN,DONALD J TRUMP,1545,
BECKHAM,2000,DEMOCRAT,AL GORE,2408,REPUBLICAN,GEORGE W. BUSH,4067,GREEN,RALPH NADER,0,OTHER,OTHER,57,
BECKHAM,2004,DEMOCRAT,JOHN KERRY,1931,REPUBLICAN,GEORGE W. BUSH,5454,OTHER,OTHER,0,
BECKHAM,2008,DEMOCRAT,BARACK OBAMA,1625,REPUBLICAN,JOHN MCCAIN,5772,OTHER,OTHER,0,
BECKHAM,2012,DEMOCRAT,BARACK OBAMA,1417,REPUBLICAN,MITT ROMNEY,5508,OTHER,OTHER,0,
BECKHAM,2016,DEMOCRAT,HILLARY CLINTON,960,REPUBLICAN,DONALD TRUMP,6308,OTHER,OTHER,284,
BECKHAM,2020,DEMOCRAT,JOSEPH R BIDEN JR,207,DEMOCRAT,JOSEPH R BIDEN JR,196,DEMOCRAT,JOSEPH R BIDEN JR,645,LIBERTARIAN,JO JORGENSEN,8,LIBERTARIAN,JO JORGENSEN,16,LIBERTARIAN,JO JORGENSEN,76,OTHER,OTHER,3,OTHER,OTHER,6,OTHER,OTHER,24,REPUBLICAN,DONALD J TRUMP,433,REPUBLICAN,DONALD J TRUMP,1322,REPUBLICAN,DONALD J TRUMP,5012,
BLAINE,2000,DEMOCRAT,AL GORE,1402,REPUBLICAN,GEORGE W. BUSH,2633,GREEN,RALPH NADER,0,OTHER,OTHER,59,
BLAINE,2004,DEMOCRAT,JOHN KERRY,1222,REPUBLICAN,GEORGE W. BUSH,3199,OTHER,OTHER,0,
BLAINE,2008,DEMOCRAT,BARACK OBAMA,1011,REPUBLICAN,JOHN MCCAIN,3101,OTHER,OTHER,0,
BLAINE,2012,DEMOCRAT,BARACK OBAMA,992,REPUBLICAN,MITT ROMNEY,2824,OTHER,OTHER,0,
BLAINE,2016,DEMOCRAT,HILLARY CLINTON,711,REPUBLICAN,DONALD TRUMP,2884,OTHER,OTHER,198,
BLAINE,2020,DEMOCRAT,JOSEPH R BIDEN JR,84,DEMOCRAT,JOSEPH R BIDEN JR,104,DEMOCRAT,JOSEPH R BIDEN JR,500,LIBERTARIAN,JO JORGENSEN,4,LIBERTARIAN,JO JORGENSEN,3,LIBERTARIAN,JO JORGENSEN,37,OTHER,OTHER,3,OTHER,OTHER,4,OTHER,OTHER,26,REPUBLICAN,DONALD J TRUMP,181,REPUBLICAN,DONALD J TRUMP,439,REPUBLICAN,DONALD J TRUMP,2516,
BRYAN,2000,DEMOCRAT,AL GORE,5554,REPUBLICAN,GEORGE W. BUSH,6084,GREEN,RALPH NADER,0,OTHER,OTHER,108,
BRYAN,2004,DEMOCRAT,JOHN KERRY,5745,REPUBLICAN,GEORGE W. BUSH,8615,OTHER,OTHER,0,
BRYAN,2008,DEMOCRAT,BARACK OBAMA,4426,REPUBLICAN,JOHN MCCAIN,9307,OTHER,OTHER,0,
BRYAN,2012,DEMOCRAT,BARACK OBAMA,3681,REPUBLICAN,MITT ROMNEY,9520,OTHER,OTHER,0,
BRYAN,2016,DEMOCRAT,HILLARY CLINTON,2804,REPUBLICAN,DONALD TRUMP,10478,OTHER,OTHER,536,
BRYAN,2020,DEMOCRAT,JOSEPH R BIDEN JR,763,DEMOCRAT,JOSEPH R BIDEN JR,466,DEMOCRAT,JOSEPH R BIDEN JR,2094,LIBERTARIAN,JO JORGENSEN,18,LIBERTARIAN,JO JORGENSEN,20,LIBERTARIAN,JO JORGENSEN,192,OTHER,OTHER,11,OTHER,OTHER,3,OTHER,OTHER,65,REPUBLICAN,DONALD J TRUMP,687,REPUBLICAN,DONALD J TRUMP,1541,REPUBLICAN,DONALD J TRUMP,10116,
CADDO,2000,DEMOCRAT,AL GORE,4272,REPUBLICAN,GEORGE W. BUSH,4835,GREEN,RALPH NADER,0,OTHER,OTHER,103,
CADDO,2004,DEMOCRAT,JOHN KERRY,3916,REPUBLICAN,GEORGE W. BUSH,6491,OTHER,OTHER,0,
CADDO,2008,DEMOCRAT,BARACK OBAMA,3404,REPUBLICAN,JOHN MCCAIN,6413,OTHER,OTHER,0,
CADDO,2012,DEMOCRAT,BARACK OBAMA,3164,REPUBLICAN,MITT ROMNEY,5687,OTHER,OTHER,0,
CADDO,2016,DEMOCRAT,HILLARY CLINTON,2420,REPUBLICAN,DONALD TRUMP,6482,OTHER,OTHER,446,
CADDO,2020,DEMOCRAT,JOSEPH R BIDEN JR,312,DEMOCRAT,JOSEPH R BIDEN JR,334,DEMOCRAT,JOSEPH R BIDEN JR,2024,LIBERTARIAN,JO JORGENSEN,6,LIBERTARIAN,JO JORGENSEN,6,LIBERTARIAN,JO JORGENSEN,85,OTHER,OTHER,5,OTHER,OTHER,3,OTHER,OTHER,71,REPUBLICAN,DONALD J TRUMP,339,REPUBLICAN,DONALD J TRUMP,528,REPUBLICAN,DONALD J TRUMP,6146,
CANADIAN,2000,DEMOCRAT,AL GORE,8367,REPUBLICAN,GEORGE W. BUSH,22679,GREEN,RALPH NADER,0,OTHER,OTHER,314,
CANADIAN,2004,DEMOCRAT,JOHN KERRY,9712,REPUBLICAN,GEORGE W. BUSH,33297,OTHER,OTHER,0,
CANADIAN,2008,DEMOCRAT,BARACK OBAMA,11426,REPUBLICAN,JOHN MCCAIN,36428,OTHER,OTHER,0,
CANADIAN,2012,DEMOCRAT,BARACK OBAMA,10537,REPUBLICAN,MITT ROMNEY,35625,OTHER,OTHER,0,
CANADIAN,2016,DEMOCRAT,HILLARY CLINTON,11674,REPUBLICAN,DONALD TRUMP,39986,OTHER,OTHER,3618,
CANADIAN,2020,DEMOCRAT,JOSEPH R BIDEN JR,6266,DEMOCRAT,JOSEPH R BIDEN JR,917,DEMOCRAT,JOSEPH R BIDEN JR,9559,LIBERTARIAN,JO JORGENSEN,237,LIBERTARIAN,JO JORGENSEN,18,LIBERTARIAN,JO JORGENSEN,913,OTHER,OTHER,112,OTHER,OTHER,4,OTHER,OTHER,364,REPUBLICAN,DONALD J TRUMP,6510,REPUBLICAN,DONALD J TRUMP,1924,REPUBLICAN,DONALD J TRUMP,35116,
CARTER,2000,DEMOCRAT,AL GORE,6659,REPUBLICAN,GEORGE W. BUSH,9667,GREEN,RALPH NADER,0,OTHER,OTHER,132,
CARTER,2004,DEMOCRAT,JOHN KERRY,6466,REPUBLICAN,GEORGE W. BUSH,12178,OTHER,OTHER,0,
CARTER,2008,DEMOCRAT,BARACK OBAMA,5603,REPUBLICAN,JOHN MCCAIN,13241,OTHER,OTHER,0,
CARTER,2012,DEMOCRAT,BARACK OBAMA,4908,REPUBLICAN,MITT ROMNEY,12214,OTHER,OTHER,0,
CARTER,2016,DEMOCRAT,HILLARY CLINTON,4002,REPUBLICAN,DONALD TRUMP,13752,OTHER,OTHER,780,
CARTER,2020,DEMOCRAT,JOSEPH R BIDEN JR,886,DEMOCRAT,JOSEPH R BIDEN JR,768,DEMOCRAT,JOSEPH R BIDEN JR,2816,LIBERTARIAN,JO JORGENSEN,17,LIBERTARIAN,JO JORGENSEN,9,LIBERTARIAN,JO JORGENSEN,170,OTHER,OTHER,10,OTHER,OTHER,5,OTHER,OTHER,99,REPUBLICAN,DONALD J TRUMP,863,REPUBLICAN,DONALD J TRUMP,1710,REPUBLICAN,DONALD J TRUMP,12126,
CHEROKEE,2000,DEMOCRAT,AL GORE,7256,REPUBLICAN,GEORGE W. BUSH,6918,GREEN,RALPH NADER,0,OTHER,OTHER,294,
CHEROKEE,2004,DEMOCRAT,JOHN KERRY,8623,REPUBLICAN,GEORGE W. BUSH,9569,OTHER,OTHER,0,
CHEROKEE,2008,DEMOCRAT,BARACK OBAMA,7194,REPUBLICAN,JOHN MCCAIN,9186,OTHER,OTHER,0,
CHEROKEE,2012,DEMOCRAT,BARACK OBAMA,6144,REPUBLICAN,MITT ROMNEY,8162,OTHER,OTHER,0,
CHEROKEE,2016,DEMOCRAT,HILLARY CLINTON,5456,REPUBLICAN,DONALD TRUMP,9994,OTHER,OTHER,1040,
CHEROKEE,2020,DEMOCRAT,JOSEPH R BIDEN JR,1337,DEMOCRAT,JOSEPH R BIDEN JR,993,DEMOCRAT,JOSEPH R BIDEN JR,3697,LIBERTARIAN,JO JORGENSEN,29,LIBERTARIAN,JO JORGENSEN,40,LIBERTARIAN,JO JORGENSEN,251,OTHER,OTHER,13,OTHER,OTHER,12,OTHER,OTHER,119,REPUBLICAN,DONALD J TRUMP,970,REPUBLICAN,DONALD J TRUMP,1341,REPUBLICAN,DONALD J TRUMP,8912,
CHOCTAW,2000,DEMOCRAT,AL GORE,2799,REPUBLICAN,GEORGE W. BUSH,2461,GREEN,RALPH NADER,0,OTHER,OTHER,55,
CHOCTAW,2004,DEMOCRAT,JOHN KERRY,2639,REPUBLICAN,GEORGE W. BUSH,3168,OTHER,OTHER,0,
CHOCTAW,2008,DEMOCRAT,BARACK OBAMA,1860,REPUBLICAN,JOHN MCCAIN,3730,OTHER,OTHER,0,
CHOCTAW,2012,DEMOCRAT,BARACK OBAMA,1494,REPUBLICAN,MITT ROMNEY,3572,OTHER,OTHER,0,
CHOCTAW,2016,DEMOCRAT,HILLARY CLINTON,1067,REPUBLICAN,DONALD TRUMP,4206,OTHER,OTHER,153,
CHOCTAW,2020,DEMOCRAT,JOSEPH R BIDEN JR,119,DEMOCRAT,JOSEPH R BIDEN JR,279,DEMOCRAT,JOSEPH R BIDEN JR,684,LIBERTARIAN,JO JORGENSEN,3,LIBERTARIAN,JO JORGENSEN,6,LIBERTARIAN,JO JORGENSEN,25,OTHER,OTHER,2,OTHER,OTHER,1,OTHER,OTHER,15,REPUBLICAN,DONALD J TRUMP,190,REPUBLICAN,DONALD J TRUMP,1152,REPUBLICAN,DONALD J TRUMP,3356,
CIMARRON,2000,DEMOCRAT,AL GORE,227,REPUBLICAN,GEORGE W. BUSH,1230,GREEN,RALPH NADER,0,OTHER,OTHER,27,
CIMARRON,2004,DEMOCRAT,JOHN KERRY,184,REPUBLICAN,GEORGE W. BUSH,1242,OTHER,OTHER,0,
CIMARRON,2008,DEMOCRAT,BARACK OBAMA,152,REPUBLICAN,JOHN MCCAIN,1119,OTHER,OTHER,0,
CIMARRON,2012,DEMOCRAT,BARACK OBAMA,115,REPUBLICAN,MITT ROMNEY,1082,OTHER,OTHER,0,
CIMARRON,2016,DEMOCRAT,HILLARY CLINTON,71,REPUBLICAN,DONALD TRUMP,963,OTHER,OTHER,45,
CIMARRON,2020,DEMOCRAT,JOSEPH R BIDEN JR,11,DEMOCRAT,JOSEPH R BIDEN JR,13,DEMOCRAT,JOSEPH R BIDEN JR,46,LIBERTARIAN,JO JORGENSEN,3,LIBERTARIAN,JO JORGENSEN,4,LIBERTARIAN,JO JORGENSEN,3,OTHER,OTHER,2,OTHER,OTHER,0,OTHER,OTHER,2,REPUBLICAN,DONALD J TRUMP,63,REPUBLICAN,DONALD J TRUMP,311,REPUBLICAN,DONALD J TRUMP,596,
CLEVELAND,2000,DEMOCRAT,AL GORE,27792,REPUBLICAN,GEORGE W. BUSH,47393,GREEN,RALPH NADER,0,OTHER,OTHER,986,
CLEVELAND,2004,DEMOCRAT,JOHN KERRY,34007,REPUBLICAN,GEORGE W. BUSH,65720,OTHER,OTHER,0,
CLEVELAND,2008,DEMOCRAT,BARACK OBAMA,39681,REPUBLICAN,JOHN MCCAIN,64749,OTHER,OTHER,0,
CLEVELAND,2012,DEMOCRAT,BARACK OBAMA,34771,REPUBLICAN,MITT ROMNEY,59116,OTHER,OTHER,0,
CLEVELAND,2016,DEMOCRAT,HILLARY CLINTON,38829,REPUBLICAN,DONALD TRUMP,62538,OTHER,OTHER,8083,
CLEVELAND,2020,DEMOCRAT,JOSEPH R BIDEN JR,20080,DEMOCRAT,JOSEPH R BIDEN JR,6339,DEMOCRAT,JOSEPH R BIDEN JR,23408,LIBERTARIAN,JO JORGENSEN,557,LIBERTARIAN,JO JORGENSEN,150,LIBERTARIAN,JO JORGENSEN,1571,OTHER,OTHER,232,OTHER,OTHER,58,OTHER,OTHER,706,REPUBLICAN,DONALD J TRUMP,11820,REPUBLICAN,DONALD J TRUMP,7905,REPUBLICAN,DONALD J TRUMP,46952,
COAL,2000,DEMOCRAT,AL GORE,1148,REPUBLICAN,GEORGE W. BUSH,1196,GREEN,RALPH NADER,0,OTHER,OTHER,18,
COAL,2004,DEMOCRAT,JOHN KERRY,1203,REPUBLICAN,GEORGE W. BUSH,1396,OTHER,OTHER,0,
COAL,2008,DEMOCRAT,BARACK OBAMA,600,REPUBLICAN,JOHN MCCAIN,1672,OTHER,OTHER,0,
COAL,2012,DEMOCRAT,BARACK OBAMA,649,REPUBLICAN,MITT ROMNEY,1710,OTHER,OTHER,0,
COAL,2016,DEMOCRAT,HILLARY CLINTON,411,REPUBLICAN,DONALD TRUMP,1898,OTHER,OTHER,90,
COAL,2020,DEMOCRAT,JOSEPH R BIDEN JR,34,DEMOCRAT,JOSEPH R BIDEN JR,100,DEMOCRAT,JOSEPH R BIDEN JR,240,LIBERTARIAN,JO JORGENSEN,6,LIBERTARIAN,JO JORGENSEN,7,LIBERTARIAN,JO JORGENSEN,21,OTHER,OTHER,1,OTHER,OTHER,8,OTHER,OTHER,16,REPUBLICAN,DONALD J TRUMP,76,REPUBLICAN,DONALD J TRUMP,564,REPUBLICAN,DONALD J TRUMP,1451,
COMANCHE,2000,DEMOCRAT,AL GORE,11971,REPUBLICAN,GEORGE W. BUSH,17103,GREEN,RALPH NADER,0,OTHER,OTHER,259,
COMANCHE,2004,DEMOCRAT,JOHN KERRY,12022,REPUBLICAN,GEORGE W. BUSH,21170,OTHER,OTHER,0,
COMANCHE,2008,DEMOCRAT,BARACK OBAMA,14120,REPUBLICAN,JOHN MCCAIN,20127,OTHER,OTHER,0,
COMANCHE,2012,DEMOCRAT,BARACK OBAMA,12521,REPUBLICAN,MITT ROMNEY,17664,OTHER,OTHER,0,
COMANCHE,2016,DEMOCRAT,HILLARY CLINTON,11463,REPUBLICAN,DONALD TRUMP,19183,OTHER,OTHER,1918,
COMANCHE,2020,DEMOCRAT,JOSEPH R BIDEN JR,3967,DEMOCRAT,JOSEPH R BIDEN JR,1790,DEMOCRAT,JOSEPH R BIDEN JR,7990,LIBERTARIAN,JO JORGENSEN,129,LIBERTARIAN,JO JORGENSEN,44,LIBERTARIAN,JO JORGENSEN,526,OTHER,OTHER,46,OTHER,OTHER,13,OTHER,OTHER,221,REPUBLICAN,DONALD J TRUMP,2995,REPUBLICAN,DONALD J TRUMP,1521,REPUBLICAN,DONALD J TRUMP,16389,
COTTON,2000,DEMOCRAT,AL GORE,1068,REPUBLICAN,GEORGE W. BUSH,1388,GREEN,RALPH NADER,0,OTHER,OTHER,26,
COTTON,2004,DEMOCRAT,JOHN KERRY,898,REPUBLICAN,GEORGE W. BUSH,1742,OTHER,OTHER,0,
COTTON,2008,DEMOCRAT,BARACK OBAMA,690,REPUBLICAN,JOHN MCCAIN,1793,OTHER,OTHER,0,
COTTON,2012,DEMOCRAT,BARACK OBAMA,657,REPUBLICAN,MITT ROMNEY,1796,OTHER,OTHER,0,
COTTON,2016,DEMOCRAT,HILLARY CLINTON,424,REPUBLICAN,DONALD TRUMP,2054,OTHER,OTHER,124,
COTTON,2020,DEMOCRAT,JOSEPH R BIDEN JR,54,DEMOCRAT,JOSEPH R BIDEN JR,93,DEMOCRAT,JOSEPH R BIDEN JR,246,LIBERTARIAN,JO JORGENSEN,5,LIBERTARIAN,JO JORGENSEN,6,LIBERTARIAN,JO JORGENSEN,23,OTHER,OTHER,4,OTHER,OTHER,6,OTHER,OTHER,18,REPUBLICAN,DONALD J TRUMP,96,REPUBLICAN,DONALD J TRUMP,535,REPUBLICAN,DONALD J TRUMP,1486,
CRAIG,2000,DEMOCRAT,AL GORE,2568,REPUBLICAN,GEORGE W. BUSH,2815,GREEN,RALPH NADER,0,OTHER,OTHER,101,
CRAIG,2004,DEMOCRAT,JOHN KERRY,2504,REPUBLICAN,GEORGE W. BUSH,3894,OTHER,OTHER,0,
CRAIG,2008,DEMOCRAT,BARACK OBAMA,2073,REPUBLICAN,JOHN MCCAIN,3858,OTHER,OTHER,0,
CRAIG,2012,DEMOCRAT,BARACK OBAMA,1747,REPUBLICAN,MITT ROMNEY,3559,OTHER,OTHER,0,
CRAIG,2016,DEMOCRAT,HILLARY CLINTON,1252,REPUBLICAN,DONALD TRUMP,4283,OTHER,OTHER,250,
CRAIG,2020,DEMOCRAT,JOSEPH R BIDEN JR,180,DEMOCRAT,JOSEPH R BIDEN JR,263,DEMOCRAT,JOSEPH R BIDEN JR,774,LIBERTARIAN,JO JORGENSEN,5,LIBERTARIAN,JO JORGENSEN,7,LIBERTARIAN,JO JORGENSEN,76,OTHER,OTHER,3,OTHER,OTHER,3,OTHER,OTHER,35,REPUBLICAN,DONALD J TRUMP,234,REPUBLICAN,DONALD J TRUMP,676,REPUBLICAN,DONALD J TRUMP,3776,
CREEK,2000,DEMOCRAT,AL GORE,9753,REPUBLICAN,GEORGE W. BUSH,13580,GREEN,RALPH NADER,0,OTHER,OTHER,408,
CREEK,2004,DEMOCRAT,JOHN KERRY,9929,REPUBLICAN,GEORGE W. BUSH,18848,OTHER,OTHER,0,
CREEK,2008,DEMOCRAT,BARACK OBAMA,8318,REPUBLICAN,JOHN MCCAIN,20187,OTHER,OTHER,0,
CREEK,2012,DEMOCRAT,BARACK OBAMA,7128,REPUBLICAN,MITT ROMNEY,18986,OTHER,OTHER,0,
CREEK,2016,DEMOCRAT,HILLARY CLINTON,5841,REPUBLICAN,DONALD TRUMP,21575,OTHER,OTHER,1414,
CREEK,2020,DEMOCRAT,JOSEPH R BIDEN JR,1719,DEMOCRAT,JOSEPH R BIDEN JR,647,DEMOCRAT,JOSEPH R BIDEN JR,4211,LIBERTARIAN,JO JORGENSEN,46,LIBERTARIAN,JO JORGENSEN,19,LIBERTARIAN,JO JORGENSEN,373,OTHER,OTHER,22,OTHER,OTHER,8,OTHER,OTHER,166,REPUBLICAN,DONALD J TRUMP,1471,REPUBLICAN,DONALD J TRUMP,2136,REPUBLICAN,DONALD J TRUMP,19687,
CUSTER,2000,DEMOCRAT,AL GORE,3115,REPUBLICAN,GEORGE W. BUSH,6527,GREEN,RALPH NADER,0,OTHER,OTHER,101,
CUSTER,2004,DEMOCRAT,JOHN KERRY,2801,REPUBLICAN,GEORGE W. BUSH,7839,OTHER,OTHER,0,
CUSTER,2008,DEMOCRAT,BARACK OBAMA,2660,REPUBLICAN,JOHN MCCAIN,7842,OTHER,OTHER,0,
CUSTER,2012,DEMOCRAT,BARACK OBAMA,2359,REPUBLICAN,MITT ROMNEY,7446,OTHER,OTHER,0,
CUSTER,2016,DEMOCRAT,HILLARY CLINTON,2104,REPUBLICAN,DONALD TRUMP,7826,OTHER,OTHER,611,
CUSTER,2020,DEMOCRAT,JOSEPH R BIDEN JR,509,DEMOCRAT,JOSEPH R BIDEN JR,323,DEMOCRAT,JOSEPH R BIDEN JR,1537,LIBERTARIAN,JO JORGENSEN,21,LIBERTARIAN,JO JORGENSEN,12,LIBERTARIAN,JO JORGENSEN,164,OTHER,OTHER,5,OTHER,OTHER,5,OTHER,OTHER,55,REPUBLICAN,DONALD J TRUMP,676,REPUBLICAN,DONALD J TRUMP,994,REPUBLICAN,DONALD J TRUMP,6390,
DELAWARE,2000,DEMOCRAT,AL GORE,5514,REPUBLICAN,GEORGE W. BUSH,7618,GREEN,RALPH NADER,0,OTHER,OTHER,221,
DELAWARE,2004,DEMOCRAT,JOHN KERRY,5591,REPUBLICAN,GEORGE W. BUSH,10017,OTHER,OTHER,0,
DELAWARE,2008,DEMOCRAT,BARACK OBAMA,5085,REPUBLICAN,JOHN MCCAIN,10277,OTHER,OTHER,0,
DELAWARE,2012,DEMOCRAT,BARACK OBAMA,4196,REPUBLICAN,MITT ROMNEY,10080,OTHER,OTHER,0,
DELAWARE,2016,DEMOCRAT,HILLARY CLINTON,3311,REPUBLICAN,DONALD TRUMP,11826,OTHER,OTHER,579,
DELAWARE,2020,DEMOCRAT,JOSEPH R BIDEN JR,952,DEMOCRAT,JOSEPH R BIDEN JR,462,DEMOCRAT,JOSEPH R BIDEN JR,2058,LIBERTARIAN,JO JORGENSEN,28,LIBERTARIAN,JO JORGENSEN,8,LIBERTARIAN,JO JORGENSEN,100,OTHER,OTHER,16,OTHER,OTHER,5,OTHER,OTHER,59,REPUBLICAN,DONALD J TRUMP,1032,REPUBLICAN,DONALD J TRUMP,1733,REPUBLICAN,DONALD J TRUMP,10792,
DEWEY,2000,DEMOCRAT,AL GORE,599,REPUBLICAN,GEORGE W. BUSH,1607,GREEN,RALPH NADER,0,OTHER,OTHER,14,
DEWEY,2004,DEMOCRAT,JOHN KERRY,408,REPUBLICAN,GEORGE W. BUSH,1843,OTHER,OTHER,0,
DEWEY,2008,DEMOCRAT,BARACK OBAMA,346,REPUBLICAN,JOHN MCCAIN,1857,OTHER,OTHER,0,
DEWEY,2012,DEMOCRAT,BARACK OBAMA,301,REPUBLICAN,MITT ROMNEY,1792,OTHER,OTHER,0,
DEWEY,2016,DEMOCRAT,HILLARY CLINTON,222,REPUBLICAN,DONALD TRUMP,1965,OTHER,OTHER,61,
DEWEY,2020,DEMOCRAT,JOSEPH R BIDEN JR,25,DEMOCRAT,JOSEPH R BIDEN JR,14,DEMOCRAT,JOSEPH R BIDEN JR,175,LIBERTARIAN,JO JORGENSEN,2,LIBERTARIAN,JO JORGENSEN,1,LIBERTARIAN,JO JORGENSEN,9,OTHER,OTHER,1,OTHER,OTHER,0,OTHER,OTHER,8,REPUBLICAN,DONALD J TRUMP,118,REPUBLICAN,DONALD J TRUMP,211,REPUBLICAN,DONALD J TRUMP,1795,
ELLIS,2000,DEMOCRAT,AL GORE,468,REPUBLICAN,GEORGE W. BUSH,1513,GREEN,RALPH NADER,0,OTHER,OTHER,32,
ELLIS,2004,DEMOCRAT,JOHN KERRY,395,REPUBLICAN,GEORGE W. BUSH,1685,OTHER,OTHER,0,
ELLIS,2008,DEMOCRAT,BARACK OBAMA,282,REPUBLICAN,JOHN MCCAIN,1627,OTHER,OTHER,0,
ELLIS,2012,DEMOCRAT,BARACK OBAMA,226,REPUBLICAN,MITT ROMNEY,1575,OTHER,OTHER,0,
ELLIS,2016,DEMOCRAT,HILLARY CLINTON,155,REPUBLICAN,DONALD TRUMP,1611,OTHER,OTHER,61,
ELLIS,2020,DEMOCRAT,JOSEPH R BIDEN JR,28,DEMOCRAT,JOSEPH R BIDEN JR,22,DEMOCRAT,JOSEPH R BIDEN JR,112,LIBERTARIAN,JO JORGENSEN,1,LIBERTARIAN,JO JORGENSEN,4,LIBERTARIAN,JO JORGENSEN,13,OTHER,OTHER,0,OTHER,OTHER,2,OTHER,OTHER,3,REPUBLICAN,DONALD J TRUMP,98,REPUBLICAN,DONALD J TRUMP,234,REPUBLICAN,DONALD J TRUMP,1356,
GARFIELD,2000,DEMOCRAT,AL GORE,6543,REPUBLICAN,GEORGE W. BUSH,14902,GREEN,RALPH NADER,0,OTHER,OTHER,238,
GARFIELD,2004,DEMOCRAT,JOHN KERRY,5586,REPUBLICAN,GEORGE W. BUSH,17685,OTHER,OTHER,0,
GARFIELD,2008,DEMOCRAT,BARACK OBAMA,5545,REPUBLICAN,JOHN MCCAIN,17067,OTHER,OTHER,0,
GARFIELD,2012,DEMOCRAT,BARACK OBAMA,4733,REPUBLICAN,MITT ROMNEY,15177,OTHER,OTHER,0,
GARFIELD,2016,DEMOCRAT,HILLARY CLINTON,4397,REPUBLICAN,DONALD TRUMP,16009,OTHER,OTHER,1304,
GARFIELD,2020,DEMOCRAT,JOSEPH R BIDEN JR,1247,DEMOCRAT,JOSEPH R BIDEN JR,719,DEMOCRAT,JOSEPH R BIDEN JR,2953,LIBERTARIAN,JO JORGENSEN,50,LIBERTARIAN,JO JORGENSEN,24,LIBERTARIAN,JO JORGENSEN,297,OTHER,OTHER,21,OTHER,OTHER,12,OTHER,OTHER,137,REPUBLICAN,DONALD J TRUMP,1350,REPUBLICAN,DONALD J TRUMP,1919,REPUBLICAN,DONALD J TRUMP,13701,
GARVIN,2000,DEMOCRAT,AL GORE,4189,REPUBLICAN,GEORGE W. BUSH,5536,GREEN,RALPH NADER,0,OTHER,OTHER,118,
GARVIN,2004,DEMOCRAT,JOHN KERRY,3707,REPUBLICAN,GEORGE W. BUSH,7610,OTHER,OTHER,0,
GARVIN,2008,DEMOCRAT,BARACK OBAMA,3028,REPUBLICAN,JOHN MCCAIN,7710,OTHER,OTHER,0,
GARVIN,2012,DEMOCRAT,BARACK OBAMA,2559,REPUBLICAN,MITT ROMNEY,6925,OTHER,OTHER,0,
GARVIN,2016,DEMOCRAT,HILLARY CLINTON,1855,REPUBLICAN,DONALD TRUMP,8253,OTHER,OTHER,438,
GARVIN,2020,DEMOCRAT,JOSEPH R BIDEN JR,308,DEMOCRAT,JOSEPH R BIDEN JR,295,DEMOCRAT,JOSEPH R BIDEN JR,1262,LIBERTARIAN,JO JORGENSEN,8,LIBERTARIAN,JO JORGENSEN,8,LIBERTARIAN,JO JORGENSEN,99,OTHER,OTHER,6,OTHER,OTHER,8,OTHER,OTHER,50,REPUBLICAN,DONALD J TRUMP,456,REPUBLICAN,DONALD J TRUMP,1204,REPUBLICAN,DONALD J TRUMP,7218,
GRADY,2000,DEMOCRAT,AL GORE,6037,REPUBLICAN,GEORGE W. BUSH,10040,GREEN,RALPH NADER,0,OTHER,OTHER,199,
GRADY,2004,DEMOCRAT,JOHN KERRY,5970,REPUBLICAN,GEORGE W. BUSH,14136,OTHER,OTHER,0,
GRADY,2008,DEMOCRAT,BARACK OBAMA,5520,REPUBLICAN,JOHN MCCAIN,15195,OTHER,OTHER,0,
GRADY,2012,DEMOCRAT,BARACK OBAMA,4786,REPUBLICAN,MITT ROMNEY,14833,OTHER,OTHER,0,
GRADY,2016,DEMOCRAT,HILLARY CLINTON,3882,REPUBLICAN,DONALD TRUMP,17316,OTHER,OTHER,1088,
GRADY,2020,DEMOCRAT,JOSEPH R BIDEN JR,1140,DEMOCRAT,JOSEPH R BIDEN JR,525,DEMOCRAT,JOSEPH R BIDEN JR,2479,LIBERTARIAN,JO JORGENSEN,50,LIBERTARIAN,JO JORGENSEN,19,LIBERTARIAN,JO JORGENSEN,218,OTHER,OTHER,19,OTHER,OTHER,5,OTHER,OTHER,108,REPUBLICAN,DONALD J TRUMP,1633,REPUBLICAN,DONALD J TRUMP,2119,REPUBLICAN,DONALD J TRUMP,14786,
GRANT,2000,DEMOCRAT,AL GORE,709,REPUBLICAN,GEORGE W. BUSH,1762,GREEN,RALPH NADER,0,OTHER,OTHER,32,
GRANT,2004,DEMOCRAT,JOHN KERRY,571,REPUBLICAN,GEORGE W. BUSH,1950,OTHER,OTHER,0,
GRANT,2008,DEMOCRAT,BARACK OBAMA,514,REPUBLICAN,JOHN MCCAIN,1836,OTHER,OTHER,0,
GRANT,2012,DEMOCRAT,BARACK OBAMA,393,REPUBLICAN,MITT ROMNEY,1675,OTHER,OTHER,0,
GRANT,2016,DEMOCRAT,HILLARY CLINTON,288,REPUBLICAN,DONALD TRUMP,1827,OTHER,OTHER,86,
GRANT,2020,DEMOCRAT,JOSEPH R BIDEN JR,37,DEMOCRAT,JOSEPH R BIDEN JR,63,DEMOCRAT,JOSEPH R BIDEN JR,180,LIBERTARIAN,JO JORGENSEN,5,LIBERTARIAN,JO JORGENSEN,3,LIBERTARIAN,JO JORGENSEN,16,OTHER,OTHER,0,OTHER,OTHER,1,OTHER,OTHER,5,REPUBLICAN,DONALD J TRUMP,96,REPUBLICAN,DONALD J TRUMP,234,REPUBLICAN,DONALD J TRUMP,1586,
GREER,2000,DEMOCRAT,AL GORE,839,REPUBLICAN,GEORGE W. BUSH,1287,GREEN,RALPH NADER,0,OTHER,OTHER,26,
GREER,2004,DEMOCRAT,JOHN KERRY,719,REPUBLICAN,GEORGE W. BUSH,1529,OTHER,OTHER,0,
GREER,2008,DEMOCRAT,BARACK OBAMA,566,REPUBLICAN,JOHN MCCAIN,1548,OTHER,OTHER,0,
GREER,2012,DEMOCRAT,BARACK OBAMA,488,REPUBLICAN,MITT ROMNEY,1344,OTHER,OTHER,0,
GREER,2016,DEMOCRAT,HILLARY CLINTON,323,REPUBLICAN,DONALD TRUMP,1482,OTHER,OTHER,91,
GREER,2020,DEMOCRAT,JOSEPH R BIDEN JR,31,DEMOCRAT,JOSEPH R BIDEN JR,90,DEMOCRAT,JOSEPH R BIDEN JR,207,LIBERTARIAN,JO JORGENSEN,2,LIBERTARIAN,JO JORGENSEN,3,LIBERTARIAN,JO JORGENSEN,19,OTHER,OTHER,0,OTHER,OTHER,3,OTHER,OTHER,13,REPUBLICAN,DONALD J TRUMP,72,REPUBLICAN,DONALD J TRUMP,304,REPUBLICAN,DONALD J TRUMP,1229,
HARMON,2000,DEMOCRAT,AL GORE,507,REPUBLICAN,GEORGE W. BUSH,692,GREEN,RALPH NADER,0,OTHER,OTHER,6,
HARMON,2004,DEMOCRAT,JOHN KERRY,354,REPUBLICAN,GEORGE W. BUSH,838,OTHER,OTHER,0,
HARMON,2008,DEMOCRAT,BARACK OBAMA,333,REPUBLICAN,JOHN MCCAIN,757,OTHER,OTHER,0,
HARMON,2012,DEMOCRAT,BARACK OBAMA,264,REPUBLICAN,MITT ROMNEY,659,OTHER,OTHER,0,
HARMON,2016,DEMOCRAT,HILLARY CLINTON,225,REPUBLICAN,DONALD TRUMP,715,OTHER,OTHER,37,
HARMON,2020,DEMOCRAT,JOSEPH R BIDEN JR,13,DEMOCRAT,JOSEPH R BIDEN JR,49,DEMOCRAT,JOSEPH R BIDEN JR,115,LIBERTARIAN,JO JORGENSEN,1,LIBERTARIAN,JO JORGENSEN,2,LIBERTARIAN,JO JORGENSEN,3,OTHER,OTHER,0,OTHER,OTHER,0,OTHER,OTHER,3,REPUBLICAN,DONALD J TRUMP,27,REPUBLICAN,DONALD J TRUMP,190,REPUBLICAN,DONALD J TRUMP,530,
HARPER,2000,DEMOCRAT,AL GORE,374,REPUBLICAN,GEORGE W. BUSH,1296,GREEN,RALPH NADER,0,OTHER,OTHER,13,
HARPER,2004,DEMOCRAT,JOHN KERRY,268,REPUBLICAN,GEORGE W. BUSH,1397,OTHER,OTHER,0,
HARPER,2008,DEMOCRAT,BARACK OBAMA,221,REPUBLICAN,JOHN MCCAIN,1342,OTHER,OTHER,0,
HARPER,2012,DEMOCRAT,BARACK OBAMA,173,REPUBLICAN,MITT ROMNEY,1261,OTHER,OTHER,0,
HARPER,2016,DEMOCRAT,HILLARY CLINTON,134,REPUBLICAN,DONALD TRUMP,1318,OTHER,OTHER,47,
HARPER,2020,DEMOCRAT,JOSEPH R BIDEN JR,20,DEMOCRAT,JOSEPH R BIDEN JR,25,DEMOCRAT,JOSEPH R BIDEN JR,91,LIBERTARIAN,JO JORGENSEN,1,LIBERTARIAN,JO JORGENSEN,3,LIBERTARIAN,JO JORGENSEN,14,OTHER,OTHER,1,OTHER,OTHER,2,OTHER,OTHER,3,REPUBLICAN,DONALD J TRUMP,60,REPUBLICAN,DONALD J TRUMP,193,REPUBLICAN,DONALD J TRUMP,1074,
HASKELL,2000,DEMOCRAT,AL GORE,2510,REPUBLICAN,GEORGE W. BUSH,2039,GREEN,RALPH NADER,0,OTHER,OTHER,79,
HASKELL,2004,DEMOCRAT,JOHN KERRY,2378,REPUBLICAN,GEORGE W. BUSH,2946,OTHER,OTHER,0,
HASKELL,2008,DEMOCRAT,BARACK OBAMA,1474,REPUBLICAN,JOHN MCCAIN,3207,OTHER,OTHER,0,
HASKELL,2012,DEMOCRAT,BARACK OBAMA,1175,REPUBLICAN,MITT ROMNEY,3069,OTHER,OTHER,0,
HASKELL,2016,DEMOCRAT,HILLARY CLINTON,882,REPUBLICAN,DONALD TRUMP,3701,OTHER,OTHER,155,
HASKELL,2020,DEMOCRAT,JOSEPH R BIDEN JR,129,DEMOCRAT,JOSEPH R BIDEN JR,172,DEMOCRAT,JOSEPH R BIDEN JR,482,LIBERTARIAN,JO JORGENSEN,5,LIBERTARIAN,JO JORGENSEN,4,LIBERTARIAN,JO JORGENSEN,28,OTHER,OTHER,1,OTHER,OTHER,2,OTHER,OTHER,26,REPUBLICAN,DONALD J TRUMP,166,REPUBLICAN,DONALD J TRUMP,897,REPUBLICAN,DONALD J TRUMP,3102,
HUGHES,2000,DEMOCRAT,AL GORE,2334,REPUBLICAN,GEORGE W. BUSH,2196,GREEN,RALPH NADER,0,OTHER,OTHER,55,
HUGHES,2004,DEMOCRAT,JOHN KERRY,2283,REPUBLICAN,GEORGE W. BUSH,3066,OTHER,OTHER,0,
HUGHES,2008,DEMOCRAT,BARACK OBAMA,1709,REPUBLICAN,JOHN MCCAIN,3134,OTHER,OTHER,0,
HUGHES,2012,DEMOCRAT,BARACK OBAMA,1370,REPUBLICAN,MITT ROMNEY,2838,OTHER,OTHER,0,
HUGHES,2016,DEMOCRAT,HILLARY CLINTON,961,REPUBLICAN,DONALD TRUMP,3388,OTHER,OTHER,177,
HUGHES,2020,DEMOCRAT,JOSEPH R BIDEN JR,99,DEMOCRAT,JOSEPH R BIDEN JR,158,DEMOCRAT,JOSEPH R BIDEN JR,662,LIBERTARIAN,JO JORGENSEN,3,LIBERTARIAN,JO JORGENSEN,5,LIBERTARIAN,JO JORGENSEN,33,OTHER,OTHER,0,OTHER,OTHER,5,OTHER,OTHER,17,REPUBLICAN,DONALD J TRUMP,170,REPUBLICAN,DONALD J TRUMP,511,REPUBLICAN,DONALD J TRUMP,3194,
JACKSON,2000,DEMOCRAT,AL GORE,2515,REPUBLICAN,GEORGE W. BUSH,5591,GREEN,RALPH NADER,0,OTHER,OTHER,53,
JACKSON,2004,DEMOCRAT,JOHN KERRY,2232,REPUBLICAN,GEORGE W. BUSH,7024,OTHER,OTHER,0,
JACKSON,2008,DEMOCRAT,BARACK OBAMA,2264,REPUBLICAN,JOHN MCCAIN,6719,OTHER,OTHER,0,
JACKSON,2012,DEMOCRAT,BARACK OBAMA,1954,REPUBLICAN,MITT ROMNEY,5965,OTHER,OTHER,0,
JACKSON,2016,DEMOCRAT,HILLARY CLINTON,1473,REPUBLICAN,DONALD TRUMP,5969,OTHER,OTHER,364,
JACKSON,2020,DEMOCRAT,JOSEPH R BIDEN JR,292,DEMOCRAT,JOSEPH R BIDEN JR,343,DEMOCRAT,JOSEPH R BIDEN JR,1011,LIBERTARIAN,JO JORGENSEN,14,LIBERTARIAN,JO JORGENSEN,11,LIBERTARIAN,JO JORGENSEN,112,OTHER,OTHER,7,OTHER,OTHER,4,OTHER,OTHER,35,REPUBLICAN,DONALD J TRUMP,427,REPUBLICAN,DONALD J TRUMP,1071,REPUBLICAN,DONALD J TRUMP,4894,
JEFFERSON,2000,DEMOCRAT,AL GORE,1245,REPUBLICAN,GEORGE W. BUSH,1320,GREEN,RALPH NADER,0,OTHER,OTHER,28,
JEFFERSON,2004,DEMOCRAT,JOHN KERRY,1057,REPUBLICAN,GEORGE W. BUSH,1546,OTHER,OTHER,0,
JEFFERSON,2008,DEMOCRAT,BARACK OBAMA,805,REPUBLICAN,JOHN MCCAIN,1652,OTHER,OTHER,0,
JEFFERSON,2012,DEMOCRAT,BARACK OBAMA,605,REPUBLICAN,MITT ROMNEY,1634,OTHER,OTHER,0,
JEFFERSON,2016,DEMOCRAT,HILLARY CLINTON,365,REPUBLICAN,DONALD TRUMP,1910,OTHER,OTHER,75,
JEFFERSON,2020,DEMOCRAT,JOSEPH R BIDEN JR,31,DEMOCRAT,JOSEPH R BIDEN JR,50,DEMOCRAT,JOSEPH R BIDEN JR,238,LIBERTARIAN,JO JORGENSEN,2,LIBERTARIAN,JO JORGENSEN,0,LIBERTARIAN,JO JORGENSEN,24,OTHER,OTHER,0,OTHER,OTHER,1,OTHER,OTHER,13,REPUBLICAN,DONALD J TRUMP,63,REPUBLICAN,DONALD J TRUMP,382,REPUBLICAN,DONALD J TRUMP,1581,
JOHNSTON,2000,DEMOCRAT,AL GORE,1809,REPUBLICAN,GEORGE W. BUSH,2072,GREEN,RALPH NADER,0,OTHER,OTHER,49,
JOHNSTON,2004,DEMOCRAT,JOHN KERRY,1713,REPUBLICAN,GEORGE W. BUSH,2635,OTHER,OTHER,0,
JOHNSTON,2008,DEMOCRAT,BARACK OBAMA,1249,REPUBLICAN,JOHN MCCAIN,2708,OTHER,OTHER,0,
JOHNSTON,2012,DEMOCRAT,BARACK OBAMA,1137,REPUBLICAN,MITT ROMNEY,2649,OTHER,OTHER,0,
JOHNSTON,2016,DEMOCRAT,HILLARY CLINTON,786,REPUBLICAN,DONALD TRUMP,3093,OTHER,OTHER,139,
JOHNSTON,2020,DEMOCRAT,JOSEPH R BIDEN JR,82,DEMOCRAT,JOSEPH R BIDEN JR,167,DEMOCRAT,JOSEPH R BIDEN JR,489,LIBERTARIAN,JO JORGENSEN,3,LIBERTARIAN,JO JORGENSEN,7,LIBERTARIAN,JO JORGENSEN,27,OTHER,OTHER,2,OTHER,OTHER,5,OTHER,OTHER,28,REPUBLICAN,DONALD J TRUMP,104,REPUBLICAN,DONALD J TRUMP,632,REPUBLICAN,DONALD J TRUMP,2705,
KAY,2000,DEMOCRAT,AL GORE,6122,REPUBLICAN,GEORGE W. BUSH,11768,GREEN,RALPH NADER,0,OTHER,OTHER,272,
KAY,2004,DEMOCRAT,JOHN KERRY,5957,REPUBLICAN,GEORGE W. BUSH,14121,OTHER,OTHER,0,
KAY,2008,DEMOCRAT,BARACK OBAMA,5463,REPUBLICAN,JOHN MCCAIN,13230,OTHER,OTHER,0,
KAY,2012,DEMOCRAT,BARACK OBAMA,4627,REPUBLICAN,MITT ROMNEY,11499,OTHER,OTHER,0,
KAY,2016,DEMOCRAT,HILLARY CLINTON,3738,REPUBLICAN,DONALD TRUMP,12172,OTHER,OTHER,893,
KAY,2020,DEMOCRAT,JOSEPH R BIDEN JR,824,DEMOCRAT,JOSEPH R BIDEN JR,533,DEMOCRAT,JOSEPH R BIDEN JR,2683,LIBERTARIAN,JO JORGENSEN,24,LIBERTARIAN,JO JORGENSEN,13,LIBERTARIAN,JO JORGENSEN,228,OTHER,OTHER,4,OTHER,OTHER,9,OTHER,OTHER,97,REPUBLICAN,DONALD J TRUMP,836,REPUBLICAN,DONALD J TRUMP,1515,REPUBLICAN,DONALD J TRUMP,10483,
KINGFISHER,2000,DEMOCRAT,AL GORE,1304,REPUBLICAN,GEORGE W. BUSH,4693,GREEN,RALPH NADER,0,OTHER,OTHER,59,
KINGFISHER,2004,DEMOCRAT,JOHN KERRY,1022,REPUBLICAN,GEORGE W. BUSH,5630,OTHER,OTHER,0,
KINGFISHER,2008,DEMOCRAT,BARACK OBAMA,1009,REPUBLICAN,JOHN MCCAIN,5372,OTHER,OTHER,0,
KINGFISHER,2012,DEMOCRAT,BARACK OBAMA,898,REPUBLICAN,MITT ROMNEY,4870,OTHER,OTHER,0,
KINGFISHER,2016,DEMOCRAT,HILLARY CLINTON,786,REPUBLICAN,DONALD TRUMP,5156,OTHER,OTHER,189,
KINGFISHER,2020,DEMOCRAT,JOSEPH R BIDEN JR,151,DEMOCRAT,JOSEPH R BIDEN JR,161,DEMOCRAT,JOSEPH R BIDEN JR,542,LIBERTARIAN,JO JORGENSEN,9,LIBERTARIAN,JO JORGENSEN,9,LIBERTARIAN,JO JORGENSEN,46,OTHER,OTHER,3,OTHER,OTHER,3,OTHER,OTHER,20,REPUBLICAN,DONALD J TRUMP,313,REPUBLICAN,DONALD J TRUMP,995,REPUBLICAN,DONALD J TRUMP,4213,
KIOWA,2000,DEMOCRAT,AL GORE,1544,REPUBLICAN,GEORGE W. BUSH,2173,GREEN,RALPH NADER,0,OTHER,OTHER,33,
KIOWA,2004,DEMOCRAT,JOHN KERRY,1413,REPUBLICAN,GEORGE W. BUSH,2610,OTHER,OTHER,0,
KIOWA,2008,DEMOCRAT,BARACK OBAMA,1226,REPUBLICAN,JOHN MCCAIN,2537,OTHER,OTHER,0,
KIOWA,2012,DEMOCRAT,BARACK OBAMA,1106,REPUBLICAN,MITT ROMNEY,2316,OTHER,OTHER,0,
KIOWA,2016,DEMOCRAT,HILLARY CLINTON,767,REPUBLICAN,DONALD TRUMP,2596,OTHER,OTHER,130,
KIOWA,2020,DEMOCRAT,JOSEPH R BIDEN JR,97,DEMOCRAT,JOSEPH R BIDEN JR,150,DEMOCRAT,JOSEPH R BIDEN JR,452,LIBERTARIAN,JO JORGENSEN,0,LIBERTARIAN,JO JORGENSEN,2,LIBERTARIAN,JO JORGENSEN,31,OTHER,OTHER,1,OTHER,OTHER,0,OTHER,OTHER,21,REPUBLICAN,DONALD J TRUMP,132,REPUBLICAN,DONALD J TRUMP,465,REPUBLICAN,DONALD J TRUMP,2076,
LATIMER,2000,DEMOCRAT,AL GORE,1865,REPUBLICAN,GEORGE W. BUSH,1739,GREEN,RALPH NADER,0,OTHER,OTHER,65,
LATIMER,2004,DEMOCRAT,JOHN KERRY,1945,REPUBLICAN,GEORGE W. BUSH,2535,OTHER,OTHER,0,
LATIMER,2008,DEMOCRAT,BARACK OBAMA,1313,REPUBLICAN,JOHN MCCAIN,2860,OTHER,OTHER,0,
LATIMER,2012,DEMOCRAT,BARACK OBAMA,1170,REPUBLICAN,MITT ROMNEY,2628,OTHER,OTHER,0,
LATIMER,2016,DEMOCRAT,HILLARY CLINTON,797,REPUBLICAN,DONALD TRUMP,3100,OTHER,OTHER,159,
LATIMER,2020,DEMOCRAT,JOSEPH R BIDEN JR,128,DEMOCRAT,JOSEPH R BIDEN JR,167,DEMOCRAT,JOSEPH R BIDEN JR,467,LIBERTARIAN,JO JORGENSEN,1,LIBERTARIAN,JO JORGENSEN,4,LIBERTARIAN,JO JORGENSEN,30,OTHER,OTHER,0,OTHER,OTHER,4,OTHER,OTHER,11,REPUBLICAN,DONALD J TRUMP,148,REPUBLICAN,DONALD J TRUMP,488,REPUBLICAN,DONALD J TRUMP,2801,
LE FLORE,2000,DEMOCRAT,AL GORE,6536,REPUBLICAN,GEORGE W. BUSH,8215,GREEN,RALPH NADER,0,OTHER,OTHER,234,
LE FLORE,2004,DEMOCRAT,JOHN KERRY,6741,REPUBLICAN,GEORGE W. BUSH,10683,OTHER,OTHER,0,
LE FLORE,2008,DEMOCRAT,BARACK OBAMA,5136,REPUBLICAN,JOHN MCCAIN,11605,OTHER,OTHER,0,
LE FLORE,2012,DEMOCRAT,BARACK OBAMA,4662,REPUBLICAN,MITT ROMNEY,11177,OTHER,OTHER,0,
LE FLORE,2016,DEMOCRAT,HILLARY CLINTON,3250,REPUBLICAN,DONALD TRUMP,13362,OTHER,OTHER,609,
LE FLORE,2020,DEMOCRAT,JOSEPH R BIDEN JR,552,DEMOCRAT,JOSEPH R BIDEN JR,545,DEMOCRAT,JOSEPH R BIDEN JR,2202,LIBERTARIAN,JO JORGENSEN,19,LIBERTARIAN,JO JORGENSEN,26,LIBERTARIAN,JO JORGENSEN,169,OTHER,OTHER,5,OTHER,OTHER,6,OTHER,OTHER,68,REPUBLICAN,DONALD J TRUMP,674,REPUBLICAN,DONALD J TRUMP,2150,REPUBLICAN,DONALD J TRUMP,12389,
LINCOLN,2000,DEMOCRAT,AL GORE,4140,REPUBLICAN,GEORGE W. BUSH,7387,GREEN,RALPH NADER,0,OTHER,OTHER,174,
LINCOLN,2004,DEMOCRAT,JOHN KERRY,4041,REPUBLICAN,GEORGE W. BUSH,10149,OTHER,OTHER,0,
LINCOLN,2008,DEMOCRAT,BARACK OBAMA,3504,REPUBLICAN,JOHN MCCAIN,10470,OTHER,OTHER,0,
LINCOLN,2012,DEMOCRAT,BARACK OBAMA,3273,REPUBLICAN,MITT ROMNEY,9553,OTHER,OTHER,0,
LINCOLN,2016,DEMOCRAT,HILLARY CLINTON,2430,REPUBLICAN,DONALD TRUMP,10854,OTHER,OTHER,741,
LINCOLN,2020,DEMOCRAT,JOSEPH R BIDEN JR,516,DEMOCRAT,JOSEPH R BIDEN JR,386,DEMOCRAT,JOSEPH R BIDEN JR,1707,LIBERTARIAN,JO JORGENSEN,23,LIBERTARIAN,JO JORGENSEN,14,LIBERTARIAN,JO JORGENSEN,150,OTHER,OTHER,9,OTHER,OTHER,8,OTHER,OTHER,62,REPUBLICAN,DONALD J TRUMP,646,REPUBLICAN,DONALD J TRUMP,1417,REPUBLICAN,DONALD J TRUMP,9950,
LOGAN,2000,DEMOCRAT,AL GORE,4510,REPUBLICAN,GEORGE W. BUSH,8187,GREEN,RALPH NADER,0,OTHER,OTHER,173,
LOGAN,2004,DEMOCRAT,JOHN KERRY,4869,REPUBLICAN,GEORGE W. BUSH,11474,OTHER,OTHER,0,
LOGAN,2008,DEMOCRAT,BARACK OBAMA,5717,REPUBLICAN,JOHN MCCAIN,12556,OTHER,OTHER,0,
LOGAN,2012,DEMOCRAT,BARACK OBAMA,4724,REPUBLICAN,MITT ROMNEY,12314,OTHER,OTHER,0,
LOGAN,2016,DEMOCRAT,HILLARY CLINTON,4248,REPUBLICAN,DONALD TRUMP,13633,OTHER,OTHER,1098,
LOGAN,2020,DEMOCRAT,JOSEPH R BIDEN JR,1792,DEMOCRAT,JOSEPH R BIDEN JR,792,DEMOCRAT,JOSEPH R BIDEN JR,2871,LIBERTARIAN,JO JORGENSEN,68,LIBERTARIAN,JO JORGENSEN,27,LIBERTARIAN,JO JORGENSEN,278,OTHER,OTHER,20,OTHER,OTHER,10,OTHER,OTHER,108,REPUBLICAN,DONALD J TRUMP,1758,REPUBLICAN,DONALD J TRUMP,2246,REPUBLICAN,DONALD J TRUMP,11604,
LOVE,2000,DEMOCRAT,AL GORE,1530,REPUBLICAN,GEORGE W. BUSH,1807,GREEN,RALPH NADER,0,OTHER,OTHER,35,
LOVE,2004,DEMOCRAT,JOHN KERRY,1538,REPUBLICAN,GEORGE W. BUSH,2295,OTHER,OTHER,0,
LOVE,2008,DEMOCRAT,BARACK OBAMA,1257,REPUBLICAN,JOHN MCCAIN,2589,OTHER,OTHER,0,
LOVE,2012,DEMOCRAT,BARACK OBAMA,1034,REPUBLICAN,MITT ROMNEY,2436,OTHER,OTHER,0,
LOVE,2016,DEMOCRAT,HILLARY CLINTON,735,REPUBLICAN,DONALD TRUMP,2922,OTHER,OTHER,132,
LOVE,2020,DEMOCRAT,JOSEPH R BIDEN JR,68,DEMOCRAT,JOSEPH R BIDEN JR,185,DEMOCRAT,JOSEPH R BIDEN JR,458,LIBERTARIAN,JO JORGENSEN,1,LIBERTARIAN,JO JORGENSEN,5,LIBERTARIAN,JO JORGENSEN,30,OTHER,OTHER,0,OTHER,OTHER,4,OTHER,OTHER,20,REPUBLICAN,DONALD J TRUMP,120,REPUBLICAN,DONALD J TRUMP,698,REPUBLICAN,DONALD J TRUMP,2487,
MCCLAIN,2000,DEMOCRAT,AL GORE,3679,REPUBLICAN,GEORGE W. BUSH,6750,GREEN,RALPH NADER,0,OTHER,OTHER,110,
MCCLAIN,2004,DEMOCRAT,JOHN KERRY,3742,REPUBLICAN,GEORGE W. BUSH,10041,OTHER,OTHER,0,
MCCLAIN,2008,DEMOCRAT,BARACK OBAMA,3551,REPUBLICAN,JOHN MCCAIN,11193,OTHER,OTHER,0,
MCCLAIN,2012,DEMOCRAT,BARACK OBAMA,3194,REPUBLICAN,MITT ROMNEY,11112,OTHER,OTHER,0,
MCCLAIN,2016,DEMOCRAT,HILLARY CLINTON,2894,REPUBLICAN,DONALD TRUMP,13169,OTHER,OTHER,795,
MCCLAIN,2020,DEMOCRAT,JOSEPH R BIDEN JR,945,DEMOCRAT,JOSEPH R BIDEN JR,417,DEMOCRAT,JOSEPH R BIDEN JR,2220,LIBERTARIAN,JO JORGENSEN,32,LIBERTARIAN,JO JORGENSEN,15,LIBERTARIAN,JO JORGENSEN,189,OTHER,OTHER,13,OTHER,OTHER,3,OTHER,OTHER,107,REPUBLICAN,DONALD J TRUMP,1248,REPUBLICAN,DONALD J TRUMP,1406,REPUBLICAN,DONALD J TRUMP,12641,
MCCURTAIN,2000,DEMOCRAT,AL GORE,3752,REPUBLICAN,GEORGE W. BUSH,6601,GREEN,RALPH NADER,0,OTHER,OTHER,129,
MCCURTAIN,2004,DEMOCRAT,JOHN KERRY,3684,REPUBLICAN,GEORGE W. BUSH,7472,OTHER,OTHER,0,
MCCURTAIN,2008,DEMOCRAT,BARACK OBAMA,2794,REPUBLICAN,JOHN MCCAIN,7745,OTHER,OTHER,0,
MCCURTAIN,2012,DEMOCRAT,BARACK OBAMA,2440,REPUBLICAN,MITT ROMNEY,7635,OTHER,OTHER,0,
MCCURTAIN,2016,DEMOCRAT,HILLARY CLINTON,1802,REPUBLICAN,DONALD TRUMP,8656,OTHER,OTHER,268,
MCCURTAIN,2020,DEMOCRAT,JOSEPH R BIDEN JR,257,DEMOCRAT,JOSEPH R BIDEN JR,326,DEMOCRAT,JOSEPH R BIDEN JR,1275,LIBERTARIAN,JO JORGENSEN,5,LIBERTARIAN,JO JORGENSEN,11,LIBERTARIAN,JO JORGENSEN,48,OTHER,OTHER,2,OTHER,OTHER,2,OTHER,OTHER,56,REPUBLICAN,DONALD J TRUMP,481,REPUBLICAN,DONALD J TRUMP,1035,REPUBLICAN,DONALD J TRUMP,7969,
MCINTOSH,2000,DEMOCRAT,AL GORE,4206,REPUBLICAN,GEORGE W. BUSH,3444,GREEN,RALPH NADER,0,OTHER,OTHER,131,
MCINTOSH,2004,DEMOCRAT,JOHN KERRY,4488,REPUBLICAN,GEORGE W. BUSH,4692,OTHER,OTHER,0,
MCINTOSH,2008,DEMOCRAT,BARACK OBAMA,3320,REPUBLICAN,JOHN MCCAIN,4903,OTHER,OTHER,0,
MCINTOSH,2012,DEMOCRAT,BARACK OBAMA,2779,REPUBLICAN,MITT ROMNEY,4509,OTHER,OTHER,0,
MCINTOSH,2016,DEMOCRAT,HILLARY CLINTON,2123,REPUBLICAN,DONALD TRUMP,5505,OTHER,OTHER,335,
MCINTOSH,2020,DEMOCRAT,JOSEPH R BIDEN JR,348,DEMOCRAT,JOSEPH R BIDEN JR,316,DEMOCRAT,JOSEPH R BIDEN JR,1367,LIBERTARIAN,JO JORGENSEN,8,LIBERTARIAN,JO JORGENSEN,2,LIBERTARIAN,JO JORGENSEN,68,OTHER,OTHER,4,OTHER,OTHER,6,OTHER,OTHER,44,REPUBLICAN,DONALD J TRUMP,371,REPUBLICAN,DONALD J TRUMP,863,REPUBLICAN,DONALD J TRUMP,4938,
MAJOR,2000,DEMOCRAT,AL GORE,635,REPUBLICAN,GEORGE W. BUSH,2672,GREEN,RALPH NADER,0,OTHER,OTHER,45,
MAJOR,2004,DEMOCRAT,JOHN KERRY,537,REPUBLICAN,GEORGE W. BUSH,3122,OTHER,OTHER,0,
MAJOR,2008,DEMOCRAT,BARACK OBAMA,515,REPUBLICAN,JOHN MCCAIN,2956,OTHER,OTHER,0,
MAJOR,2012,DEMOCRAT,BARACK OBAMA,446,REPUBLICAN,MITT ROMNEY,2700,OTHER,OTHER,0,
MAJOR,2016,DEMOCRAT,HILLARY CLINTON,310,REPUBLICAN,DONALD TRUMP,2948,OTHER,OTHER,149,
MAJOR,2020,DEMOCRAT,JOSEPH R BIDEN JR,69,DEMOCRAT,JOSEPH R BIDEN JR,84,DEMOCRAT,JOSEPH R BIDEN JR,167,LIBERTARIAN,JO JORGENSEN,1,LIBERTARIAN,JO JORGENSEN,7,LIBERTARIAN,JO JORGENSEN,31,OTHER,OTHER,0,OTHER,OTHER,5,OTHER,OTHER,19,REPUBLICAN,DONALD J TRUMP,155,REPUBLICAN,DONALD J TRUMP,621,REPUBLICAN,DONALD J TRUMP,2308,
MARSHALL,2000,DEMOCRAT,AL GORE,2210,REPUBLICAN,GEORGE W. BUSH,2641,GREEN,RALPH NADER,0,OTHER,OTHER,49,
MARSHALL,2004,DEMOCRAT,JOHN KERRY,2088,REPUBLICAN,GEORGE W. BUSH,3363,OTHER,OTHER,0,
MARSHALL,2008,DEMOCRAT,BARACK OBAMA,1643,REPUBLICAN,JOHN MCCAIN,3730,OTHER,OTHER,0,
MARSHALL,2012,DEMOCRAT,BARACK OBAMA,1396,REPUBLICAN,MITT ROMNEY,3744,OTHER,OTHER,0,
MARSHALL,2016,DEMOCRAT,HILLARY CLINTON,1096,REPUBLICAN,DONALD TRUMP,4206,OTHER,OTHER,190,
MARSHALL,2020,DEMOCRAT,JOSEPH R BIDEN JR,184,DEMOCRAT,JOSEPH R BIDEN JR,202,DEMOCRAT,JOSEPH R BIDEN JR,714,LIBERTARIAN,JO JORGENSEN,5,LIBERTARIAN,JO JORGENSEN,3,LIBERTARIAN,JO JORGENSEN,42,OTHER,OTHER,3,OTHER,OTHER,1,OTHER,OTHER,19,REPUBLICAN,DONALD J TRUMP,257,REPUBLICAN,DONALD J TRUMP,910,REPUBLICAN,DONALD J TRUMP,3724,
MAYES,2000,DEMOCRAT,AL GORE,6618,REPUBLICAN,GEORGE W. BUSH,7132,GREEN,RALPH NADER,0,OTHER,OTHER,251,
MAYES,2004,DEMOCRAT,JOHN KERRY,6933,REPUBLICAN,GEORGE W. BUSH,9946,OTHER,OTHER,0,
MAYES,2008,DEMOCRAT,BARACK OBAMA,5749,REPUBLICAN,JOHN MCCAIN,10234,OTHER,OTHER,0,
MAYES,2012,DEMOCRAT,BARACK OBAMA,4823,REPUBLICAN,MITT ROMNEY,9637,OTHER,OTHER,0,
MAYES,2016,DEMOCRAT,HILLARY CLINTON,3423,REPUBLICAN,DONALD TRUMP,11555,OTHER,OTHER,739,
MAYES,2020,DEMOCRAT,JOSEPH R BIDEN JR,605,DEMOCRAT,JOSEPH R BIDEN JR,510,DEMOCRAT,JOSEPH R BIDEN JR,2466,LIBERTARIAN,JO JORGENSEN,14,LIBERTARIAN,JO JORGENSEN,11,LIBERTARIAN,JO JORGENSEN,172,OTHER,OTHER,11,OTHER,OTHER,5,OTHER,OTHER,83,REPUBLICAN,DONALD J TRUMP,610,REPUBLICAN,DONALD J TRUMP,1240,REPUBLICAN,DONALD J TRUMP,10899,
MURRAY,2000,DEMOCRAT,AL GORE,2263,REPUBLICAN,GEORGE W. BUSH,2609,GREEN,RALPH NADER,0,OTHER,OTHER,50,
MURRAY,2004,DEMOCRAT,JOHN KERRY,2130,REPUBLICAN,GEORGE W. BUSH,3665,OTHER,OTHER,0,
MURRAY,2008,DEMOCRAT,BARACK OBAMA,1592,REPUBLICAN,JOHN MCCAIN,3746,OTHER,OTHER,0,
MURRAY,2012,DEMOCRAT,BARACK OBAMA,1540,REPUBLICAN,MITT ROMNEY,3606,OTHER,OTHER,0,
MURRAY,2016,DEMOCRAT,HILLARY CLINTON,1087,REPUBLICAN,DONALD TRUMP,4175,OTHER,OTHER,266,
MURRAY,2020,DEMOCRAT,JOSEPH R BIDEN JR,200,DEMOCRAT,JOSEPH R BIDEN JR,365,DEMOCRAT,JOSEPH R BIDEN JR,591,LIBERTARIAN,JO JORGENSEN,9,LIBERTARIAN,JO JORGENSEN,15,LIBERTARIAN,JO JORGENSEN,51,OTHER,OTHER,8,OTHER,OTHER,7,OTHER,OTHER,36,REPUBLICAN,DONALD J TRUMP,238,REPUBLICAN,DONALD J TRUMP,1426,REPUBLICAN,DONALD J TRUMP,2948,
MUSKOGEE,2000,DEMOCRAT,AL GORE,12520,REPUBLICAN,GEORGE W. BUSH,11820,GREEN,RALPH NADER,0,OTHER,OTHER,353,
MUSKOGEE,2004,DEMOCRAT,JOHN KERRY,12585,REPUBLICAN,GEORGE W. BUSH,15124,OTHER,OTHER,0,
MUSKOGEE,2008,DEMOCRAT,BARACK OBAMA,11294,REPUBLICAN,JOHN MCCAIN,15289,OTHER,OTHER,0,
MUSKOGEE,2012,DEMOCRAT,BARACK OBAMA,9952,REPUBLICAN,MITT ROMNEY,13404,OTHER,OTHER,0,
MUSKOGEE,2016,DEMOCRAT,HILLARY CLINTON,7977,REPUBLICAN,DONALD TRUMP,15043,OTHER,OTHER,1196,
MUSKOGEE,2020,DEMOCRAT,JOSEPH R BIDEN JR,1679,DEMOCRAT,JOSEPH R BIDEN JR,1663,DEMOCRAT,JOSEPH R BIDEN JR,4685,LIBERTARIAN,JO JORGENSEN,33,LIBERTARIAN,JO JORGENSEN,37,LIBERTARIAN,JO JORGENSEN,249,OTHER,OTHER,22,OTHER,OTHER,16,OTHER,OTHER,171,REPUBLICAN,DONALD J TRUMP,1245,REPUBLICAN,DONALD J TRUMP,2382,REPUBLICAN,DONALD J TRUMP,12899,
NOBLE,2000,DEMOCRAT,AL GORE,1416,REPUBLICAN,GEORGE W. BUSH,3230,GREEN,RALPH NADER,0,OTHER,OTHER,51,
NOBLE,2004,DEMOCRAT,JOHN KERRY,1335,REPUBLICAN,GEORGE W. BUSH,3993,OTHER,OTHER,0,
NOBLE,2008,DEMOCRAT,BARACK OBAMA,1174,REPUBLICAN,JOHN MCCAIN,3881,OTHER,OTHER,0,
NOBLE,2012,DEMOCRAT,BARACK OBAMA,1143,REPUBLICAN,MITT ROMNEY,3488,OTHER,OTHER,0,
NOBLE,2016,DEMOCRAT,HILLARY CLINTON,901,REPUBLICAN,DONALD TRUMP,3715,OTHER,OTHER,262,
NOBLE,2020,DEMOCRAT,JOSEPH R BIDEN JR,170,DEMOCRAT,JOSEPH R BIDEN JR,201,DEMOCRAT,JOSEPH R BIDEN JR,632,LIBERTARIAN,JO JORGENSEN,6,LIBERTARIAN,JO JORGENSEN,7,LIBERTARIAN,JO JORGENSEN,60,OTHER,OTHER,1,OTHER,OTHER,10,OTHER,OTHER,30,REPUBLICAN,DONALD J TRUMP,195,REPUBLICAN,DONALD J TRUMP,759,REPUBLICAN,DONALD J TRUMP,2867,
NOWATA,2000,DEMOCRAT,AL GORE,1703,REPUBLICAN,GEORGE W. BUSH,2069,GREEN,RALPH NADER,0,OTHER,OTHER,77,
NOWATA,2004,DEMOCRAT,JOHN KERRY,1660,REPUBLICAN,GEORGE W. BUSH,2805,OTHER,OTHER,0,
NOWATA,2008,DEMOCRAT,BARACK OBAMA,1411,REPUBLICAN,JOHN MCCAIN,3031,OTHER,OTHER,0,
NOWATA,2012,DEMOCRAT,BARACK OBAMA,1244,REPUBLICAN,MITT ROMNEY,2832,OTHER,OTHER,0,
NOWATA,2016,DEMOCRAT,HILLARY CLINTON,742,REPUBLICAN,DONALD TRUMP,3321,OTHER,OTHER,174,
NOWATA,2020,DEMOCRAT,JOSEPH R BIDEN JR,79,DEMOCRAT,JOSEPH R BIDEN JR,168,DEMOCRAT,JOSEPH R BIDEN JR,465,LIBERTARIAN,JO JORGENSEN,2,LIBERTARIAN,JO JORGENSEN,8,LIBERTARIAN,JO JORGENSEN,44,OTHER,OTHER,2,OTHER,OTHER,2,OTHER,OTHER,11,REPUBLICAN,DONALD J TRUMP,155,REPUBLICAN,DONALD J TRUMP,720,REPUBLICAN,DONALD J TRUMP,2735,
OKFUSKEE,2000,DEMOCRAT,AL GORE,1814,REPUBLICAN,GEORGE W. BUSH,1910,GREEN,RALPH NADER,0,OTHER,OTHER,64,
OKFUSKEE,2004,DEMOCRAT,JOHN KERRY,1743,REPUBLICAN,GEORGE W. BUSH,2542,OTHER,OTHER,0,
OKFUSKEE,2008,DEMOCRAT,BARACK OBAMA,1480,REPUBLICAN,JOHN MCCAIN,2643,OTHER,OTHER,0,
OKFUSKEE,2012,DEMOCRAT,BARACK OBAMA,1256,REPUBLICAN,MITT ROMNEY,2335,OTHER,OTHER,0,
OKFUSKEE,2016,DEMOCRAT,HILLARY CLINTON,943,REPUBLICAN,DONALD TRUMP,2800,OTHER,OTHER,200,
OKFUSKEE,2020,DEMOCRAT,JOSEPH R BIDEN JR,147,DEMOCRAT,JOSEPH R BIDEN JR,163,DEMOCRAT,JOSEPH R BIDEN JR,586,LIBERTARIAN,JO JORGENSEN,7,LIBERTARIAN,JO JORGENSEN,6,LIBERTARIAN,JO JORGENSEN,36,OTHER,OTHER,5,OTHER,OTHER,2,OTHER,OTHER,28,REPUBLICAN,DONALD J TRUMP,149,REPUBLICAN,DONALD J TRUMP,461,REPUBLICAN,DONALD J TRUMP,2448,
OKLAHOMA,2000,DEMOCRAT,AL GORE,81590,REPUBLICAN,GEORGE W. BUSH,139078,GREEN,RALPH NADER,0,OTHER,OTHER,2443,
OKLAHOMA,2004,DEMOCRAT,JOHN KERRY,97298,REPUBLICAN,GEORGE W. BUSH,174741,OTHER,OTHER,0,
OKLAHOMA,2008,DEMOCRAT,BARACK OBAMA,116182,REPUBLICAN,JOHN MCCAIN,163172,OTHER,OTHER,0,
OKLAHOMA,2012,DEMOCRAT,BARACK OBAMA,106982,REPUBLICAN,MITT ROMNEY,149728,OTHER,OTHER,0,
OKLAHOMA,2016,DEMOCRAT,HILLARY CLINTON,112813,REPUBLICAN,DONALD TRUMP,141569,OTHER,OTHER,19560,
OKLAHOMA,2020,DEMOCRAT,JOSEPH R BIDEN JR,55118,DEMOCRAT,JOSEPH R BIDEN JR,9860,DEMOCRAT,JOSEPH R BIDEN JR,76746,LIBERTARIAN,JO JORGENSEN,1400,LIBERTARIAN,JO JORGENSEN,158,LIBERTARIAN,JO JORGENSEN,3714,OTHER,OTHER,675,OTHER,OTHER,57,OTHER,OTHER,1962,REPUBLICAN,DONALD J TRUMP,29408,REPUBLICAN,DONALD J TRUMP,6024,REPUBLICAN,DONALD J TRUMP,109618,
OKMULGEE,2000,DEMOCRAT,AL GORE,7186,REPUBLICAN,GEORGE W. BUSH,5797,GREEN,RALPH NADER,0,OTHER,OTHER,195,
OKMULGEE,2004,DEMOCRAT,JOHN KERRY,7367,REPUBLICAN,GEORGE W. BUSH,8363,OTHER,OTHER,0,
OKMULGEE,2008,DEMOCRAT,BARACK OBAMA,6191,REPUBLICAN,JOHN MCCAIN,8727,OTHER,OTHER,0,
OKMULGEE,2012,DEMOCRAT,BARACK OBAMA,5432,REPUBLICAN,MITT ROMNEY,7731,OTHER,OTHER,0,
OKMULGEE,2016,DEMOCRAT,HILLARY CLINTON,4385,REPUBLICAN,DONALD TRUMP,8944,OTHER,OTHER,620,
OKMULGEE,2020,DEMOCRAT,JOSEPH R BIDEN JR,718,DEMOCRAT,JOSEPH R BIDEN JR,812,DEMOCRAT,JOSEPH R BIDEN JR,2827,LIBERTARIAN,JO JORGENSEN,20,LIBERTARIAN,JO JORGENSEN,20,LIBERTARIAN,JO JORGENSEN,141,OTHER,OTHER,14,OTHER,OTHER,10,OTHER,OTHER,83,REPUBLICAN,DONALD J TRUMP,565,REPUBLICAN,DONALD J TRUMP,1306,REPUBLICAN,DONALD J TRUMP,7797,
OSAGE,2000,DEMOCRAT,AL GORE,7540,REPUBLICAN,GEORGE W. BUSH,8138,GREEN,RALPH NADER,0,OTHER,OTHER,231,
OSAGE,2004,DEMOCRAT,JOHN KERRY,8068,REPUBLICAN,GEORGE W. BUSH,11467,OTHER,OTHER,0,
OSAGE,2008,DEMOCRAT,BARACK OBAMA,7498,REPUBLICAN,JOHN MCCAIN,12160,OTHER,OTHER,0,
OSAGE,2012,DEMOCRAT,BARACK OBAMA,6704,REPUBLICAN,MITT ROMNEY,11242,OTHER,OTHER,0,
OSAGE,2016,DEMOCRAT,HILLARY CLINTON,5597,REPUBLICAN,DONALD TRUMP,12577,OTHER,OTHER,792,
OSAGE,2020,DEMOCRAT,JOSEPH R BIDEN JR,1795,DEMOCRAT,JOSEPH R BIDEN JR,978,DEMOCRAT,JOSEPH R BIDEN JR,3229,LIBERTARIAN,JO JORGENSEN,44,LIBERTARIAN,JO JORGENSEN,34,LIBERTARIAN,JO JORGENSEN,179,OTHER,OTHER,12,OTHER,OTHER,13,OTHER,OTHER,133,REPUBLICAN,DONALD J TRUMP,1065,REPUBLICAN,DONALD J TRUMP,2528,REPUBLICAN,DONALD J TRUMP,10528,
OTTAWA,2000,DEMOCRAT,AL GORE,5647,REPUBLICAN,GEORGE W. BUSH,5625,GREEN,RALPH NADER,0,OTHER,OTHER,139,
OTTAWA,2004,DEMOCRAT,JOHN KERRY,5086,REPUBLICAN,GEORGE W. BUSH,7443,OTHER,OTHER,0,
OTTAWA,2008,DEMOCRAT,BARACK OBAMA,4268,REPUBLICAN,JOHN MCCAIN,6905,OTHER,OTHER,0,
OTTAWA,2012,DEMOCRAT,BARACK OBAMA,3509,REPUBLICAN,MITT ROMNEY,6466,OTHER,OTHER,0,
OTTAWA,2016,DEMOCRAT,HILLARY CLINTON,2584,REPUBLICAN,DONALD TRUMP,7631,OTHER,OTHER,475,
OTTAWA,2020,DEMOCRAT,JOSEPH R BIDEN JR,522,DEMOCRAT,JOSEPH R BIDEN JR,538,DEMOCRAT,JOSEPH R BIDEN JR,1626,LIBERTARIAN,JO JORGENSEN,11,LIBERTARIAN,JO JORGENSEN,8,LIBERTARIAN,JO JORGENSEN,115,OTHER,OTHER,8,OTHER,OTHER,4,OTHER,OTHER,61,REPUBLICAN,DONALD J TRUMP,466,REPUBLICAN,DONALD J TRUMP,1195,REPUBLICAN,DONALD J TRUMP,6884,
PAWNEE,2000,DEMOCRAT,AL GORE,2435,REPUBLICAN,GEORGE W. BUSH,3386,GREEN,RALPH NADER,0,OTHER,OTHER,104,
PAWNEE,2004,DEMOCRAT,JOHN KERRY,2564,REPUBLICAN,GEORGE W. BUSH,4412,OTHER,OTHER,0,
PAWNEE,2008,DEMOCRAT,BARACK OBAMA,2063,REPUBLICAN,JOHN MCCAIN,4533,OTHER,OTHER,0,
PAWNEE,2012,DEMOCRAT,BARACK OBAMA,1813,REPUBLICAN,MITT ROMNEY,4232,OTHER,OTHER,0,
PAWNEE,2016,DEMOCRAT,HILLARY CLINTON,1344,REPUBLICAN,DONALD TRUMP,4729,OTHER,OTHER,291,
PAWNEE,2020,DEMOCRAT,JOSEPH R BIDEN JR,290,DEMOCRAT,JOSEPH R BIDEN JR,170,DEMOCRAT,JOSEPH R BIDEN JR,903,LIBERTARIAN,JO JORGENSEN,10,LIBERTARIAN,JO JORGENSEN,10,LIBERTARIAN,JO JORGENSEN,83,OTHER,OTHER,5,OTHER,OTHER,2,OTHER,OTHER,46,REPUBLICAN,DONALD J TRUMP,286,REPUBLICAN,DONALD J TRUMP,590,REPUBLICAN,DONALD J TRUMP,4391,
PAYNE,2000,DEMOCRAT,AL GORE,9319,REPUBLICAN,GEORGE W. BUSH,15256,GREEN,RALPH NADER,0,OTHER,OTHER,372,
PAYNE,2004,DEMOCRAT,JOHN KERRY,10101,REPUBLICAN,GEORGE W. BUSH,19560,OTHER,OTHER,0,
PAYNE,2008,DEMOCRAT,BARACK OBAMA,10601,REPUBLICAN,JOHN MCCAIN,18435,OTHER,OTHER,0,
PAYNE,2012,DEMOCRAT,BARACK OBAMA,9198,REPUBLICAN,MITT ROMNEY,16481,OTHER,OTHER,0,
PAYNE,2016,DEMOCRAT,HILLARY CLINTON,8788,REPUBLICAN,DONALD TRUMP,16651,OTHER,OTHER,2321,
PAYNE,2020,DEMOCRAT,JOSEPH R BIDEN JR,3053,DEMOCRAT,JOSEPH R BIDEN JR,2180,DEMOCRAT,JOSEPH R BIDEN JR,5671,LIBERTARIAN,JO JORGENSEN,113,LIBERTARIAN,JO JORGENSEN,68,LIBERTARIAN,JO JORGENSEN,492,OTHER,OTHER,27,OTHER,OTHER,29,OTHER,OTHER,197,REPUBLICAN,DONALD J TRUMP,1498,REPUBLICAN,DONALD J TRUMP,2025,REPUBLICAN,DONALD J TRUMP,14290,
PITTSBURG,2000,DEMOCRAT,AL GORE,7627,REPUBLICAN,GEORGE W. BUSH,8514,GREEN,RALPH NADER,0,OTHER,OTHER,216,
PITTSBURG,2004,DEMOCRAT,JOHN KERRY,7452,REPUBLICAN,GEORGE W. BUSH,11134,OTHER,OTHER,0,
PITTSBURG,2008,DEMOCRAT,BARACK OBAMA,5457,REPUBLICAN,JOHN MCCAIN,11752,OTHER,OTHER,0,
PITTSBURG,2012,DEMOCRAT,BARACK OBAMA,4831,REPUBLICAN,MITT ROMNEY,10841,OTHER,OTHER,0,
PITTSBURG,2016,DEMOCRAT,HILLARY CLINTON,3711,REPUBLICAN,DONALD TRUMP,12753,OTHER,OTHER,807,
PITTSBURG,2020,DEMOCRAT,JOSEPH R BIDEN JR,592,DEMOCRAT,JOSEPH R BIDEN JR,603,DEMOCRAT,JOSEPH R BIDEN JR,2573,LIBERTARIAN,JO JORGENSEN,20,LIBERTARIAN,JO JORGENSEN,13,LIBERTARIAN,JO JORGENSEN,165,OTHER,OTHER,9,OTHER,OTHER,4,OTHER,OTHER,94,REPUBLICAN,DONALD J TRUMP,585,REPUBLICAN,DONALD J TRUMP,1441,REPUBLICAN,DONALD J TRUMP,11825,
PONTOTOC,2000,DEMOCRAT,AL GORE,5387,REPUBLICAN,GEORGE W. BUSH,7299,GREEN,RALPH NADER,0,OTHER,OTHER,150,
PONTOTOC,2004,DEMOCRAT,JOHN KERRY,5165,REPUBLICAN,GEORGE W. BUSH,9647,OTHER,OTHER,0,
PONTOTOC,2008,DEMOCRAT,BARACK OBAMA,4512,REPUBLICAN,JOHN MCCAIN,9750,OTHER,OTHER,0,
PONTOTOC,2012,DEMOCRAT,BARACK OBAMA,3947,REPUBLICAN,MITT ROMNEY,8945,OTHER,OTHER,0,
PONTOTOC,2016,DEMOCRAT,HILLARY CLINTON,3637,REPUBLICAN,DONALD TRUMP,10431,OTHER,OTHER,763,
PONTOTOC,2020,DEMOCRAT,JOSEPH R BIDEN JR,899,DEMOCRAT,JOSEPH R BIDEN JR,1005,DEMOCRAT,JOSEPH R BIDEN JR,2213,LIBERTARIAN,JO JORGENSEN,28,LIBERTARIAN,JO JORGENSEN,36,LIBERTARIAN,JO JORGENSEN,197,OTHER,OTHER,22,OTHER,OTHER,7,OTHER,OTHER,108,REPUBLICAN,DONALD J TRUMP,646,REPUBLICAN,DONALD J TRUMP,2015,REPUBLICAN,DONALD J TRUMP,8144,
POTTAWATOMIE,2000,DEMOCRAT,AL GORE,8763,REPUBLICAN,GEORGE W. BUSH,13235,GREEN,RALPH NADER,0,OTHER,OTHER,318,
POTTAWATOMIE,2004,DEMOCRAT,JOHN KERRY,8638,REPUBLICAN,GEORGE W. BUSH,17215,OTHER,OTHER,0,
POTTAWATOMIE,2008,DEMOCRAT,BARACK OBAMA,7910,REPUBLICAN,JOHN MCCAIN,17753,OTHER,OTHER,0,
POTTAWATOMIE,2012,DEMOCRAT,BARACK OBAMA,7188,REPUBLICAN,MITT ROMNEY,16250,OTHER,OTHER,0,
POTTAWATOMIE,2016,DEMOCRAT,HILLARY CLINTON,6015,REPUBLICAN,DONALD TRUMP,17848,OTHER,OTHER,1589,
POTTAWATOMIE,2020,DEMOCRAT,JOSEPH R BIDEN JR,2431,DEMOCRAT,JOSEPH R BIDEN JR,1058,DEMOCRAT,JOSEPH R BIDEN JR,3786,LIBERTARIAN,JO JORGENSEN,75,LIBERTARIAN,JO JORGENSEN,38,LIBERTARIAN,JO JORGENSEN,318,OTHER,OTHER,40,OTHER,OTHER,19,OTHER,OTHER,180,REPUBLICAN,DONALD J TRUMP,2180,REPUBLICAN,DONALD J TRUMP,2625,REPUBLICAN,DONALD J TRUMP,15435,
PUSHMATAHA,2000,DEMOCRAT,AL GORE,1969,REPUBLICAN,GEORGE W. BUSH,2331,GREEN,RALPH NADER,0,OTHER,OTHER,48,
PUSHMATAHA,2004,DEMOCRAT,JOHN KERRY,1934,REPUBLICAN,GEORGE W. BUSH,2863,OTHER,OTHER,0,
PUSHMATAHA,2008,DEMOCRAT,BARACK OBAMA,1265,REPUBLICAN,JOHN MCCAIN,3208,OTHER,OTHER,0,
PUSHMATAHA,2012,DEMOCRAT,BARACK OBAMA,1043,REPUBLICAN,MITT ROMNEY,3087,OTHER,OTHER,0,
PUSHMATAHA,2016,DEMOCRAT,HILLARY CLINTON,748,REPUBLICAN,DONALD TRUMP,3581,OTHER,OTHER,154,
PUSHMATAHA,2020,DEMOCRAT,JOSEPH R BIDEN JR,92,DEMOCRAT,JOSEPH R BIDEN JR,181,DEMOCRAT,JOSEPH R BIDEN JR,395,LIBERTARIAN,JO JORGENSEN,1,LIBERTARIAN,JO JORGENSEN,6,LIBERTARIAN,JO JORGENSEN,26,OTHER,OTHER,0,OTHER,OTHER,5,OTHER,OTHER,17,REPUBLICAN,DONALD J TRUMP,163,REPUBLICAN,DONALD J TRUMP,796,REPUBLICAN,DONALD J TRUMP,3057,
ROGER MILLS,2000,DEMOCRAT,AL GORE,441,REPUBLICAN,GEORGE W. BUSH,1234,GREEN,RALPH NADER,0,OTHER,OTHER,12,
ROGER MILLS,2004,DEMOCRAT,JOHN KERRY,382,REPUBLICAN,GEORGE W. BUSH,1388,OTHER,OTHER,0,
ROGER MILLS,2008,DEMOCRAT,BARACK OBAMA,287,REPUBLICAN,JOHN MCCAIN,1502,OTHER,OTHER,0,
ROGER MILLS,2012,DEMOCRAT,BARACK OBAMA,272,REPUBLICAN,MITT ROMNEY,1402,OTHER,OTHER,0,
ROGER MILLS,2016,DEMOCRAT,HILLARY CLINTON,151,REPUBLICAN,DONALD TRUMP,1547,OTHER,OTHER,61,
ROGER MILLS,2020,DEMOCRAT,JOSEPH R BIDEN JR,21,DEMOCRAT,JOSEPH R BIDEN JR,29,DEMOCRAT,JOSEPH R BIDEN JR,118,LIBERTARIAN,JO JORGENSEN,1,LIBERTARIAN,JO JORGENSEN,6,LIBERTARIAN,JO JORGENSEN,17,OTHER,OTHER,4,OTHER,OTHER,2,OTHER,OTHER,7,REPUBLICAN,DONALD J TRUMP,83,REPUBLICAN,DONALD J TRUMP,278,REPUBLICAN,DONALD J TRUMP,1268,
ROGERS,2000,DEMOCRAT,AL GORE,10813,REPUBLICAN,GEORGE W. BUSH,17713,GREEN,RALPH NADER,0,OTHER,OTHER,425,
ROGERS,2004,DEMOCRAT,JOHN KERRY,11918,REPUBLICAN,GEORGE W. BUSH,24976,OTHER,OTHER,0,
ROGERS,2008,DEMOCRAT,BARACK OBAMA,10772,REPUBLICAN,JOHN MCCAIN,27743,OTHER,OTHER,0,
ROGERS,2012,DEMOCRAT,BARACK OBAMA,9148,REPUBLICAN,MITT ROMNEY,27553,OTHER,OTHER,0,
ROGERS,2016,DEMOCRAT,HILLARY CLINTON,7902,REPUBLICAN,DONALD TRUMP,30913,OTHER,OTHER,2047,
ROGERS,2020,DEMOCRAT,JOSEPH R BIDEN JR,2969,DEMOCRAT,JOSEPH R BIDEN JR,1627,DEMOCRAT,JOSEPH R BIDEN JR,4993,LIBERTARIAN,JO JORGENSEN,110,LIBERTARIAN,JO JORGENSEN,70,LIBERTARIAN,JO JORGENSEN,475,OTHER,OTHER,37,OTHER,OTHER,32,OTHER,OTHER,209,REPUBLICAN,DONALD J TRUMP,3025,REPUBLICAN,DONALD J TRUMP,5944,REPUBLICAN,DONALD J TRUMP,25062,
SEMINOLE,2000,DEMOCRAT,AL GORE,3783,REPUBLICAN,GEORGE W. BUSH,4011,GREEN,RALPH NADER,0,OTHER,OTHER,72,
SEMINOLE,2004,DEMOCRAT,JOHN KERRY,3648,REPUBLICAN,GEORGE W. BUSH,5624,OTHER,OTHER,0,
SEMINOLE,2008,DEMOCRAT,BARACK OBAMA,2977,REPUBLICAN,JOHN MCCAIN,5600,OTHER,OTHER,0,
SEMINOLE,2012,DEMOCRAT,BARACK OBAMA,2600,REPUBLICAN,MITT ROMNEY,4856,OTHER,OTHER,0,
SEMINOLE,2016,DEMOCRAT,HILLARY CLINTON,2071,REPUBLICAN,DONALD TRUMP,5613,OTHER,OTHER,353,
SEMINOLE,2020,DEMOCRAT,JOSEPH R BIDEN JR,452,DEMOCRAT,JOSEPH R BIDEN JR,366,DEMOCRAT,JOSEPH R BIDEN JR,1332,LIBERTARIAN,JO JORGENSEN,16,LIBERTARIAN,JO JORGENSEN,13,LIBERTARIAN,JO JORGENSEN,80,OTHER,OTHER,8,OTHER,OTHER,2,OTHER,OTHER,57,REPUBLICAN,DONALD J TRUMP,394,REPUBLICAN,DONALD J TRUMP,807,REPUBLICAN,DONALD J TRUMP,4810,
SEQUOYAH,2000,DEMOCRAT,AL GORE,5425,REPUBLICAN,GEORGE W. BUSH,6614,GREEN,RALPH NADER,0,OTHER,OTHER,215,
SEQUOYAH,2004,DEMOCRAT,JOHN KERRY,5910,REPUBLICAN,GEORGE W. BUSH,8865,OTHER,OTHER,0,
SEQUOYAH,2008,DEMOCRAT,BARACK OBAMA,4454,REPUBLICAN,JOHN MCCAIN,9466,OTHER,OTHER,0,
SEQUOYAH,2012,DEMOCRAT,BARACK OBAMA,4193,REPUBLICAN,MITT ROMNEY,9578,OTHER,OTHER,0,
SEQUOYAH,2016,DEMOCRAT,HILLARY CLINTON,3061,REPUBLICAN,DONALD TRUMP,10888,OTHER,OTHER,488,
SEQUOYAH,2020,DEMOCRAT,JOSEPH R BIDEN JR,592,DEMOCRAT,JOSEPH R BIDEN JR,307,DEMOCRAT,JOSEPH R BIDEN JR,2136,LIBERTARIAN,JO JORGENSEN,15,LIBERTARIAN,JO JORGENSEN,11,LIBERTARIAN,JO JORGENSEN,126,OTHER,OTHER,7,OTHER,OTHER,3,OTHER,OTHER,76,REPUBLICAN,DONALD J TRUMP,623,REPUBLICAN,DONALD J TRUMP,1204,REPUBLICAN,DONALD J TRUMP,10286,
STEPHENS,2000,DEMOCRAT,AL GORE,6467,REPUBLICAN,GEORGE W. BUSH,10860,GREEN,RALPH NADER,0,OTHER,OTHER,161,
STEPHENS,2004,DEMOCRAT,JOHN KERRY,5515,REPUBLICAN,GEORGE W. BUSH,13646,OTHER,OTHER,0,
STEPHENS,2008,DEMOCRAT,BARACK OBAMA,4538,REPUBLICAN,JOHN MCCAIN,14394,OTHER,OTHER,0,
STEPHENS,2012,DEMOCRAT,BARACK OBAMA,3939,REPUBLICAN,MITT ROMNEY,12908,OTHER,OTHER,0,
STEPHENS,2016,DEMOCRAT,HILLARY CLINTON,3086,REPUBLICAN,DONALD TRUMP,14182,OTHER,OTHER,636,
STEPHENS,2020,DEMOCRAT,JOSEPH R BIDEN JR,713,DEMOCRAT,JOSEPH R BIDEN JR,568,DEMOCRAT,JOSEPH R BIDEN JR,1873,LIBERTARIAN,JO JORGENSEN,28,LIBERTARIAN,JO JORGENSEN,37,LIBERTARIAN,JO JORGENSEN,159,OTHER,OTHER,13,OTHER,OTHER,13,OTHER,OTHER,93,REPUBLICAN,DONALD J TRUMP,987,REPUBLICAN,DONALD J TRUMP,2491,REPUBLICAN,DONALD J TRUMP,12082,
TEXAS,2000,DEMOCRAT,AL GORE,1084,REPUBLICAN,GEORGE W. BUSH,4964,GREEN,RALPH NADER,0,OTHER,OTHER,40,
TEXAS,2004,DEMOCRAT,JOHN KERRY,1016,REPUBLICAN,GEORGE W. BUSH,5450,OTHER,OTHER,0,
TEXAS,2008,DEMOCRAT,BARACK OBAMA,923,REPUBLICAN,JOHN MCCAIN,5336,OTHER,OTHER,0,
TEXAS,2012,DEMOCRAT,BARACK OBAMA,862,REPUBLICAN,MITT ROMNEY,4930,OTHER,OTHER,0,
TEXAS,2016,DEMOCRAT,HILLARY CLINTON,858,REPUBLICAN,DONALD TRUMP,4621,OTHER,OTHER,301,
TEXAS,2020,DEMOCRAT,JOSEPH R BIDEN JR,114,DEMOCRAT,JOSEPH R BIDEN JR,212,DEMOCRAT,JOSEPH R BIDEN JR,568,LIBERTARIAN,JO JORGENSEN,12,LIBERTARIAN,JO JORGENSEN,14,LIBERTARIAN,JO JORGENSEN,63,OTHER,OTHER,2,OTHER,OTHER,11,OTHER,OTHER,20,REPUBLICAN,DONALD J TRUMP,212,REPUBLICAN,DONALD J TRUMP,1006,REPUBLICAN,DONALD J TRUMP,3287,
TILLMAN,2000,DEMOCRAT,AL GORE,1400,REPUBLICAN,GEORGE W. BUSH,1920,GREEN,RALPH NADER,0,OTHER,OTHER,29,
TILLMAN,2004,DEMOCRAT,JOHN KERRY,1175,REPUBLICAN,GEORGE W. BUSH,2273,OTHER,OTHER,0,
TILLMAN,2008,DEMOCRAT,BARACK OBAMA,1042,REPUBLICAN,JOHN MCCAIN,2195,OTHER,OTHER,0,
TILLMAN,2012,DEMOCRAT,BARACK OBAMA,906,REPUBLICAN,MITT ROMNEY,1815,OTHER,OTHER,0,
TILLMAN,2016,DEMOCRAT,HILLARY CLINTON,657,REPUBLICAN,DONALD TRUMP,1944,OTHER,OTHER,105,
TILLMAN,2020,DEMOCRAT,JOSEPH R BIDEN JR,65,DEMOCRAT,JOSEPH R BIDEN JR,129,DEMOCRAT,JOSEPH R BIDEN JR,403,LIBERTARIAN,JO JORGENSEN,2,LIBERTARIAN,JO JORGENSEN,2,LIBERTARIAN,JO JORGENSEN,20,OTHER,OTHER,2,OTHER,OTHER,1,OTHER,OTHER,8,REPUBLICAN,DONALD J TRUMP,84,REPUBLICAN,DONALD J TRUMP,458,REPUBLICAN,DONALD J TRUMP,1534,
TULSA,2000,DEMOCRAT,AL GORE,81656,REPUBLICAN,GEORGE W. BUSH,134152,GREEN,RALPH NADER,0,OTHER,OTHER,2883,
TULSA,2004,DEMOCRAT,JOHN KERRY,90220,REPUBLICAN,GEORGE W. BUSH,163452,OTHER,OTHER,0,
TULSA,2008,DEMOCRAT,BARACK OBAMA,96133,REPUBLICAN,JOHN MCCAIN,158363,OTHER,OTHER,0,
TULSA,2012,DEMOCRAT,BARACK OBAMA,82744,REPUBLICAN,MITT ROMNEY,145062,OTHER,OTHER,0,
TULSA,2016,DEMOCRAT,HILLARY CLINTON,87847,REPUBLICAN,DONALD TRUMP,144258,OTHER,OTHER,14949,
TULSA,2020,DEMOCRAT,JOSEPH R BIDEN JR,38042,DEMOCRAT,JOSEPH R BIDEN JR,7364,DEMOCRAT,JOSEPH R BIDEN JR,63590,LIBERTARIAN,JO JORGENSEN,999,LIBERTARIAN,JO JORGENSEN,154,LIBERTARIAN,JO JORGENSEN,3706,OTHER,OTHER,430,OTHER,OTHER,69,OTHER,OTHER,1750,REPUBLICAN,DONALD J TRUMP,21016,REPUBLICAN,DONALD J TRUMP,5743,REPUBLICAN,DONALD J TRUMP,123815,
WAGONER,2000,DEMOCRAT,AL GORE,8244,REPUBLICAN,GEORGE W. BUSH,12981,GREEN,RALPH NADER,0,OTHER,OTHER,292,
WAGONER,2004,DEMOCRAT,JOHN KERRY,9157,REPUBLICAN,GEORGE W. BUSH,19081,OTHER,OTHER,0,
WAGONER,2008,DEMOCRAT,BARACK OBAMA,8810,REPUBLICAN,JOHN MCCAIN,21441,OTHER,OTHER,0,
WAGONER,2012,DEMOCRAT,BARACK OBAMA,7791,REPUBLICAN,MITT ROMNEY,20900,OTHER,OTHER,0,
WAGONER,2016,DEMOCRAT,HILLARY CLINTON,6723,REPUBLICAN,DONALD TRUMP,23005,OTHER,OTHER,1572,
WAGONER,2020,DEMOCRAT,JOSEPH R BIDEN JR,2254,DEMOCRAT,JOSEPH R BIDEN JR,1629,DEMOCRAT,JOSEPH R BIDEN JR,4581,LIBERTARIAN,JO JORGENSEN,59,LIBERTARIAN,JO JORGENSEN,47,LIBERTARIAN,JO JORGENSEN,397,OTHER,OTHER,33,OTHER,OTHER,18,OTHER,OTHER,155,REPUBLICAN,DONALD J TRUMP,2043,REPUBLICAN,DONALD J TRUMP,4680,REPUBLICAN,DONALD J TRUMP,19442,
WASHINGTON,2000,DEMOCRAT,AL GORE,6644,REPUBLICAN,GEORGE W. BUSH,13788,GREEN,RALPH NADER,0,OTHER,OTHER,312,
WASHINGTON,2004,DEMOCRAT,JOHN KERRY,6862,REPUBLICAN,GEORGE W. BUSH,16551,OTHER,OTHER,0,
WASHINGTON,2008,DEMOCRAT,BARACK OBAMA,6308,REPUBLICAN,JOHN MCCAIN,16457,OTHER,OTHER,0,
WASHINGTON,2012,DEMOCRAT,BARACK OBAMA,5532,REPUBLICAN,MITT ROMNEY,15668,OTHER,OTHER,0,
WASHINGTON,2016,DEMOCRAT,HILLARY CLINTON,5048,REPUBLICAN,DONALD TRUMP,15825,OTHER,OTHER,1351,
WASHINGTON,2020,DEMOCRAT,JOSEPH R BIDEN JR,1736,DEMOCRAT,JOSEPH R BIDEN JR,928,DEMOCRAT,JOSEPH R BIDEN JR,3126,LIBERTARIAN,JO JORGENSEN,79,LIBERTARIAN,JO JORGENSEN,40,LIBERTARIAN,JO JORGENSEN,326,OTHER,OTHER,26,OTHER,OTHER,14,OTHER,OTHER,150,REPUBLICAN,DONALD J TRUMP,1357,REPUBLICAN,DONALD J TRUMP,2088,REPUBLICAN,DONALD J TRUMP,13631,
WASHITA,2000,DEMOCRAT,AL GORE,1564,REPUBLICAN,GEORGE W. BUSH,2850,GREEN,RALPH NADER,0,OTHER,OTHER,54,
WASHITA,2004,DEMOCRAT,JOHN KERRY,1340,REPUBLICAN,GEORGE W. BUSH,3705,OTHER,OTHER,0,
WASHITA,2008,DEMOCRAT,BARACK OBAMA,1052,REPUBLICAN,JOHN MCCAIN,3724,OTHER,OTHER,0,
WASHITA,2012,DEMOCRAT,BARACK OBAMA,822,REPUBLICAN,MITT ROMNEY,3494,OTHER,OTHER,0,
WASHITA,2016,DEMOCRAT,HILLARY CLINTON,588,REPUBLICAN,DONALD TRUMP,3854,OTHER,OTHER,189,
WASHITA,2020,DEMOCRAT,JOSEPH R BIDEN JR,100,DEMOCRAT,JOSEPH R BIDEN JR,101,DEMOCRAT,JOSEPH R BIDEN JR,397,LIBERTARIAN,JO JORGENSEN,4,LIBERTARIAN,JO JORGENSEN,10,LIBERTARIAN,JO JORGENSEN,45,OTHER,OTHER,2,OTHER,OTHER,3,OTHER,OTHER,29,REPUBLICAN,DONALD J TRUMP,214,REPUBLICAN,DONALD J TRUMP,544,REPUBLICAN,DONALD J TRUMP,3328,
WOODS,2000,DEMOCRAT,AL GORE,1235,REPUBLICAN,GEORGE W. BUSH,2774,GREEN,RALPH NADER,0,OTHER,OTHER,37,
WOODS,2004,DEMOCRAT,JOHN KERRY,932,REPUBLICAN,GEORGE W. BUSH,3166,OTHER,OTHER,0,
WOODS,2008,DEMOCRAT,BARACK OBAMA,873,REPUBLICAN,JOHN MCCAIN,3043,OTHER,OTHER,0,
WOODS,2012,DEMOCRAT,BARACK OBAMA,671,REPUBLICAN,MITT ROMNEY,2727,OTHER,OTHER,0,
WOODS,2016,DEMOCRAT,HILLARY CLINTON,522,REPUBLICAN,DONALD TRUMP,2947,OTHER,OTHER,199,
WOODS,2020,DEMOCRAT,JOSEPH R BIDEN JR,120,DEMOCRAT,JOSEPH R BIDEN JR,238,DEMOCRAT,JOSEPH R BIDEN JR,233,LIBERTARIAN,JO JORGENSEN,4,LIBERTARIAN,JO JORGENSEN,16,LIBERTARIAN,JO JORGENSEN,46,OTHER,OTHER,4,OTHER,OTHER,5,OTHER,OTHER,19,REPUBLICAN,DONALD J TRUMP,156,REPUBLICAN,DONALD J TRUMP,959,REPUBLICAN,DONALD J TRUMP,1878,
WOODWARD,2000,DEMOCRAT,AL GORE,1950,REPUBLICAN,GEORGE W. BUSH,5067,GREEN,RALPH NADER,0,OTHER,OTHER,83,
WOODWARD,2004,DEMOCRAT,JOHN KERRY,1458,REPUBLICAN,GEORGE W. BUSH,6193,OTHER,OTHER,0,
WOODWARD,2008,DEMOCRAT,BARACK OBAMA,1350,REPUBLICAN,JOHN MCCAIN,6404,OTHER,OTHER,0,
WOODWARD,2012,DEMOCRAT,BARACK OBAMA,1133,REPUBLICAN,MITT ROMNEY,5945,OTHER,OTHER,0,
WOODWARD,2016,DEMOCRAT,HILLARY CLINTON,873,REPUBLICAN,DONALD TRUMP,6347,OTHER,OTHER,375,
WOODWARD,2020,DEMOCRAT,JOSEPH R BIDEN JR,199,DEMOCRAT,JOSEPH R BIDEN JR,317,DEMOCRAT,JOSEPH R BIDEN JR,489,LIBERTARIAN,JO JORGENSEN,10,LIBERTARIAN,JO JORGENSEN,24,LIBERTARIAN,JO JORGENSEN,91,OTHER,OTHER,3,OTHER,OTHER,13,OTHER,OTHER,28,REPUBLICAN,DONALD J TRUMP,335,REPUBLICAN,DONALD J TRUMP,1827,REPUBLICAN,DONALD J TRUMP,4449,
