AURORA,2000,DEMOCRAT,AL GORE,513,REPUBLICAN,GEORGE W. BUSH,847,GREEN,RALPH NADER,0,OTHER,OTHER,53,
AURORA,2004,DEMOCRAT,JOHN KERRY,620,REPUBLICAN,GEORGE W. BUSH,1009,OTHER,OTHER,20,
AURORA,2008,DEMOCRAT,BARACK OBAMA,655,REPUBLICAN,JOHN MCCAIN,794,OTHER,OTHER,19,
AURORA,2012,DEMOCRAT,BARACK OBAMA,556,REPUBLICAN,MITT ROMNEY,804,OTHER,OTHER,40,
AURORA,2016,DEMOCRAT,HILLARY CLINTON,340,REPUBLICAN,DONALD TRUMP,974,OTHER,OTHER,93,
AURORA,2020,DEMOCRAT,JOSEPH R BIDEN JR,317,LIBERTARIAN,JO JORGENSEN,36,REPUBLICAN,DONALD J TRUMP,1052,
BEADLE,2000,DEMOCRAT,AL GORE,3216,REPUBLICAN,GEORGE W. BUSH,4347,GREEN,RALPH NADER,0,OTHER,OTHER,176,
BEADLE,2004,DEMOCRAT,JOHN KERRY,3443,REPUBLICAN,GEORGE W. BUSH,4917,OTHER,OTHER,120,
BEADLE,2008,DEMOCRAT,BARACK OBAMA,3493,REPUBLICAN,JOHN MCCAIN,4054,OTHER,OTHER,83,
BEADLE,2012,DEMOCRAT,BARACK OBAMA,2881,REPUBLICAN,MITT ROMNEY,4230,OTHER,OTHER,152,
BEADLE,2016,DEMOCRAT,HILLARY CLINTON,1912,REPUBLICAN,DONALD TRUMP,4455,OTHER,OTHER,405,
BEADLE,2020,DEMOCRAT,JOSEPH R BIDEN JR,2107,LIBERTARIAN,JO JORGENSEN,166,REPUBLICAN,DONALD J TRUMP,4808,
BENNETT,2000,DEMOCRAT,AL GORE,377,REPUBLICAN,GEORGE W. BUSH,712,GREEN,RALPH NADER,0,OTHER,OTHER,27,
BENNETT,2004,DEMOCRAT,JOHN KERRY,759,REPUBLICAN,GEORGE W. BUSH,833,OTHER,OTHER,38,
BENNETT,2008,DEMOCRAT,BARACK OBAMA,557,REPUBLICAN,JOHN MCCAIN,614,OTHER,OTHER,18,
BENNETT,2012,DEMOCRAT,BARACK OBAMA,548,REPUBLICAN,MITT ROMNEY,626,OTHER,OTHER,29,
BENNETT,2016,DEMOCRAT,HILLARY CLINTON,412,REPUBLICAN,DONALD TRUMP,666,OTHER,OTHER,71,
BENNETT,2020,DEMOCRAT,JOSEPH R BIDEN JR,466,LIBERTARIAN,JO JORGENSEN,23,REPUBLICAN,DONALD J TRUMP,694,
BON HOMME,2000,DEMOCRAT,AL GORE,1162,REPUBLICAN,GEORGE W. BUSH,1901,GREEN,RALPH NADER,0,OTHER,OTHER,76,
BON HOMME,2004,DEMOCRAT,JOHN KERRY,1293,REPUBLICAN,GEORGE W. BUSH,2063,OTHER,OTHER,52,
BON HOMME,2008,DEMOCRAT,BARACK OBAMA,1367,REPUBLICAN,JOHN MCCAIN,1712,OTHER,OTHER,37,
BON HOMME,2012,DEMOCRAT,BARACK OBAMA,1167,REPUBLICAN,MITT ROMNEY,1830,OTHER,OTHER,77,
BON HOMME,2016,DEMOCRAT,HILLARY CLINTON,704,REPUBLICAN,DONALD TRUMP,2105,OTHER,OTHER,165,
BON HOMME,2020,DEMOCRAT,JOSEPH R BIDEN JR,721,LIBERTARIAN,JO JORGENSEN,45,REPUBLICAN,DONALD J TRUMP,2235,
BROOKINGS,2000,DEMOCRAT,AL GORE,4546,REPUBLICAN,GEORGE W. BUSH,6212,GREEN,RALPH NADER,0,OTHER,OTHER,226,
BROOKINGS,2004,DEMOCRAT,JOHN KERRY,5443,REPUBLICAN,GEORGE W. BUSH,7662,OTHER,OTHER,270,
BROOKINGS,2008,DEMOCRAT,BARACK OBAMA,7207,REPUBLICAN,JOHN MCCAIN,6431,OTHER,OTHER,151,
BROOKINGS,2012,DEMOCRAT,BARACK OBAMA,5827,REPUBLICAN,MITT ROMNEY,6220,OTHER,OTHER,353,
BROOKINGS,2016,DEMOCRAT,HILLARY CLINTON,4879,REPUBLICAN,DONALD TRUMP,6748,OTHER,OTHER,1053,
BROOKINGS,2020,DEMOCRAT,JOSEPH R BIDEN JR,6110,LIBERTARIAN,JO JORGENSEN,457,REPUBLICAN,DONALD J TRUMP,8000,
BROWN,2000,DEMOCRAT,AL GORE,7173,REPUBLICAN,GEORGE W. BUSH,9060,GREEN,RALPH NADER,0,OTHER,OTHER,323,
BROWN,2004,DEMOCRAT,JOHN KERRY,7943,REPUBLICAN,GEORGE W. BUSH,10386,OTHER,OTHER,270,
BROWN,2008,DEMOCRAT,BARACK OBAMA,9041,REPUBLICAN,JOHN MCCAIN,8067,OTHER,OTHER,145,
BROWN,2012,DEMOCRAT,BARACK OBAMA,7250,REPUBLICAN,MITT ROMNEY,8321,OTHER,OTHER,497,
BROWN,2016,DEMOCRAT,HILLARY CLINTON,5452,REPUBLICAN,DONALD TRUMP,9613,OTHER,OTHER,1049,
BROWN,2020,DEMOCRAT,JOSEPH R BIDEN JR,6538,LIBERTARIAN,JO JORGENSEN,429,REPUBLICAN,DONALD J TRUMP,10580,
BRULE,2000,DEMOCRAT,AL GORE,818,REPUBLICAN,GEORGE W. BUSH,1268,GREEN,RALPH NADER,0,OTHER,OTHER,81,
BRULE,2004,DEMOCRAT,JOHN KERRY,1040,REPUBLICAN,GEORGE W. BUSH,1544,OTHER,OTHER,45,
BRULE,2008,DEMOCRAT,BARACK OBAMA,965,REPUBLICAN,JOHN MCCAIN,1407,OTHER,OTHER,34,
BRULE,2012,DEMOCRAT,BARACK OBAMA,824,REPUBLICAN,MITT ROMNEY,1499,OTHER,OTHER,56,
BRULE,2016,DEMOCRAT,HILLARY CLINTON,571,REPUBLICAN,DONALD TRUMP,1565,OTHER,OTHER,152,
BRULE,2020,DEMOCRAT,JOSEPH R BIDEN JR,673,LIBERTARIAN,JO JORGENSEN,67,REPUBLICAN,DONALD J TRUMP,1750,
BUFFALO,2000,DEMOCRAT,AL GORE,256,REPUBLICAN,GEORGE W. BUSH,140,GREEN,RALPH NADER,0,OTHER,OTHER,12,
BUFFALO,2004,DEMOCRAT,JOHN KERRY,603,REPUBLICAN,GEORGE W. BUSH,223,OTHER,OTHER,15,
BUFFALO,2008,DEMOCRAT,BARACK OBAMA,454,REPUBLICAN,JOHN MCCAIN,156,OTHER,OTHER,2,
BUFFALO,2012,DEMOCRAT,BARACK OBAMA,472,REPUBLICAN,MITT ROMNEY,166,OTHER,OTHER,3,
BUFFALO,2016,DEMOCRAT,HILLARY CLINTON,296,REPUBLICAN,DONALD TRUMP,171,OTHER,OTHER,23,
BUFFALO,2020,DEMOCRAT,JOSEPH R BIDEN JR,352,LIBERTARIAN,JO JORGENSEN,14,REPUBLICAN,DONALD J TRUMP,183,
BUTTE,2000,DEMOCRAT,AL GORE,840,REPUBLICAN,GEORGE W. BUSH,2760,GREEN,RALPH NADER,0,OTHER,OTHER,89,
BUTTE,2004,DEMOCRAT,JOHN KERRY,1009,REPUBLICAN,GEORGE W. BUSH,3166,OTHER,OTHER,96,
BUTTE,2008,DEMOCRAT,BARACK OBAMA,1306,REPUBLICAN,JOHN MCCAIN,2821,OTHER,OTHER,78,
BUTTE,2012,DEMOCRAT,BARACK OBAMA,1002,REPUBLICAN,MITT ROMNEY,3073,OTHER,OTHER,133,
BUTTE,2016,DEMOCRAT,HILLARY CLINTON,696,REPUBLICAN,DONALD TRUMP,3357,OTHER,OTHER,298,
BUTTE,2020,DEMOCRAT,JOSEPH R BIDEN JR,939,LIBERTARIAN,JO JORGENSEN,132,REPUBLICAN,DONALD J TRUMP,3731,
CAMPBELL,2000,DEMOCRAT,AL GORE,147,REPUBLICAN,GEORGE W. BUSH,739,GREEN,RALPH NADER,0,OTHER,OTHER,31,
CAMPBELL,2004,DEMOCRAT,JOHN KERRY,239,REPUBLICAN,GEORGE W. BUSH,708,OTHER,OTHER,12,
CAMPBELL,2008,DEMOCRAT,BARACK OBAMA,243,REPUBLICAN,JOHN MCCAIN,591,OTHER,OTHER,10,
CAMPBELL,2012,DEMOCRAT,BARACK OBAMA,153,REPUBLICAN,MITT ROMNEY,616,OTHER,OTHER,18,
CAMPBELL,2016,DEMOCRAT,HILLARY CLINTON,105,REPUBLICAN,DONALD TRUMP,704,OTHER,OTHER,22,
CAMPBELL,2020,DEMOCRAT,JOSEPH R BIDEN JR,117,LIBERTARIAN,JO JORGENSEN,9,REPUBLICAN,DONALD J TRUMP,747,
CHARLES MIX,2000,DEMOCRAT,AL GORE,1300,REPUBLICAN,GEORGE W. BUSH,2205,GREEN,RALPH NADER,0,OTHER,OTHER,74,
CHARLES MIX,2004,DEMOCRAT,JOHN KERRY,2155,REPUBLICAN,GEORGE W. BUSH,2556,OTHER,OTHER,87,
CHARLES MIX,2008,DEMOCRAT,BARACK OBAMA,1807,REPUBLICAN,JOHN MCCAIN,2109,OTHER,OTHER,21,
CHARLES MIX,2012,DEMOCRAT,BARACK OBAMA,1483,REPUBLICAN,MITT ROMNEY,2230,OTHER,OTHER,51,
CHARLES MIX,2016,DEMOCRAT,HILLARY CLINTON,935,REPUBLICAN,DONALD TRUMP,2382,OTHER,OTHER,116,
CHARLES MIX,2020,DEMOCRAT,JOSEPH R BIDEN JR,1177,LIBERTARIAN,JO JORGENSEN,54,REPUBLICAN,DONALD J TRUMP,2552,
CLARK,2000,DEMOCRAT,AL GORE,791,REPUBLICAN,GEORGE W. BUSH,1272,GREEN,RALPH NADER,0,OTHER,OTHER,45,
CLARK,2004,DEMOCRAT,JOHN KERRY,875,REPUBLICAN,GEORGE W. BUSH,1435,OTHER,OTHER,17,
CLARK,2008,DEMOCRAT,BARACK OBAMA,830,REPUBLICAN,JOHN MCCAIN,1065,OTHER,OTHER,25,
CLARK,2012,DEMOCRAT,BARACK OBAMA,713,REPUBLICAN,MITT ROMNEY,1067,OTHER,OTHER,41,
CLARK,2016,DEMOCRAT,HILLARY CLINTON,398,REPUBLICAN,DONALD TRUMP,1139,OTHER,OTHER,120,
CLARK,2020,DEMOCRAT,JOSEPH R BIDEN JR,437,LIBERTARIAN,JO JORGENSEN,40,REPUBLICAN,DONALD J TRUMP,1373,
CLAY,2000,DEMOCRAT,AL GORE,2638,REPUBLICAN,GEORGE W. BUSH,2363,GREEN,RALPH NADER,0,OTHER,OTHER,104,
CLAY,2004,DEMOCRAT,JOHN KERRY,3315,REPUBLICAN,GEORGE W. BUSH,2692,OTHER,OTHER,129,
CLAY,2008,DEMOCRAT,BARACK OBAMA,3808,REPUBLICAN,JOHN MCCAIN,2296,OTHER,OTHER,55,
CLAY,2012,DEMOCRAT,BARACK OBAMA,2955,REPUBLICAN,MITT ROMNEY,2147,OTHER,OTHER,132,
CLAY,2016,DEMOCRAT,HILLARY CLINTON,2608,REPUBLICAN,DONALD TRUMP,2109,OTHER,OTHER,352,
CLAY,2020,DEMOCRAT,JOSEPH R BIDEN JR,3083,LIBERTARIAN,JO JORGENSEN,159,REPUBLICAN,DONALD J TRUMP,2456,
CODINGTON,2000,DEMOCRAT,AL GORE,4192,REPUBLICAN,GEORGE W. BUSH,6718,GREEN,RALPH NADER,0,OTHER,OTHER,228,
CODINGTON,2004,DEMOCRAT,JOHN KERRY,4803,REPUBLICAN,GEORGE W. BUSH,7778,OTHER,OTHER,170,
CODINGTON,2008,DEMOCRAT,BARACK OBAMA,5595,REPUBLICAN,JOHN MCCAIN,6374,OTHER,OTHER,107,
CODINGTON,2012,DEMOCRAT,BARACK OBAMA,4588,REPUBLICAN,MITT ROMNEY,6696,OTHER,OTHER,240,
CODINGTON,2016,DEMOCRAT,HILLARY CLINTON,3174,REPUBLICAN,DONALD TRUMP,7764,OTHER,OTHER,731,
CODINGTON,2020,DEMOCRAT,JOSEPH R BIDEN JR,3837,LIBERTARIAN,JO JORGENSEN,366,REPUBLICAN,DONALD J TRUMP,8958,
CORSON,2000,DEMOCRAT,AL GORE,549,REPUBLICAN,GEORGE W. BUSH,629,GREEN,RALPH NADER,0,OTHER,OTHER,65,
CORSON,2004,DEMOCRAT,JOHN KERRY,972,REPUBLICAN,GEORGE W. BUSH,720,OTHER,OTHER,32,
CORSON,2008,DEMOCRAT,BARACK OBAMA,837,REPUBLICAN,JOHN MCCAIN,535,OTHER,OTHER,18,
CORSON,2012,DEMOCRAT,BARACK OBAMA,648,REPUBLICAN,MITT ROMNEY,515,OTHER,OTHER,37,
CORSON,2016,DEMOCRAT,HILLARY CLINTON,535,REPUBLICAN,DONALD TRUMP,588,OTHER,OTHER,52,
CORSON,2020,DEMOCRAT,JOSEPH R BIDEN JR,622,LIBERTARIAN,JO JORGENSEN,14,REPUBLICAN,DONALD J TRUMP,647,
CUSTER,2000,DEMOCRAT,AL GORE,955,REPUBLICAN,GEORGE W. BUSH,2495,GREEN,RALPH NADER,0,OTHER,OTHER,123,
CUSTER,2004,DEMOCRAT,JOHN KERRY,1272,REPUBLICAN,GEORGE W. BUSH,2922,OTHER,OTHER,110,
CUSTER,2008,DEMOCRAT,BARACK OBAMA,1475,REPUBLICAN,JOHN MCCAIN,2909,OTHER,OTHER,66,
CUSTER,2012,DEMOCRAT,BARACK OBAMA,1335,REPUBLICAN,MITT ROMNEY,3062,OTHER,OTHER,123,
CUSTER,2016,DEMOCRAT,HILLARY CLINTON,1121,REPUBLICAN,DONALD TRUMP,3293,OTHER,OTHER,307,
CUSTER,2020,DEMOCRAT,JOSEPH R BIDEN JR,1522,LIBERTARIAN,JO JORGENSEN,120,REPUBLICAN,DONALD J TRUMP,3852,
DAVISON,2000,DEMOCRAT,AL GORE,2936,REPUBLICAN,GEORGE W. BUSH,4445,GREEN,RALPH NADER,0,OTHER,OTHER,147,
DAVISON,2004,DEMOCRAT,JOHN KERRY,3263,REPUBLICAN,GEORGE W. BUSH,5561,OTHER,OTHER,128,
DAVISON,2008,DEMOCRAT,BARACK OBAMA,3554,REPUBLICAN,JOHN MCCAIN,4731,OTHER,OTHER,80,
DAVISON,2012,DEMOCRAT,BARACK OBAMA,3042,REPUBLICAN,MITT ROMNEY,4757,OTHER,OTHER,172,
DAVISON,2016,DEMOCRAT,HILLARY CLINTON,2355,REPUBLICAN,DONALD TRUMP,5157,OTHER,OTHER,440,
DAVISON,2020,DEMOCRAT,JOSEPH R BIDEN JR,2648,LIBERTARIAN,JO JORGENSEN,193,REPUBLICAN,DONALD J TRUMP,5613,
DAY,2000,DEMOCRAT,AL GORE,1492,REPUBLICAN,GEORGE W. BUSH,1623,GREEN,RALPH NADER,0,OTHER,OTHER,82,
DAY,2004,DEMOCRAT,JOHN KERRY,1817,REPUBLICAN,GEORGE W. BUSH,1671,OTHER,OTHER,52,
DAY,2008,DEMOCRAT,BARACK OBAMA,1785,REPUBLICAN,JOHN MCCAIN,1372,OTHER,OTHER,21,
DAY,2012,DEMOCRAT,BARACK OBAMA,1497,REPUBLICAN,MITT ROMNEY,1320,OTHER,OTHER,56,
DAY,2016,DEMOCRAT,HILLARY CLINTON,974,REPUBLICAN,DONALD TRUMP,1627,OTHER,OTHER,146,
DAY,2020,DEMOCRAT,JOSEPH R BIDEN JR,1052,LIBERTARIAN,JO JORGENSEN,43,REPUBLICAN,DONALD J TRUMP,1869,
DEUEL,2000,DEMOCRAT,AL GORE,926,REPUBLICAN,GEORGE W. BUSH,1245,GREEN,RALPH NADER,0,OTHER,OTHER,53,
DEUEL,2004,DEMOCRAT,JOHN KERRY,961,REPUBLICAN,GEORGE W. BUSH,1406,OTHER,OTHER,45,
DEUEL,2008,DEMOCRAT,BARACK OBAMA,1054,REPUBLICAN,JOHN MCCAIN,1088,OTHER,OTHER,36,
DEUEL,2012,DEMOCRAT,BARACK OBAMA,941,REPUBLICAN,MITT ROMNEY,1175,OTHER,OTHER,55,
DEUEL,2016,DEMOCRAT,HILLARY CLINTON,570,REPUBLICAN,DONALD TRUMP,1366,OTHER,OTHER,144,
DEUEL,2020,DEMOCRAT,JOSEPH R BIDEN JR,609,LIBERTARIAN,JO JORGENSEN,42,REPUBLICAN,DONALD J TRUMP,1699,
DEWEY,2000,DEMOCRAT,AL GORE,880,REPUBLICAN,GEORGE W. BUSH,761,GREEN,RALPH NADER,0,OTHER,OTHER,40,
DEWEY,2004,DEMOCRAT,JOHN KERRY,1606,REPUBLICAN,GEORGE W. BUSH,921,OTHER,OTHER,37,
DEWEY,2008,DEMOCRAT,BARACK OBAMA,1328,REPUBLICAN,JOHN MCCAIN,659,OTHER,OTHER,18,
DEWEY,2012,DEMOCRAT,BARACK OBAMA,1207,REPUBLICAN,MITT ROMNEY,663,OTHER,OTHER,25,
DEWEY,2016,DEMOCRAT,HILLARY CLINTON,888,REPUBLICAN,DONALD TRUMP,723,OTHER,OTHER,97,
DEWEY,2020,DEMOCRAT,JOSEPH R BIDEN JR,1131,LIBERTARIAN,JO JORGENSEN,45,REPUBLICAN,DONALD J TRUMP,790,
DOUGLAS,2000,DEMOCRAT,AL GORE,363,REPUBLICAN,GEORGE W. BUSH,1311,GREEN,RALPH NADER,0,OTHER,OTHER,35,
DOUGLAS,2004,DEMOCRAT,JOHN KERRY,393,REPUBLICAN,GEORGE W. BUSH,1596,OTHER,OTHER,23,
DOUGLAS,2008,DEMOCRAT,BARACK OBAMA,424,REPUBLICAN,JOHN MCCAIN,1293,OTHER,OTHER,18,
DOUGLAS,2012,DEMOCRAT,BARACK OBAMA,332,REPUBLICAN,MITT ROMNEY,1334,OTHER,OTHER,24,
DOUGLAS,2016,DEMOCRAT,HILLARY CLINTON,214,REPUBLICAN,DONALD TRUMP,1338,OTHER,OTHER,53,
DOUGLAS,2020,DEMOCRAT,JOSEPH R BIDEN JR,216,LIBERTARIAN,JO JORGENSEN,23,REPUBLICAN,DONALD J TRUMP,1468,
EDMUNDS,2000,DEMOCRAT,AL GORE,676,REPUBLICAN,GEORGE W. BUSH,1257,GREEN,RALPH NADER,0,OTHER,OTHER,53,
EDMUNDS,2004,DEMOCRAT,JOHN KERRY,765,REPUBLICAN,GEORGE W. BUSH,1434,OTHER,OTHER,35,
EDMUNDS,2008,DEMOCRAT,BARACK OBAMA,819,REPUBLICAN,JOHN MCCAIN,1213,OTHER,OTHER,21,
EDMUNDS,2012,DEMOCRAT,BARACK OBAMA,622,REPUBLICAN,MITT ROMNEY,1264,OTHER,OTHER,50,
EDMUNDS,2016,DEMOCRAT,HILLARY CLINTON,380,REPUBLICAN,DONALD TRUMP,1433,OTHER,OTHER,105,
EDMUNDS,2020,DEMOCRAT,JOSEPH R BIDEN JR,417,LIBERTARIAN,JO JORGENSEN,30,REPUBLICAN,DONALD J TRUMP,1538,
FALL RIVER,2000,DEMOCRAT,AL GORE,1133,REPUBLICAN,GEORGE W. BUSH,2185,GREEN,RALPH NADER,0,OTHER,OTHER,111,
FALL RIVER,2004,DEMOCRAT,JOHN KERRY,1326,REPUBLICAN,GEORGE W. BUSH,2413,OTHER,OTHER,106,
FALL RIVER,2008,DEMOCRAT,BARACK OBAMA,1338,REPUBLICAN,JOHN MCCAIN,2348,OTHER,OTHER,69,
FALL RIVER,2012,DEMOCRAT,BARACK OBAMA,1140,REPUBLICAN,MITT ROMNEY,2258,OTHER,OTHER,118,
FALL RIVER,2016,DEMOCRAT,HILLARY CLINTON,821,REPUBLICAN,DONALD TRUMP,2511,OTHER,OTHER,231,
FALL RIVER,2020,DEMOCRAT,JOSEPH R BIDEN JR,1053,LIBERTARIAN,JO JORGENSEN,111,REPUBLICAN,DONALD J TRUMP,2878,
FAULK,2000,DEMOCRAT,AL GORE,388,REPUBLICAN,GEORGE W. BUSH,904,GREEN,RALPH NADER,0,OTHER,OTHER,37,
FAULK,2004,DEMOCRAT,JOHN KERRY,418,REPUBLICAN,GEORGE W. BUSH,945,OTHER,OTHER,6,
FAULK,2008,DEMOCRAT,BARACK OBAMA,426,REPUBLICAN,JOHN MCCAIN,739,OTHER,OTHER,9,
FAULK,2012,DEMOCRAT,BARACK OBAMA,331,REPUBLICAN,MITT ROMNEY,765,OTHER,OTHER,31,
FAULK,2016,DEMOCRAT,HILLARY CLINTON,204,REPUBLICAN,DONALD TRUMP,858,OTHER,OTHER,56,
FAULK,2020,DEMOCRAT,JOSEPH R BIDEN JR,198,LIBERTARIAN,JO JORGENSEN,20,REPUBLICAN,DONALD J TRUMP,964,
GRANT,2000,DEMOCRAT,AL GORE,1475,REPUBLICAN,GEORGE W. BUSH,2235,GREEN,RALPH NADER,0,OTHER,OTHER,120,
GRANT,2004,DEMOCRAT,JOHN KERRY,1633,REPUBLICAN,GEORGE W. BUSH,2392,OTHER,OTHER,65,
GRANT,2008,DEMOCRAT,BARACK OBAMA,1786,REPUBLICAN,JOHN MCCAIN,1951,OTHER,OTHER,37,
GRANT,2012,DEMOCRAT,BARACK OBAMA,1493,REPUBLICAN,MITT ROMNEY,2034,OTHER,OTHER,79,
GRANT,2016,DEMOCRAT,HILLARY CLINTON,971,REPUBLICAN,DONALD TRUMP,2382,OTHER,OTHER,211,
GRANT,2020,DEMOCRAT,JOSEPH R BIDEN JR,1056,LIBERTARIAN,JO JORGENSEN,71,REPUBLICAN,DONALD J TRUMP,2618,
GREGORY,2000,DEMOCRAT,AL GORE,718,REPUBLICAN,GEORGE W. BUSH,1487,GREEN,RALPH NADER,0,OTHER,OTHER,52,
GREGORY,2004,DEMOCRAT,JOHN KERRY,813,REPUBLICAN,GEORGE W. BUSH,1685,OTHER,OTHER,48,
GREGORY,2008,DEMOCRAT,BARACK OBAMA,771,REPUBLICAN,JOHN MCCAIN,1423,OTHER,OTHER,24,
GREGORY,2012,DEMOCRAT,BARACK OBAMA,599,REPUBLICAN,MITT ROMNEY,1507,OTHER,OTHER,45,
GREGORY,2016,DEMOCRAT,HILLARY CLINTON,391,REPUBLICAN,DONALD TRUMP,1600,OTHER,OTHER,100,
GREGORY,2020,DEMOCRAT,JOSEPH R BIDEN JR,455,LIBERTARIAN,JO JORGENSEN,32,REPUBLICAN,DONALD J TRUMP,1771,
HAAKON,2000,DEMOCRAT,AL GORE,164,REPUBLICAN,GEORGE W. BUSH,938,GREEN,RALPH NADER,0,OTHER,OTHER,27,
HAAKON,2004,DEMOCRAT,JOHN KERRY,219,REPUBLICAN,GEORGE W. BUSH,1007,OTHER,OTHER,14,
HAAKON,2008,DEMOCRAT,BARACK OBAMA,187,REPUBLICAN,JOHN MCCAIN,939,OTHER,OTHER,15,
HAAKON,2012,DEMOCRAT,BARACK OBAMA,138,REPUBLICAN,MITT ROMNEY,940,OTHER,OTHER,14,
HAAKON,2016,DEMOCRAT,HILLARY CLINTON,77,REPUBLICAN,DONALD TRUMP,936,OTHER,OTHER,31,
HAAKON,2020,DEMOCRAT,JOSEPH R BIDEN JR,105,LIBERTARIAN,JO JORGENSEN,6,REPUBLICAN,DONALD J TRUMP,1026,
HAMLIN,2000,DEMOCRAT,AL GORE,923,REPUBLICAN,GEORGE W. BUSH,1731,GREEN,RALPH NADER,0,OTHER,OTHER,69,
HAMLIN,2004,DEMOCRAT,JOHN KERRY,1015,REPUBLICAN,GEORGE W. BUSH,1946,OTHER,OTHER,50,
HAMLIN,2008,DEMOCRAT,BARACK OBAMA,1043,REPUBLICAN,JOHN MCCAIN,1661,OTHER,OTHER,33,
HAMLIN,2012,DEMOCRAT,BARACK OBAMA,921,REPUBLICAN,MITT ROMNEY,1803,OTHER,OTHER,69,
HAMLIN,2016,DEMOCRAT,HILLARY CLINTON,555,REPUBLICAN,DONALD TRUMP,2051,OTHER,OTHER,156,
HAMLIN,2020,DEMOCRAT,JOSEPH R BIDEN JR,647,LIBERTARIAN,JO JORGENSEN,64,REPUBLICAN,DONALD J TRUMP,2372,
HAND,2000,DEMOCRAT,AL GORE,565,REPUBLICAN,GEORGE W. BUSH,1419,GREEN,RALPH NADER,0,OTHER,OTHER,47,
HAND,2004,DEMOCRAT,JOHN KERRY,668,REPUBLICAN,GEORGE W. BUSH,1482,OTHER,OTHER,37,
HAND,2008,DEMOCRAT,BARACK OBAMA,718,REPUBLICAN,JOHN MCCAIN,1247,OTHER,OTHER,16,
HAND,2012,DEMOCRAT,BARACK OBAMA,575,REPUBLICAN,MITT ROMNEY,1242,OTHER,OTHER,31,
HAND,2016,DEMOCRAT,HILLARY CLINTON,334,REPUBLICAN,DONALD TRUMP,1391,OTHER,OTHER,93,
HAND,2020,DEMOCRAT,JOSEPH R BIDEN JR,373,LIBERTARIAN,JO JORGENSEN,30,REPUBLICAN,DONALD J TRUMP,1433,
HANSON,2000,DEMOCRAT,AL GORE,457,REPUBLICAN,GEORGE W. BUSH,944,GREEN,RALPH NADER,0,OTHER,OTHER,20,
HANSON,2004,DEMOCRAT,JOHN KERRY,745,REPUBLICAN,GEORGE W. BUSH,1379,OTHER,OTHER,26,
HANSON,2008,DEMOCRAT,BARACK OBAMA,961,REPUBLICAN,JOHN MCCAIN,1426,OTHER,OTHER,27,
HANSON,2012,DEMOCRAT,BARACK OBAMA,760,REPUBLICAN,MITT ROMNEY,1627,OTHER,OTHER,29,
HANSON,2016,DEMOCRAT,HILLARY CLINTON,424,REPUBLICAN,DONALD TRUMP,1497,OTHER,OTHER,85,
HANSON,2020,DEMOCRAT,JOSEPH R BIDEN JR,557,LIBERTARIAN,JO JORGENSEN,38,REPUBLICAN,DONALD J TRUMP,1793,
HARDING,2000,DEMOCRAT,AL GORE,64,REPUBLICAN,GEORGE W. BUSH,650,GREEN,RALPH NADER,0,OTHER,OTHER,17,
HARDING,2004,DEMOCRAT,JOHN KERRY,94,REPUBLICAN,GEORGE W. BUSH,704,OTHER,OTHER,17,
HARDING,2008,DEMOCRAT,BARACK OBAMA,135,REPUBLICAN,JOHN MCCAIN,575,OTHER,OTHER,12,
HARDING,2012,DEMOCRAT,BARACK OBAMA,82,REPUBLICAN,MITT ROMNEY,638,OTHER,OTHER,19,
HARDING,2016,DEMOCRAT,HILLARY CLINTON,38,REPUBLICAN,DONALD TRUMP,695,OTHER,OTHER,37,
HARDING,2020,DEMOCRAT,JOSEPH R BIDEN JR,49,LIBERTARIAN,JO JORGENSEN,16,REPUBLICAN,DONALD J TRUMP,748,
HUGHES,2000,DEMOCRAT,AL GORE,2212,REPUBLICAN,GEORGE W. BUSH,5188,GREEN,RALPH NADER,0,OTHER,OTHER,134,
HUGHES,2004,DEMOCRAT,JOHN KERRY,2697,REPUBLICAN,GEORGE W. BUSH,6017,OTHER,OTHER,121,
HUGHES,2008,DEMOCRAT,BARACK OBAMA,3037,REPUBLICAN,JOHN MCCAIN,5298,OTHER,OTHER,51,
HUGHES,2012,DEMOCRAT,BARACK OBAMA,2786,REPUBLICAN,MITT ROMNEY,5219,OTHER,OTHER,150,
HUGHES,2016,DEMOCRAT,HILLARY CLINTON,2450,REPUBLICAN,DONALD TRUMP,5174,OTHER,OTHER,551,
HUGHES,2020,DEMOCRAT,JOSEPH R BIDEN JR,2953,LIBERTARIAN,JO JORGENSEN,248,REPUBLICAN,DONALD J TRUMP,5522,
HUTCHINSON,2000,DEMOCRAT,AL GORE,1052,REPUBLICAN,GEORGE W. BUSH,2497,GREEN,RALPH NADER,0,OTHER,OTHER,76,
HUTCHINSON,2004,DEMOCRAT,JOHN KERRY,1177,REPUBLICAN,GEORGE W. BUSH,2899,OTHER,OTHER,71,
HUTCHINSON,2008,DEMOCRAT,BARACK OBAMA,1242,REPUBLICAN,JOHN MCCAIN,2285,OTHER,OTHER,34,
HUTCHINSON,2012,DEMOCRAT,BARACK OBAMA,923,REPUBLICAN,MITT ROMNEY,2451,OTHER,OTHER,51,
HUTCHINSON,2016,DEMOCRAT,HILLARY CLINTON,692,REPUBLICAN,DONALD TRUMP,2517,OTHER,OTHER,156,
HUTCHINSON,2020,DEMOCRAT,JOSEPH R BIDEN JR,762,LIBERTARIAN,JO JORGENSEN,61,REPUBLICAN,DONALD J TRUMP,2944,
HYDE,2000,DEMOCRAT,AL GORE,218,REPUBLICAN,GEORGE W. BUSH,592,GREEN,RALPH NADER,0,OTHER,OTHER,25,
HYDE,2004,DEMOCRAT,JOHN KERRY,259,REPUBLICAN,GEORGE W. BUSH,631,OTHER,OTHER,10,
HYDE,2008,DEMOCRAT,BARACK OBAMA,226,REPUBLICAN,JOHN MCCAIN,547,OTHER,OTHER,3,
HYDE,2012,DEMOCRAT,BARACK OBAMA,189,REPUBLICAN,MITT ROMNEY,531,OTHER,OTHER,13,
HYDE,2016,DEMOCRAT,HILLARY CLINTON,125,REPUBLICAN,DONALD TRUMP,543,OTHER,OTHER,22,
HYDE,2020,DEMOCRAT,JOSEPH R BIDEN JR,136,LIBERTARIAN,JO JORGENSEN,10,REPUBLICAN,DONALD J TRUMP,564,
JACKSON,2000,DEMOCRAT,AL GORE,319,REPUBLICAN,GEORGE W. BUSH,687,GREEN,RALPH NADER,0,OTHER,OTHER,34,
JACKSON,2004,DEMOCRAT,JOHN KERRY,508,REPUBLICAN,GEORGE W. BUSH,726,OTHER,OTHER,37,
JACKSON,2008,DEMOCRAT,BARACK OBAMA,435,REPUBLICAN,JOHN MCCAIN,668,OTHER,OTHER,15,
JACKSON,2012,DEMOCRAT,BARACK OBAMA,426,REPUBLICAN,MITT ROMNEY,661,OTHER,OTHER,19,
JACKSON,2016,DEMOCRAT,HILLARY CLINTON,323,REPUBLICAN,DONALD TRUMP,722,OTHER,OTHER,50,
JACKSON,2020,DEMOCRAT,JOSEPH R BIDEN JR,359,LIBERTARIAN,JO JORGENSEN,18,REPUBLICAN,DONALD J TRUMP,738,
JERAULD,2000,DEMOCRAT,AL GORE,468,REPUBLICAN,GEORGE W. BUSH,624,GREEN,RALPH NADER,0,OTHER,OTHER,30,
JERAULD,2004,DEMOCRAT,JOHN KERRY,482,REPUBLICAN,GEORGE W. BUSH,736,OTHER,OTHER,18,
JERAULD,2008,DEMOCRAT,BARACK OBAMA,542,REPUBLICAN,JOHN MCCAIN,546,OTHER,OTHER,4,
JERAULD,2012,DEMOCRAT,BARACK OBAMA,452,REPUBLICAN,MITT ROMNEY,538,OTHER,OTHER,16,
JERAULD,2016,DEMOCRAT,HILLARY CLINTON,264,REPUBLICAN,DONALD TRUMP,648,OTHER,OTHER,55,
JERAULD,2020,DEMOCRAT,JOSEPH R BIDEN JR,270,LIBERTARIAN,JO JORGENSEN,15,REPUBLICAN,DONALD J TRUMP,721,
JONES,2000,DEMOCRAT,AL GORE,137,REPUBLICAN,GEORGE W. BUSH,509,GREEN,RALPH NADER,0,OTHER,OTHER,18,
JONES,2004,DEMOCRAT,JOHN KERRY,134,REPUBLICAN,GEORGE W. BUSH,565,OTHER,OTHER,18,
JONES,2008,DEMOCRAT,BARACK OBAMA,147,REPUBLICAN,JOHN MCCAIN,463,OTHER,OTHER,8,
JONES,2012,DEMOCRAT,BARACK OBAMA,108,REPUBLICAN,MITT ROMNEY,490,OTHER,OTHER,11,
JONES,2016,DEMOCRAT,HILLARY CLINTON,69,REPUBLICAN,DONALD TRUMP,450,OTHER,OTHER,39,
JONES,2020,DEMOCRAT,JOSEPH R BIDEN JR,90,LIBERTARIAN,JO JORGENSEN,11,REPUBLICAN,DONALD J TRUMP,498,
KINGSBURY,2000,DEMOCRAT,AL GORE,1049,REPUBLICAN,GEORGE W. BUSH,1612,GREEN,RALPH NADER,0,OTHER,OTHER,66,
KINGSBURY,2004,DEMOCRAT,JOHN KERRY,1163,REPUBLICAN,GEORGE W. BUSH,1804,OTHER,OTHER,47,
KINGSBURY,2008,DEMOCRAT,BARACK OBAMA,1277,REPUBLICAN,JOHN MCCAIN,1435,OTHER,OTHER,27,
KINGSBURY,2012,DEMOCRAT,BARACK OBAMA,1092,REPUBLICAN,MITT ROMNEY,1451,OTHER,OTHER,65,
KINGSBURY,2016,DEMOCRAT,HILLARY CLINTON,703,REPUBLICAN,DONALD TRUMP,1680,OTHER,OTHER,168,
KINGSBURY,2020,DEMOCRAT,JOSEPH R BIDEN JR,819,LIBERTARIAN,JO JORGENSEN,56,REPUBLICAN,DONALD J TRUMP,1904,
LAKE,2000,DEMOCRAT,AL GORE,2331,REPUBLICAN,GEORGE W. BUSH,2724,GREEN,RALPH NADER,0,OTHER,OTHER,99,
LAKE,2004,DEMOCRAT,JOHN KERRY,2509,REPUBLICAN,GEORGE W. BUSH,3359,OTHER,OTHER,139,
LAKE,2008,DEMOCRAT,BARACK OBAMA,3033,REPUBLICAN,JOHN MCCAIN,2993,OTHER,OTHER,50,
LAKE,2012,DEMOCRAT,BARACK OBAMA,2724,REPUBLICAN,MITT ROMNEY,3419,OTHER,OTHER,142,
LAKE,2016,DEMOCRAT,HILLARY CLINTON,2314,REPUBLICAN,DONALD TRUMP,4038,OTHER,OTHER,434,
LAKE,2020,DEMOCRAT,JOSEPH R BIDEN JR,2068,LIBERTARIAN,JO JORGENSEN,124,REPUBLICAN,DONALD J TRUMP,3681,
LAWRENCE,2000,DEMOCRAT,AL GORE,2797,REPUBLICAN,GEORGE W. BUSH,6327,GREEN,RALPH NADER,0,OTHER,OTHER,282,
LAWRENCE,2004,DEMOCRAT,JOHN KERRY,3857,REPUBLICAN,GEORGE W. BUSH,7489,OTHER,OTHER,273,
LAWRENCE,2008,DEMOCRAT,BARACK OBAMA,4932,REPUBLICAN,JOHN MCCAIN,6787,OTHER,OTHER,157,
LAWRENCE,2012,DEMOCRAT,BARACK OBAMA,3973,REPUBLICAN,MITT ROMNEY,7025,OTHER,OTHER,361,
LAWRENCE,2016,DEMOCRAT,HILLARY CLINTON,3356,REPUBLICAN,DONALD TRUMP,7411,OTHER,OTHER,1075,
LAWRENCE,2020,DEMOCRAT,JOSEPH R BIDEN JR,4537,LIBERTARIAN,JO JORGENSEN,538,REPUBLICAN,DONALD J TRUMP,8753,
LINCOLN,2000,DEMOCRAT,AL GORE,3844,REPUBLICAN,GEORGE W. BUSH,6546,GREEN,RALPH NADER,0,OTHER,OTHER,166,
LINCOLN,2004,DEMOCRAT,JOHN KERRY,5703,REPUBLICAN,GEORGE W. BUSH,11161,OTHER,OTHER,202,
LINCOLN,2008,DEMOCRAT,BARACK OBAMA,8642,REPUBLICAN,JOHN MCCAIN,11803,OTHER,OTHER,156,
LINCOLN,2012,DEMOCRAT,BARACK OBAMA,7982,REPUBLICAN,MITT ROMNEY,13611,OTHER,OTHER,359,
LINCOLN,2016,DEMOCRAT,HILLARY CLINTON,8076,REPUBLICAN,DONALD TRUMP,15499,OTHER,OTHER,1656,
LINCOLN,2020,DEMOCRAT,JOSEPH R BIDEN JR,11981,LIBERTARIAN,JO JORGENSEN,798,REPUBLICAN,DONALD J TRUMP,19617,
LYMAN,2000,DEMOCRAT,AL GORE,482,REPUBLICAN,GEORGE W. BUSH,875,GREEN,RALPH NADER,0,OTHER,OTHER,29,
LYMAN,2004,DEMOCRAT,JOHN KERRY,872,REPUBLICAN,GEORGE W. BUSH,1029,OTHER,OTHER,39,
LYMAN,2008,DEMOCRAT,BARACK OBAMA,710,REPUBLICAN,JOHN MCCAIN,894,OTHER,OTHER,19,
LYMAN,2012,DEMOCRAT,BARACK OBAMA,605,REPUBLICAN,MITT ROMNEY,933,OTHER,OTHER,31,
LYMAN,2016,DEMOCRAT,HILLARY CLINTON,369,REPUBLICAN,DONALD TRUMP,977,OTHER,OTHER,75,
LYMAN,2020,DEMOCRAT,JOSEPH R BIDEN JR,525,LIBERTARIAN,JO JORGENSEN,30,REPUBLICAN,DONALD J TRUMP,1042,
MCCOOK,2000,DEMOCRAT,AL GORE,965,REPUBLICAN,GEORGE W. BUSH,1610,GREEN,RALPH NADER,0,OTHER,OTHER,56,
MCCOOK,2004,DEMOCRAT,JOHN KERRY,1201,REPUBLICAN,GEORGE W. BUSH,2017,OTHER,OTHER,53,
MCCOOK,2008,DEMOCRAT,BARACK OBAMA,1219,REPUBLICAN,JOHN MCCAIN,1646,OTHER,OTHER,40,
MCCOOK,2012,DEMOCRAT,BARACK OBAMA,905,REPUBLICAN,MITT ROMNEY,1655,OTHER,OTHER,53,
MCCOOK,2016,DEMOCRAT,HILLARY CLINTON,623,REPUBLICAN,DONALD TRUMP,1794,OTHER,OTHER,170,
MCCOOK,2020,DEMOCRAT,JOSEPH R BIDEN JR,769,LIBERTARIAN,JO JORGENSEN,63,REPUBLICAN,DONALD J TRUMP,2068,
MCPHERSON,2000,DEMOCRAT,AL GORE,295,REPUBLICAN,GEORGE W. BUSH,1073,GREEN,RALPH NADER,0,OTHER,OTHER,49,
MCPHERSON,2004,DEMOCRAT,JOHN KERRY,369,REPUBLICAN,GEORGE W. BUSH,1180,OTHER,OTHER,30,
MCPHERSON,2008,DEMOCRAT,BARACK OBAMA,441,REPUBLICAN,JOHN MCCAIN,915,OTHER,OTHER,8,
MCPHERSON,2012,DEMOCRAT,BARACK OBAMA,272,REPUBLICAN,MITT ROMNEY,921,OTHER,OTHER,22,
MCPHERSON,2016,DEMOCRAT,HILLARY CLINTON,192,REPUBLICAN,DONALD TRUMP,892,OTHER,OTHER,53,
MCPHERSON,2020,DEMOCRAT,JOSEPH R BIDEN JR,222,LIBERTARIAN,JO JORGENSEN,27,REPUBLICAN,DONALD J TRUMP,1075,
MARSHALL,2000,DEMOCRAT,AL GORE,939,REPUBLICAN,GEORGE W. BUSH,1097,GREEN,RALPH NADER,0,OTHER,OTHER,43,
MARSHALL,2004,DEMOCRAT,JOHN KERRY,1099,REPUBLICAN,GEORGE W. BUSH,1242,OTHER,OTHER,23,
MARSHALL,2008,DEMOCRAT,BARACK OBAMA,1261,REPUBLICAN,JOHN MCCAIN,900,OTHER,OTHER,16,
MARSHALL,2012,DEMOCRAT,BARACK OBAMA,1061,REPUBLICAN,MITT ROMNEY,889,OTHER,OTHER,37,
MARSHALL,2016,DEMOCRAT,HILLARY CLINTON,754,REPUBLICAN,DONALD TRUMP,1056,OTHER,OTHER,137,
MARSHALL,2020,DEMOCRAT,JOSEPH R BIDEN JR,858,LIBERTARIAN,JO JORGENSEN,33,REPUBLICAN,DONALD J TRUMP,1287,
MEADE,2000,DEMOCRAT,AL GORE,2267,REPUBLICAN,GEORGE W. BUSH,6870,GREEN,RALPH NADER,0,OTHER,OTHER,229,
MEADE,2004,DEMOCRAT,JOHN KERRY,2941,REPUBLICAN,GEORGE W. BUSH,8347,OTHER,OTHER,216,
MEADE,2008,DEMOCRAT,BARACK OBAMA,3751,REPUBLICAN,JOHN MCCAIN,7515,OTHER,OTHER,199,
MEADE,2012,DEMOCRAT,BARACK OBAMA,2928,REPUBLICAN,MITT ROMNEY,7566,OTHER,OTHER,323,
MEADE,2016,DEMOCRAT,HILLARY CLINTON,2223,REPUBLICAN,DONALD TRUMP,8441,OTHER,OTHER,957,
MEADE,2020,DEMOCRAT,JOSEPH R BIDEN JR,3285,LIBERTARIAN,JO JORGENSEN,510,REPUBLICAN,DONALD J TRUMP,9875,
MELLETTE,2000,DEMOCRAT,AL GORE,222,REPUBLICAN,GEORGE W. BUSH,495,GREEN,RALPH NADER,0,OTHER,OTHER,16,
MELLETTE,2004,DEMOCRAT,JOHN KERRY,361,REPUBLICAN,GEORGE W. BUSH,553,OTHER,OTHER,17,
MELLETTE,2008,DEMOCRAT,BARACK OBAMA,373,REPUBLICAN,JOHN MCCAIN,445,OTHER,OTHER,11,
MELLETTE,2012,DEMOCRAT,BARACK OBAMA,375,REPUBLICAN,MITT ROMNEY,381,OTHER,OTHER,13,
MELLETTE,2016,DEMOCRAT,HILLARY CLINTON,238,REPUBLICAN,DONALD TRUMP,402,OTHER,OTHER,43,
MELLETTE,2020,DEMOCRAT,JOSEPH R BIDEN JR,298,LIBERTARIAN,JO JORGENSEN,22,REPUBLICAN,DONALD J TRUMP,449,
MINER,2000,DEMOCRAT,AL GORE,523,REPUBLICAN,GEORGE W. BUSH,724,GREEN,RALPH NADER,0,OTHER,OTHER,19,
MINER,2004,DEMOCRAT,JOHN KERRY,641,REPUBLICAN,GEORGE W. BUSH,810,OTHER,OTHER,19,
MINER,2008,DEMOCRAT,BARACK OBAMA,605,REPUBLICAN,JOHN MCCAIN,577,OTHER,OTHER,16,
MINER,2012,DEMOCRAT,BARACK OBAMA,479,REPUBLICAN,MITT ROMNEY,636,OTHER,OTHER,25,
MINER,2016,DEMOCRAT,HILLARY CLINTON,281,REPUBLICAN,DONALD TRUMP,706,OTHER,OTHER,77,
MINER,2020,DEMOCRAT,JOSEPH R BIDEN JR,320,LIBERTARIAN,JO JORGENSEN,31,REPUBLICAN,DONALD J TRUMP,787,
MINNEHAHA,2000,DEMOCRAT,AL GORE,27042,REPUBLICAN,GEORGE W. BUSH,33428,GREEN,RALPH NADER,0,OTHER,OTHER,899,
MINNEHAHA,2004,DEMOCRAT,JOHN KERRY,32314,REPUBLICAN,GEORGE W. BUSH,44189,OTHER,OTHER,1129,
MINNEHAHA,2008,DEMOCRAT,BARACK OBAMA,39838,REPUBLICAN,JOHN MCCAIN,39251,OTHER,OTHER,709,
MINNEHAHA,2012,DEMOCRAT,BARACK OBAMA,34674,REPUBLICAN,MITT ROMNEY,40342,OTHER,OTHER,1567,
MINNEHAHA,2016,DEMOCRAT,HILLARY CLINTON,30610,REPUBLICAN,DONALD TRUMP,42043,OTHER,OTHER,5610,
MINNEHAHA,2020,DEMOCRAT,JOSEPH R BIDEN JR,40482,LIBERTARIAN,JO JORGENSEN,2595,REPUBLICAN,DONALD J TRUMP,49249,
MOODY,2000,DEMOCRAT,AL GORE,1318,REPUBLICAN,GEORGE W. BUSH,1361,GREEN,RALPH NADER,0,OTHER,OTHER,56,
MOODY,2004,DEMOCRAT,JOHN KERRY,1609,REPUBLICAN,GEORGE W. BUSH,1790,OTHER,OTHER,52,
MOODY,2008,DEMOCRAT,BARACK OBAMA,1663,REPUBLICAN,JOHN MCCAIN,1508,OTHER,OTHER,32,
MOODY,2012,DEMOCRAT,BARACK OBAMA,1429,REPUBLICAN,MITT ROMNEY,1535,OTHER,OTHER,69,
MOODY,2016,DEMOCRAT,HILLARY CLINTON,1043,REPUBLICAN,DONALD TRUMP,1731,OTHER,OTHER,159,
MOODY,2020,DEMOCRAT,JOSEPH R BIDEN JR,1179,LIBERTARIAN,JO JORGENSEN,76,REPUBLICAN,DONALD J TRUMP,1951,
PENNINGTON,2000,DEMOCRAT,AL GORE,11123,REPUBLICAN,GEORGE W. BUSH,24696,GREEN,RALPH NADER,0,OTHER,OTHER,738,
PENNINGTON,2004,DEMOCRAT,JOHN KERRY,14213,REPUBLICAN,GEORGE W. BUSH,29976,OTHER,OTHER,779,
PENNINGTON,2008,DEMOCRAT,BARACK OBAMA,17802,REPUBLICAN,JOHN MCCAIN,27603,OTHER,OTHER,382,
PENNINGTON,2012,DEMOCRAT,BARACK OBAMA,15125,REPUBLICAN,MITT ROMNEY,28232,OTHER,OTHER,1107,
PENNINGTON,2016,DEMOCRAT,HILLARY CLINTON,14074,REPUBLICAN,DONALD TRUMP,29804,OTHER,OTHER,3865,
PENNINGTON,2020,DEMOCRAT,JOSEPH R BIDEN JR,20606,LIBERTARIAN,JO JORGENSEN,1849,REPUBLICAN,DONALD J TRUMP,35063,
PERKINS,2000,DEMOCRAT,AL GORE,297,REPUBLICAN,GEORGE W. BUSH,1237,GREEN,RALPH NADER,0,OTHER,OTHER,80,
PERKINS,2004,DEMOCRAT,JOHN KERRY,418,REPUBLICAN,GEORGE W. BUSH,1329,OTHER,OTHER,66,
PERKINS,2008,DEMOCRAT,BARACK OBAMA,499,REPUBLICAN,JOHN MCCAIN,1102,OTHER,OTHER,55,
PERKINS,2012,DEMOCRAT,BARACK OBAMA,319,REPUBLICAN,MITT ROMNEY,1205,OTHER,OTHER,66,
PERKINS,2016,DEMOCRAT,HILLARY CLINTON,188,REPUBLICAN,DONALD TRUMP,1333,OTHER,OTHER,85,
PERKINS,2020,DEMOCRAT,JOSEPH R BIDEN JR,239,LIBERTARIAN,JO JORGENSEN,29,REPUBLICAN,DONALD J TRUMP,1401,
POTTER,2000,DEMOCRAT,AL GORE,356,REPUBLICAN,GEORGE W. BUSH,1112,GREEN,RALPH NADER,0,OTHER,OTHER,26,
POTTER,2004,DEMOCRAT,JOHN KERRY,463,REPUBLICAN,GEORGE W. BUSH,1143,OTHER,OTHER,12,
POTTER,2008,DEMOCRAT,BARACK OBAMA,482,REPUBLICAN,JOHN MCCAIN,937,OTHER,OTHER,15,
POTTER,2012,DEMOCRAT,BARACK OBAMA,339,REPUBLICAN,MITT ROMNEY,1029,OTHER,OTHER,13,
POTTER,2016,DEMOCRAT,HILLARY CLINTON,215,REPUBLICAN,DONALD TRUMP,1071,OTHER,OTHER,51,
POTTER,2020,DEMOCRAT,JOSEPH R BIDEN JR,227,LIBERTARIAN,JO JORGENSEN,14,REPUBLICAN,DONALD J TRUMP,1139,
ROBERTS,2000,DEMOCRAT,AL GORE,1700,REPUBLICAN,GEORGE W. BUSH,2237,GREEN,RALPH NADER,0,OTHER,OTHER,137,
ROBERTS,2004,DEMOCRAT,JOHN KERRY,2527,REPUBLICAN,GEORGE W. BUSH,2396,OTHER,OTHER,59,
ROBERTS,2008,DEMOCRAT,BARACK OBAMA,2672,REPUBLICAN,JOHN MCCAIN,1781,OTHER,OTHER,31,
ROBERTS,2012,DEMOCRAT,BARACK OBAMA,2302,REPUBLICAN,MITT ROMNEY,1883,OTHER,OTHER,71,
ROBERTS,2016,DEMOCRAT,HILLARY CLINTON,1540,REPUBLICAN,DONALD TRUMP,2144,OTHER,OTHER,205,
ROBERTS,2020,DEMOCRAT,JOSEPH R BIDEN JR,1828,LIBERTARIAN,JO JORGENSEN,75,REPUBLICAN,DONALD J TRUMP,2404,
SANBORN,2000,DEMOCRAT,AL GORE,468,REPUBLICAN,GEORGE W. BUSH,767,GREEN,RALPH NADER,0,OTHER,OTHER,33,
SANBORN,2004,DEMOCRAT,JOHN KERRY,581,REPUBLICAN,GEORGE W. BUSH,817,OTHER,OTHER,28,
SANBORN,2008,DEMOCRAT,BARACK OBAMA,500,REPUBLICAN,JOHN MCCAIN,669,OTHER,OTHER,12,
SANBORN,2012,DEMOCRAT,BARACK OBAMA,389,REPUBLICAN,MITT ROMNEY,688,OTHER,OTHER,38,
SANBORN,2016,DEMOCRAT,HILLARY CLINTON,241,REPUBLICAN,DONALD TRUMP,819,OTHER,OTHER,63,
SANBORN,2020,DEMOCRAT,JOSEPH R BIDEN JR,257,LIBERTARIAN,JO JORGENSEN,23,REPUBLICAN,DONALD J TRUMP,905,
SHANNON,2000,DEMOCRAT,AL GORE,1667,REPUBLICAN,GEORGE W. BUSH,252,GREEN,RALPH NADER,0,OTHER,OTHER,34,
SHANNON,2004,DEMOCRAT,JOHN KERRY,3566,REPUBLICAN,GEORGE W. BUSH,526,OTHER,OTHER,122,
SHANNON,2008,DEMOCRAT,BARACK OBAMA,2971,REPUBLICAN,JOHN MCCAIN,331,OTHER,OTHER,12,
SHANNON,2012,DEMOCRAT,BARACK OBAMA,2937,REPUBLICAN,MITT ROMNEY,188,OTHER,OTHER,20,
SHANNON,2016,
SHANNON,2020,
SPINK,2000,DEMOCRAT,AL GORE,1274,REPUBLICAN,GEORGE W. BUSH,1957,GREEN,RALPH NADER,0,OTHER,OTHER,53,
SPINK,2004,DEMOCRAT,JOHN KERRY,1478,REPUBLICAN,GEORGE W. BUSH,2259,OTHER,OTHER,37,
SPINK,2008,DEMOCRAT,BARACK OBAMA,1550,REPUBLICAN,JOHN MCCAIN,1660,OTHER,OTHER,29,
SPINK,2012,DEMOCRAT,BARACK OBAMA,1300,REPUBLICAN,MITT ROMNEY,1670,OTHER,OTHER,71,
SPINK,2016,DEMOCRAT,HILLARY CLINTON,919,REPUBLICAN,DONALD TRUMP,1854,OTHER,OTHER,178,
SPINK,2020,DEMOCRAT,JOSEPH R BIDEN JR,998,LIBERTARIAN,JO JORGENSEN,61,REPUBLICAN,DONALD J TRUMP,2104,
STANLEY,2000,DEMOCRAT,AL GORE,402,REPUBLICAN,GEORGE W. BUSH,955,GREEN,RALPH NADER,0,OTHER,OTHER,24,
STANLEY,2004,DEMOCRAT,JOHN KERRY,464,REPUBLICAN,GEORGE W. BUSH,1129,OTHER,OTHER,30,
STANLEY,2008,DEMOCRAT,BARACK OBAMA,510,REPUBLICAN,JOHN MCCAIN,1017,OTHER,OTHER,13,
STANLEY,2012,DEMOCRAT,BARACK OBAMA,435,REPUBLICAN,MITT ROMNEY,1063,OTHER,OTHER,42,
STANLEY,2016,DEMOCRAT,HILLARY CLINTON,329,REPUBLICAN,DONALD TRUMP,1148,OTHER,OTHER,90,
STANLEY,2020,DEMOCRAT,JOSEPH R BIDEN JR,421,LIBERTARIAN,JO JORGENSEN,28,REPUBLICAN,DONALD J TRUMP,1203,
SULLY,2000,DEMOCRAT,AL GORE,209,REPUBLICAN,GEORGE W. BUSH,633,GREEN,RALPH NADER,0,OTHER,OTHER,29,
SULLY,2004,DEMOCRAT,JOHN KERRY,201,REPUBLICAN,GEORGE W. BUSH,702,OTHER,OTHER,14,
SULLY,2008,DEMOCRAT,BARACK OBAMA,233,REPUBLICAN,JOHN MCCAIN,581,OTHER,OTHER,9,
SULLY,2012,DEMOCRAT,BARACK OBAMA,186,REPUBLICAN,MITT ROMNEY,613,OTHER,OTHER,19,
SULLY,2016,DEMOCRAT,HILLARY CLINTON,137,REPUBLICAN,DONALD TRUMP,679,OTHER,OTHER,45,
SULLY,2020,DEMOCRAT,JOSEPH R BIDEN JR,185,LIBERTARIAN,JO JORGENSEN,19,REPUBLICAN,DONALD J TRUMP,726,
TODD,2000,DEMOCRAT,AL GORE,993,REPUBLICAN,GEORGE W. BUSH,478,GREEN,RALPH NADER,0,OTHER,OTHER,23,
TODD,2004,DEMOCRAT,JOHN KERRY,2543,REPUBLICAN,GEORGE W. BUSH,889,OTHER,OTHER,92,
TODD,2008,DEMOCRAT,BARACK OBAMA,2208,REPUBLICAN,JOHN MCCAIN,571,OTHER,OTHER,28,
TODD,2012,DEMOCRAT,BARACK OBAMA,1976,REPUBLICAN,MITT ROMNEY,498,OTHER,OTHER,23,
TODD,2016,DEMOCRAT,HILLARY CLINTON,1505,REPUBLICAN,DONALD TRUMP,487,OTHER,OTHER,133,
TODD,2020,DEMOCRAT,JOSEPH R BIDEN JR,1963,LIBERTARIAN,JO JORGENSEN,44,REPUBLICAN,DONALD J TRUMP,532,
TRIPP,2000,DEMOCRAT,AL GORE,799,REPUBLICAN,GEORGE W. BUSH,1909,GREEN,RALPH NADER,0,OTHER,OTHER,57,
TRIPP,2004,DEMOCRAT,JOHN KERRY,972,REPUBLICAN,GEORGE W. BUSH,2230,OTHER,OTHER,43,
TRIPP,2008,DEMOCRAT,BARACK OBAMA,914,REPUBLICAN,JOHN MCCAIN,1859,OTHER,OTHER,36,
TRIPP,2012,DEMOCRAT,BARACK OBAMA,737,REPUBLICAN,MITT ROMNEY,1905,OTHER,OTHER,49,
TRIPP,2016,DEMOCRAT,HILLARY CLINTON,462,REPUBLICAN,DONALD TRUMP,2069,OTHER,OTHER,99,
TRIPP,2020,DEMOCRAT,JOSEPH R BIDEN JR,495,LIBERTARIAN,JO JORGENSEN,40,REPUBLICAN,DONALD J TRUMP,2161,
TURNER,2000,DEMOCRAT,AL GORE,1414,REPUBLICAN,GEORGE W. BUSH,2514,GREEN,RALPH NADER,0,OTHER,OTHER,76,
TURNER,2004,DEMOCRAT,JOHN KERRY,1646,REPUBLICAN,GEORGE W. BUSH,3084,OTHER,OTHER,104,
TURNER,2008,DEMOCRAT,BARACK OBAMA,1681,REPUBLICAN,JOHN MCCAIN,2538,OTHER,OTHER,47,
TURNER,2012,DEMOCRAT,BARACK OBAMA,1411,REPUBLICAN,MITT ROMNEY,2715,OTHER,OTHER,84,
TURNER,2016,DEMOCRAT,HILLARY CLINTON,961,REPUBLICAN,DONALD TRUMP,2937,OTHER,OTHER,252,
TURNER,2020,DEMOCRAT,JOSEPH R BIDEN JR,1139,LIBERTARIAN,JO JORGENSEN,119,REPUBLICAN,DONALD J TRUMP,3290,
UNION,2000,DEMOCRAT,AL GORE,2358,REPUBLICAN,GEORGE W. BUSH,3265,GREEN,RALPH NADER,0,OTHER,OTHER,149,
UNION,2004,DEMOCRAT,JOHN KERRY,3000,REPUBLICAN,GEORGE W. BUSH,3987,OTHER,OTHER,61,
UNION,2008,DEMOCRAT,BARACK OBAMA,3244,REPUBLICAN,JOHN MCCAIN,4310,OTHER,OTHER,66,
UNION,2012,DEMOCRAT,BARACK OBAMA,2782,REPUBLICAN,MITT ROMNEY,4698,OTHER,OTHER,116,
UNION,2016,DEMOCRAT,HILLARY CLINTON,2227,REPUBLICAN,DONALD TRUMP,5290,OTHER,OTHER,380,
UNION,2020,DEMOCRAT,JOSEPH R BIDEN JR,2725,LIBERTARIAN,JO JORGENSEN,186,REPUBLICAN,DONALD J TRUMP,5944,
WALWORTH,2000,DEMOCRAT,AL GORE,721,REPUBLICAN,GEORGE W. BUSH,1758,GREEN,RALPH NADER,0,OTHER,OTHER,74,
WALWORTH,2004,DEMOCRAT,JOHN KERRY,878,REPUBLICAN,GEORGE W. BUSH,1967,OTHER,OTHER,35,
WALWORTH,2008,DEMOCRAT,BARACK OBAMA,923,REPUBLICAN,JOHN MCCAIN,1668,OTHER,OTHER,29,
WALWORTH,2012,DEMOCRAT,BARACK OBAMA,671,REPUBLICAN,MITT ROMNEY,1731,OTHER,OTHER,60,
WALWORTH,2016,DEMOCRAT,HILLARY CLINTON,457,REPUBLICAN,DONALD TRUMP,1896,OTHER,OTHER,124,
WALWORTH,2020,DEMOCRAT,JOSEPH R BIDEN JR,565,LIBERTARIAN,JO JORGENSEN,49,REPUBLICAN,DONALD J TRUMP,1966,
YANKTON,2000,DEMOCRAT,AL GORE,3596,REPUBLICAN,GEORGE W. BUSH,4904,GREEN,RALPH NADER,0,OTHER,OTHER,240,
YANKTON,2004,DEMOCRAT,JOHN KERRY,4237,REPUBLICAN,GEORGE W. BUSH,6003,OTHER,OTHER,191,
YANKTON,2008,DEMOCRAT,BARACK OBAMA,4838,REPUBLICAN,JOHN MCCAIN,5039,OTHER,OTHER,90,
YANKTON,2012,DEMOCRAT,BARACK OBAMA,4226,REPUBLICAN,MITT ROMNEY,5495,OTHER,OTHER,253,
YANKTON,2016,DEMOCRAT,HILLARY CLINTON,3301,REPUBLICAN,DONALD TRUMP,5659,OTHER,OTHER,663,
YANKTON,2020,DEMOCRAT,JOSEPH R BIDEN JR,4016,LIBERTARIAN,JO JORGENSEN,303,REPUBLICAN,DONALD J TRUMP,6581,
ZIEBACH,2000,DEMOCRAT,AL GORE,314,REPUBLICAN,GEORGE W. BUSH,384,GREEN,RALPH NADER,0,OTHER,OTHER,23,
ZIEBACH,2004,DEMOCRAT,JOHN KERRY,641,REPUBLICAN,GEORGE W. BUSH,447,OTHER,OTHER,28,
ZIEBACH,2008,DEMOCRAT,BARACK OBAMA,554,REPUBLICAN,JOHN MCCAIN,312,OTHER,OTHER,16,
ZIEBACH,2012,DEMOCRAT,BARACK OBAMA,439,REPUBLICAN,MITT ROMNEY,314,OTHER,OTHER,8,
ZIEBACH,2016,DEMOCRAT,HILLARY CLINTON,353,REPUBLICAN,DONALD TRUMP,368,OTHER,OTHER,46,
ZIEBACH,2020,DEMOCRAT,JOSEPH R BIDEN JR,481,LIBERTARIAN,JO JORGENSEN,21,REPUBLICAN,DONALD J TRUMP,404,
OGLALA LAKOTA,2000,
OGLALA LAKOTA,2004,
OGLALA LAKOTA,2008,
OGLALA LAKOTA,2012,
OGLALA LAKOTA,2016,DEMOCRAT,HILLARY CLINTON,2510,REPUBLICAN,DONALD TRUMP,241,OTHER,OTHER,154,
OGLALA LAKOTA,2020,DEMOCRAT,JOSEPH R BIDEN JR,2829,LIBERTARIAN,JO JORGENSEN,74,REPUBLICAN,DONALD J TRUMP,297,
