ABBEVILLE,2000,DEMOCRAT,AL GORE,3766,REPUBLICAN,GEORGE W. BUSH,4450,GREEN,RALPH NADER,66,OTHER,OTHER,92,
ABBEVILLE,2004,DEMOCRAT,JOHN KERRY,4389,REPUBLICAN,GEORGE W. BUSH,5436,OTHER,OTHER,100,
ABBEVILLE,2008,DEMOCRAT,BARACK OBAMA,4593,REPUBLICAN,JOHN MCCAIN,6264,OTHER,OTHER,144,
ABBEVILLE,2012,DEMOCRAT,BARACK OBAMA,4543,REPUBLICAN,MITT ROMNEY,5981,OTHER,OTHER,147,
ABBEVILLE,2016,DEMOCRAT,HILLARY CLINTON,3741,REPUBLICAN,DONALD TRUMP,6763,OTHER,OTHER,271,
ABBEVILLE,2020,DEMOCRAT,JOSEPH R BIDEN JR,755,DEMOCRAT,JOSEPH R BIDEN JR,1205,DEMOCRAT,JOSEPH R BIDEN JR,0,DEMOCRAT,JOSEPH R BIDEN JR,12,DEMOCRAT,JOSEPH R BIDEN JR,2129,DEMOCRAT,JOSEPH R BIDEN JR,0,GREEN,OTHER,4,GREEN,OTHER,10,GREEN,OTHER,0,GREEN,OTHER,0,GREEN,OTHER,9,GREEN,OTHER,0,LIBERTARIAN,JO JORGENSEN,6,LIBERTARIAN,JO JORGENSEN,52,LIBERTARIAN,JO JORGENSEN,0,LIBERTARIAN,JO JORGENSEN,0,LIBERTARIAN,JO JORGENSEN,30,LIBERTARIAN,JO JORGENSEN,0,OTHER,OTHER,0,OTHER,OTHER,2,OTHER,OTHER,0,OTHER,OTHER,0,OTHER,OTHER,4,OTHER,OTHER,0,REPUBLICAN,DONALD J TRUMP,581,REPUBLICAN,DONALD J TRUMP,4306,REPUBLICAN,DONALD J TRUMP,0,REPUBLICAN,DONALD J TRUMP,8,REPUBLICAN,DONALD J TRUMP,3320,REPUBLICAN,DONALD J TRUMP,0,
AIKEN,2000,DEMOCRAT,AL GORE,16409,REPUBLICAN,GEORGE W. BUSH,33203,GREEN,RALPH NADER,676,OTHER,OTHER,494,
AIKEN,2004,DEMOCRAT,JOHN KERRY,19799,REPUBLICAN,GEORGE W. BUSH,39077,OTHER,OTHER,616,
AIKEN,2008,DEMOCRAT,BARACK OBAMA,26101,REPUBLICAN,JOHN MCCAIN,42849,OTHER,OTHER,820,
AIKEN,2012,DEMOCRAT,BARACK OBAMA,25322,REPUBLICAN,MITT ROMNEY,44042,OTHER,OTHER,999,
AIKEN,2016,DEMOCRAT,HILLARY CLINTON,25455,REPUBLICAN,DONALD TRUMP,46025,OTHER,OTHER,3371,
AIKEN,2020,DEMOCRAT,JOSEPH R BIDEN JR,6392,DEMOCRAT,JOSEPH R BIDEN JR,11888,DEMOCRAT,JOSEPH R BIDEN JR,28,DEMOCRAT,JOSEPH R BIDEN JR,8,DEMOCRAT,JOSEPH R BIDEN JR,13953,DEMOCRAT,JOSEPH R BIDEN JR,6,GREEN,OTHER,47,GREEN,OTHER,159,GREEN,OTHER,0,GREEN,OTHER,0,GREEN,OTHER,68,GREEN,OTHER,0,LIBERTARIAN,JO JORGENSEN,95,LIBERTARIAN,JO JORGENSEN,643,LIBERTARIAN,JO JORGENSEN,1,LIBERTARIAN,JO JORGENSEN,1,LIBERTARIAN,JO JORGENSEN,241,LIBERTARIAN,JO JORGENSEN,1,OTHER,OTHER,10,OTHER,OTHER,33,OTHER,OTHER,0,OTHER,OTHER,0,OTHER,OTHER,22,OTHER,OTHER,0,REPUBLICAN,DONALD J TRUMP,5162,REPUBLICAN,DONALD J TRUMP,27763,REPUBLICAN,DONALD J TRUMP,27,REPUBLICAN,DONALD J TRUMP,16,REPUBLICAN,DONALD J TRUMP,18606,REPUBLICAN,DONALD J TRUMP,15,
ALLENDALE,2000,DEMOCRAT,AL GORE,2338,REPUBLICAN,GEORGE W. BUSH,967,GREEN,RALPH NADER,17,OTHER,OTHER,18,
ALLENDALE,2004,DEMOCRAT,JOHN KERRY,2565,REPUBLICAN,GEORGE W. BUSH,985,OTHER,OTHER,41,
ALLENDALE,2008,DEMOCRAT,BARACK OBAMA,3029,REPUBLICAN,JOHN MCCAIN,947,OTHER,OTHER,48,
ALLENDALE,2012,DEMOCRAT,BARACK OBAMA,3297,REPUBLICAN,MITT ROMNEY,838,OTHER,OTHER,28,
ALLENDALE,2016,DEMOCRAT,HILLARY CLINTON,2735,REPUBLICAN,DONALD TRUMP,789,OTHER,OTHER,68,
ALLENDALE,2020,DEMOCRAT,JOSEPH R BIDEN JR,406,DEMOCRAT,JOSEPH R BIDEN JR,720,DEMOCRAT,JOSEPH R BIDEN JR,0,DEMOCRAT,JOSEPH R BIDEN JR,0,DEMOCRAT,JOSEPH R BIDEN JR,1588,DEMOCRAT,JOSEPH R BIDEN JR,4,GREEN,OTHER,2,GREEN,OTHER,8,GREEN,OTHER,0,GREEN,OTHER,0,GREEN,OTHER,9,GREEN,OTHER,0,LIBERTARIAN,JO JORGENSEN,3,LIBERTARIAN,JO JORGENSEN,5,LIBERTARIAN,JO JORGENSEN,0,LIBERTARIAN,JO JORGENSEN,0,LIBERTARIAN,JO JORGENSEN,11,LIBERTARIAN,JO JORGENSEN,0,OTHER,OTHER,0,OTHER,OTHER,1,OTHER,OTHER,0,OTHER,OTHER,0,OTHER,OTHER,1,OTHER,OTHER,0,REPUBLICAN,DONALD J TRUMP,59,REPUBLICAN,DONALD J TRUMP,442,REPUBLICAN,DONALD J TRUMP,0,REPUBLICAN,DONALD J TRUMP,0,REPUBLICAN,DONALD J TRUMP,330,REPUBLICAN,DONALD J TRUMP,4,
ANDERSON,2000,DEMOCRAT,AL GORE,19606,REPUBLICAN,GEORGE W. BUSH,35827,GREEN,RALPH NADER,777,OTHER,OTHER,471,
ANDERSON,2004,DEMOCRAT,JOHN KERRY,20697,REPUBLICAN,GEORGE W. BUSH,43355,OTHER,OTHER,670,
ANDERSON,2008,DEMOCRAT,BARACK OBAMA,24132,REPUBLICAN,JOHN MCCAIN,48690,OTHER,OTHER,965,
ANDERSON,2012,DEMOCRAT,BARACK OBAMA,22405,REPUBLICAN,MITT ROMNEY,48709,OTHER,OTHER,1098,
ANDERSON,2016,DEMOCRAT,HILLARY CLINTON,21097,REPUBLICAN,DONALD TRUMP,56232,OTHER,OTHER,3154,
ANDERSON,2020,DEMOCRAT,JOSEPH R BIDEN JR,7057,DEMOCRAT,JOSEPH R BIDEN JR,13771,DEMOCRAT,JOSEPH R BIDEN JR,35,DEMOCRAT,JOSEPH R BIDEN JR,66,DEMOCRAT,JOSEPH R BIDEN JR,6195,DEMOCRAT,JOSEPH R BIDEN JR,45,GREEN,OTHER,21,GREEN,OTHER,129,GREEN,OTHER,0,GREEN,OTHER,0,GREEN,OTHER,28,GREEN,OTHER,0,LIBERTARIAN,JO JORGENSEN,98,LIBERTARIAN,JO JORGENSEN,873,LIBERTARIAN,JO JORGENSEN,0,LIBERTARIAN,JO JORGENSEN,4,LIBERTARIAN,JO JORGENSEN,145,LIBERTARIAN,JO JORGENSEN,3,OTHER,OTHER,8,OTHER,OTHER,39,OTHER,OTHER,0,OTHER,OTHER,0,OTHER,OTHER,11,OTHER,OTHER,0,REPUBLICAN,DONALD J TRUMP,11505,REPUBLICAN,DONALD J TRUMP,49622,REPUBLICAN,DONALD J TRUMP,72,REPUBLICAN,DONALD J TRUMP,159,REPUBLICAN,DONALD J TRUMP,6110,REPUBLICAN,DONALD J TRUMP,97,
BAMBERG,2000,DEMOCRAT,AL GORE,3451,REPUBLICAN,GEORGE W. BUSH,2047,GREEN,RALPH NADER,19,OTHER,OTHER,34,
BAMBERG,2004,DEMOCRAT,JOHN KERRY,3841,REPUBLICAN,GEORGE W. BUSH,2138,OTHER,OTHER,57,
BAMBERG,2008,DEMOCRAT,BARACK OBAMA,4426,REPUBLICAN,JOHN MCCAIN,2309,OTHER,OTHER,79,
BAMBERG,2012,DEMOCRAT,BARACK OBAMA,4624,REPUBLICAN,MITT ROMNEY,2194,OTHER,OTHER,64,
BAMBERG,2016,DEMOCRAT,HILLARY CLINTON,3898,REPUBLICAN,DONALD TRUMP,2204,OTHER,OTHER,112,
BAMBERG,2020,DEMOCRAT,JOSEPH R BIDEN JR,814,DEMOCRAT,JOSEPH R BIDEN JR,1431,DEMOCRAT,JOSEPH R BIDEN JR,0,DEMOCRAT,JOSEPH R BIDEN JR,5,DEMOCRAT,JOSEPH R BIDEN JR,1760,DEMOCRAT,JOSEPH R BIDEN JR,0,GREEN,OTHER,0,GREEN,OTHER,8,GREEN,OTHER,0,GREEN,OTHER,0,GREEN,OTHER,9,GREEN,OTHER,0,LIBERTARIAN,JO JORGENSEN,5,LIBERTARIAN,JO JORGENSEN,14,LIBERTARIAN,JO JORGENSEN,0,LIBERTARIAN,JO JORGENSEN,1,LIBERTARIAN,JO JORGENSEN,11,LIBERTARIAN,JO JORGENSEN,0,OTHER,OTHER,1,OTHER,OTHER,1,OTHER,OTHER,0,OTHER,OTHER,0,OTHER,OTHER,5,OTHER,OTHER,0,REPUBLICAN,DONALD J TRUMP,180,REPUBLICAN,DONALD J TRUMP,1361,REPUBLICAN,DONALD J TRUMP,0,REPUBLICAN,DONALD J TRUMP,4,REPUBLICAN,DONALD J TRUMP,872,REPUBLICAN,DONALD J TRUMP,0,
BARNWELL,2000,DEMOCRAT,AL GORE,3661,REPUBLICAN,GEORGE W. BUSH,4521,GREEN,RALPH NADER,43,OTHER,OTHER,51,
BARNWELL,2004,DEMOCRAT,JOHN KERRY,3982,REPUBLICAN,GEORGE W. BUSH,4606,OTHER,OTHER,97,
BARNWELL,2008,DEMOCRAT,BARACK OBAMA,4931,REPUBLICAN,JOHN MCCAIN,4769,OTHER,OTHER,98,
BARNWELL,2012,DEMOCRAT,BARACK OBAMA,5188,REPUBLICAN,MITT ROMNEY,4659,OTHER,OTHER,76,
BARNWELL,2016,DEMOCRAT,HILLARY CLINTON,4400,REPUBLICAN,DONALD TRUMP,4889,OTHER,OTHER,196,
BARNWELL,2020,DEMOCRAT,JOSEPH R BIDEN JR,704,DEMOCRAT,JOSEPH R BIDEN JR,1746,DEMOCRAT,JOSEPH R BIDEN JR,10,DEMOCRAT,JOSEPH R BIDEN JR,0,DEMOCRAT,JOSEPH R BIDEN JR,2257,DEMOCRAT,JOSEPH R BIDEN JR,3,GREEN,OTHER,0,GREEN,OTHER,15,GREEN,OTHER,0,GREEN,OTHER,0,GREEN,OTHER,4,GREEN,OTHER,0,LIBERTARIAN,JO JORGENSEN,9,LIBERTARIAN,JO JORGENSEN,47,LIBERTARIAN,JO JORGENSEN,0,LIBERTARIAN,JO JORGENSEN,0,LIBERTARIAN,JO JORGENSEN,22,LIBERTARIAN,JO JORGENSEN,0,OTHER,OTHER,1,OTHER,OTHER,9,OTHER,OTHER,0,OTHER,OTHER,0,OTHER,OTHER,2,OTHER,OTHER,0,REPUBLICAN,DONALD J TRUMP,329,REPUBLICAN,DONALD J TRUMP,2862,REPUBLICAN,DONALD J TRUMP,8,REPUBLICAN,DONALD J TRUMP,0,REPUBLICAN,DONALD J TRUMP,2289,REPUBLICAN,DONALD J TRUMP,4,
BEAUFORT,2000,DEMOCRAT,AL GORE,17487,REPUBLICAN,GEORGE W. BUSH,25561,GREEN,RALPH NADER,846,OTHER,OTHER,254,
BEAUFORT,2004,DEMOCRAT,JOHN KERRY,21505,REPUBLICAN,GEORGE W. BUSH,33331,OTHER,OTHER,399,
BEAUFORT,2008,DEMOCRAT,BARACK OBAMA,30396,REPUBLICAN,JOHN MCCAIN,37821,OTHER,OTHER,653,
BEAUFORT,2012,DEMOCRAT,BARACK OBAMA,29848,REPUBLICAN,MITT ROMNEY,42687,OTHER,OTHER,762,
BEAUFORT,2016,DEMOCRAT,HILLARY CLINTON,32138,REPUBLICAN,DONALD TRUMP,42922,OTHER,OTHER,3464,
BEAUFORT,2020,DEMOCRAT,JOSEPH R BIDEN JR,13713,DEMOCRAT,JOSEPH R BIDEN JR,13221,DEMOCRAT,JOSEPH R BIDEN JR,63,DEMOCRAT,JOSEPH R BIDEN JR,33,DEMOCRAT,JOSEPH R BIDEN JR,16236,DEMOCRAT,JOSEPH R BIDEN JR,153,GREEN,OTHER,38,GREEN,OTHER,126,GREEN,OTHER,0,GREEN,OTHER,0,GREEN,OTHER,50,GREEN,OTHER,0,LIBERTARIAN,JO JORGENSEN,179,LIBERTARIAN,JO JORGENSEN,534,LIBERTARIAN,JO JORGENSEN,6,LIBERTARIAN,JO JORGENSEN,4,LIBERTARIAN,JO JORGENSEN,214,LIBERTARIAN,JO JORGENSEN,4,OTHER,OTHER,13,OTHER,OTHER,30,OTHER,OTHER,0,OTHER,OTHER,0,OTHER,OTHER,22,OTHER,OTHER,2,REPUBLICAN,DONALD J TRUMP,9122,REPUBLICAN,DONALD J TRUMP,26945,REPUBLICAN,DONALD J TRUMP,87,REPUBLICAN,DONALD J TRUMP,42,REPUBLICAN,DONALD J TRUMP,16804,REPUBLICAN,DONALD J TRUMP,194,
BERKELEY,2000,DEMOCRAT,AL GORE,17707,REPUBLICAN,GEORGE W. BUSH,24796,GREEN,RALPH NADER,464,OTHER,OTHER,349,
BERKELEY,2004,DEMOCRAT,JOHN KERRY,20142,REPUBLICAN,GEORGE W. BUSH,32104,OTHER,OTHER,691,
BERKELEY,2008,DEMOCRAT,BARACK OBAMA,27755,REPUBLICAN,JOHN MCCAIN,36205,OTHER,OTHER,821,
BERKELEY,2012,DEMOCRAT,BARACK OBAMA,28542,REPUBLICAN,MITT ROMNEY,38475,OTHER,OTHER,1178,
BERKELEY,2016,DEMOCRAT,HILLARY CLINTON,30705,REPUBLICAN,DONALD TRUMP,44587,OTHER,OTHER,4225,
BERKELEY,2020,DEMOCRAT,JOSEPH R BIDEN JR,11629,DEMOCRAT,JOSEPH R BIDEN JR,15464,DEMOCRAT,JOSEPH R BIDEN JR,16,DEMOCRAT,JOSEPH R BIDEN JR,23,DEMOCRAT,JOSEPH R BIDEN JR,18021,DEMOCRAT,JOSEPH R BIDEN JR,70,GREEN,OTHER,51,GREEN,OTHER,153,GREEN,OTHER,0,GREEN,OTHER,0,GREEN,OTHER,72,GREEN,OTHER,0,LIBERTARIAN,JO JORGENSEN,222,LIBERTARIAN,JO JORGENSEN,899,LIBERTARIAN,JO JORGENSEN,1,LIBERTARIAN,JO JORGENSEN,0,LIBERTARIAN,JO JORGENSEN,361,LIBERTARIAN,JO JORGENSEN,2,OTHER,OTHER,23,OTHER,OTHER,41,OTHER,OTHER,0,OTHER,OTHER,0,OTHER,OTHER,13,OTHER,OTHER,0,REPUBLICAN,DONALD J TRUMP,8375,REPUBLICAN,DONALD J TRUMP,30574,REPUBLICAN,DONALD J TRUMP,26,REPUBLICAN,DONALD J TRUMP,51,REPUBLICAN,DONALD J TRUMP,18313,REPUBLICAN,DONALD J TRUMP,58,
CALHOUN,2000,DEMOCRAT,AL GORE,3063,REPUBLICAN,GEORGE W. BUSH,3216,GREEN,RALPH NADER,60,OTHER,OTHER,34,
CALHOUN,2004,DEMOCRAT,JOHN KERRY,3393,REPUBLICAN,GEORGE W. BUSH,3448,OTHER,OTHER,78,
CALHOUN,2008,DEMOCRAT,BARACK OBAMA,3970,REPUBLICAN,JOHN MCCAIN,3695,OTHER,OTHER,73,
CALHOUN,2012,DEMOCRAT,BARACK OBAMA,4045,REPUBLICAN,MITT ROMNEY,3707,OTHER,OTHER,82,
CALHOUN,2016,DEMOCRAT,HILLARY CLINTON,3573,REPUBLICAN,DONALD TRUMP,3787,OTHER,OTHER,189,
CALHOUN,2020,DEMOCRAT,JOSEPH R BIDEN JR,784,DEMOCRAT,JOSEPH R BIDEN JR,1226,DEMOCRAT,JOSEPH R BIDEN JR,16,DEMOCRAT,JOSEPH R BIDEN JR,2,DEMOCRAT,JOSEPH R BIDEN JR,1877,DEMOCRAT,JOSEPH R BIDEN JR,0,GREEN,OTHER,2,GREEN,OTHER,9,GREEN,OTHER,0,GREEN,OTHER,0,GREEN,OTHER,7,GREEN,OTHER,0,LIBERTARIAN,JO JORGENSEN,9,LIBERTARIAN,JO JORGENSEN,36,LIBERTARIAN,JO JORGENSEN,0,LIBERTARIAN,JO JORGENSEN,0,LIBERTARIAN,JO JORGENSEN,13,LIBERTARIAN,JO JORGENSEN,0,OTHER,OTHER,0,OTHER,OTHER,3,OTHER,OTHER,0,OTHER,OTHER,0,OTHER,OTHER,2,OTHER,OTHER,0,REPUBLICAN,DONALD J TRUMP,357,REPUBLICAN,DONALD J TRUMP,2657,REPUBLICAN,DONALD J TRUMP,12,REPUBLICAN,DONALD J TRUMP,3,REPUBLICAN,DONALD J TRUMP,1276,REPUBLICAN,DONALD J TRUMP,0,
CHARLESTON,2000,DEMOCRAT,AL GORE,49520,REPUBLICAN,GEORGE W. BUSH,58229,GREEN,RALPH NADER,2631,OTHER,OTHER,1096,
CHARLESTON,2004,DEMOCRAT,JOHN KERRY,63758,REPUBLICAN,GEORGE W. BUSH,70297,OTHER,OTHER,2261,
CHARLESTON,2008,DEMOCRAT,BARACK OBAMA,82698,REPUBLICAN,JOHN MCCAIN,69822,OTHER,OTHER,1914,
CHARLESTON,2012,DEMOCRAT,BARACK OBAMA,81487,REPUBLICAN,MITT ROMNEY,77629,OTHER,OTHER,2591,
CHARLESTON,2016,DEMOCRAT,HILLARY CLINTON,89299,REPUBLICAN,DONALD TRUMP,75443,OTHER,OTHER,11603,
CHARLESTON,2020,DEMOCRAT,JOSEPH R BIDEN JR,39335,DEMOCRAT,JOSEPH R BIDEN JR,25649,DEMOCRAT,JOSEPH R BIDEN JR,92,DEMOCRAT,JOSEPH R BIDEN JR,164,DEMOCRAT,JOSEPH R BIDEN JR,56016,DEMOCRAT,JOSEPH R BIDEN JR,229,GREEN,OTHER,155,GREEN,OTHER,318,GREEN,OTHER,2,GREEN,OTHER,2,GREEN,OTHER,262,GREEN,OTHER,4,LIBERTARIAN,JO JORGENSEN,643,LIBERTARIAN,JO JORGENSEN,1262,LIBERTARIAN,JO JORGENSEN,0,LIBERTARIAN,JO JORGENSEN,4,LIBERTARIAN,JO JORGENSEN,1261,LIBERTARIAN,JO JORGENSEN,7,OTHER,OTHER,39,OTHER,OTHER,59,OTHER,OTHER,0,OTHER,OTHER,1,OTHER,OTHER,55,OTHER,OTHER,1,REPUBLICAN,DONALD J TRUMP,19661,REPUBLICAN,DONALD J TRUMP,29421,REPUBLICAN,DONALD J TRUMP,33,REPUBLICAN,DONALD J TRUMP,127,REPUBLICAN,DONALD J TRUMP,43845,REPUBLICAN,DONALD J TRUMP,210,
CHEROKEE,2000,DEMOCRAT,AL GORE,6138,REPUBLICAN,GEORGE W. BUSH,9900,GREEN,RALPH NADER,144,OTHER,OTHER,141,
CHEROKEE,2004,DEMOCRAT,JOHN KERRY,6466,REPUBLICAN,GEORGE W. BUSH,12090,OTHER,OTHER,158,
CHEROKEE,2008,DEMOCRAT,BARACK OBAMA,7215,REPUBLICAN,JOHN MCCAIN,13305,OTHER,OTHER,246,
CHEROKEE,2012,DEMOCRAT,BARACK OBAMA,7231,REPUBLICAN,MITT ROMNEY,13314,OTHER,OTHER,228,
CHEROKEE,2016,DEMOCRAT,HILLARY CLINTON,6092,REPUBLICAN,DONALD TRUMP,15167,OTHER,OTHER,500,
CHEROKEE,2020,DEMOCRAT,JOSEPH R BIDEN JR,649,DEMOCRAT,JOSEPH R BIDEN JR,2976,DEMOCRAT,JOSEPH R BIDEN JR,29,DEMOCRAT,JOSEPH R BIDEN JR,0,DEMOCRAT,JOSEPH R BIDEN JR,3327,DEMOCRAT,JOSEPH R BIDEN JR,2,GREEN,OTHER,4,GREEN,OTHER,24,GREEN,OTHER,0,GREEN,OTHER,0,GREEN,OTHER,20,GREEN,OTHER,0,LIBERTARIAN,JO JORGENSEN,9,LIBERTARIAN,JO JORGENSEN,119,LIBERTARIAN,JO JORGENSEN,0,LIBERTARIAN,JO JORGENSEN,0,LIBERTARIAN,JO JORGENSEN,58,LIBERTARIAN,JO JORGENSEN,0,OTHER,OTHER,1,OTHER,OTHER,5,OTHER,OTHER,0,OTHER,OTHER,0,OTHER,OTHER,4,OTHER,OTHER,0,REPUBLICAN,DONALD J TRUMP,690,REPUBLICAN,DONALD J TRUMP,11462,REPUBLICAN,DONALD J TRUMP,72,REPUBLICAN,DONALD J TRUMP,0,REPUBLICAN,DONALD J TRUMP,5816,REPUBLICAN,DONALD J TRUMP,3,
CHESTER,2000,DEMOCRAT,AL GORE,5242,REPUBLICAN,GEORGE W. BUSH,4986,GREEN,RALPH NADER,98,OTHER,OTHER,106,
CHESTER,2004,DEMOCRAT,JOHN KERRY,5790,REPUBLICAN,GEORGE W. BUSH,5798,OTHER,OTHER,141,
CHESTER,2008,DEMOCRAT,BARACK OBAMA,7478,REPUBLICAN,JOHN MCCAIN,6318,OTHER,OTHER,185,
CHESTER,2012,DEMOCRAT,BARACK OBAMA,7891,REPUBLICAN,MITT ROMNEY,6367,OTHER,OTHER,149,
CHESTER,2016,DEMOCRAT,HILLARY CLINTON,6579,REPUBLICAN,DONALD TRUMP,7265,OTHER,OTHER,348,
CHESTER,2020,DEMOCRAT,JOSEPH R BIDEN JR,855,DEMOCRAT,JOSEPH R BIDEN JR,2467,DEMOCRAT,JOSEPH R BIDEN JR,1,DEMOCRAT,JOSEPH R BIDEN JR,0,DEMOCRAT,JOSEPH R BIDEN JR,3618,DEMOCRAT,JOSEPH R BIDEN JR,0,GREEN,OTHER,4,GREEN,OTHER,24,GREEN,OTHER,0,GREEN,OTHER,0,GREEN,OTHER,9,GREEN,OTHER,0,LIBERTARIAN,JO JORGENSEN,8,LIBERTARIAN,JO JORGENSEN,71,LIBERTARIAN,JO JORGENSEN,0,LIBERTARIAN,JO JORGENSEN,0,LIBERTARIAN,JO JORGENSEN,29,LIBERTARIAN,JO JORGENSEN,0,OTHER,OTHER,0,OTHER,OTHER,5,OTHER,OTHER,0,OTHER,OTHER,0,OTHER,OTHER,6,OTHER,OTHER,0,REPUBLICAN,DONALD J TRUMP,512,REPUBLICAN,DONALD J TRUMP,4986,REPUBLICAN,DONALD J TRUMP,0,REPUBLICAN,DONALD J TRUMP,0,REPUBLICAN,DONALD J TRUMP,3159,REPUBLICAN,DONALD J TRUMP,3,
CHESTERFIELD,2000,DEMOCRAT,AL GORE,6111,REPUBLICAN,GEORGE W. BUSH,6266,GREEN,RALPH NADER,105,OTHER,OTHER,44,
CHESTERFIELD,2004,DEMOCRAT,JOHN KERRY,6729,REPUBLICAN,GEORGE W. BUSH,7252,OTHER,OTHER,68,
CHESTERFIELD,2008,DEMOCRAT,BARACK OBAMA,7842,REPUBLICAN,JOHN MCCAIN,8325,OTHER,OTHER,192,
CHESTERFIELD,2012,DEMOCRAT,BARACK OBAMA,7958,REPUBLICAN,MITT ROMNEY,8490,OTHER,OTHER,146,
CHESTERFIELD,2016,DEMOCRAT,HILLARY CLINTON,6858,REPUBLICAN,DONALD TRUMP,9312,OTHER,OTHER,411,
CHESTERFIELD,2020,DEMOCRAT,JOSEPH R BIDEN JR,938,DEMOCRAT,JOSEPH R BIDEN JR,3002,DEMOCRAT,JOSEPH R BIDEN JR,0,DEMOCRAT,JOSEPH R BIDEN JR,0,DEMOCRAT,JOSEPH R BIDEN JR,3487,DEMOCRAT,JOSEPH R BIDEN JR,4,GREEN,OTHER,0,GREEN,OTHER,18,GREEN,OTHER,0,GREEN,OTHER,0,GREEN,OTHER,10,GREEN,OTHER,0,LIBERTARIAN,JO JORGENSEN,7,LIBERTARIAN,JO JORGENSEN,71,LIBERTARIAN,JO JORGENSEN,0,LIBERTARIAN,JO JORGENSEN,0,LIBERTARIAN,JO JORGENSEN,31,LIBERTARIAN,JO JORGENSEN,0,OTHER,OTHER,0,OTHER,OTHER,11,OTHER,OTHER,0,OTHER,OTHER,0,OTHER,OTHER,0,OTHER,OTHER,0,REPUBLICAN,DONALD J TRUMP,563,REPUBLICAN,DONALD J TRUMP,6856,REPUBLICAN,DONALD J TRUMP,0,REPUBLICAN,DONALD J TRUMP,2,REPUBLICAN,DONALD J TRUMP,3860,REPUBLICAN,DONALD J TRUMP,16,
CLARENDON,2000,DEMOCRAT,AL GORE,5999,REPUBLICAN,GEORGE W. BUSH,5186,GREEN,RALPH NADER,64,OTHER,OTHER,41,
CLARENDON,2004,DEMOCRAT,JOHN KERRY,7087,REPUBLICAN,GEORGE W. BUSH,6061,OTHER,OTHER,52,
CLARENDON,2008,DEMOCRAT,BARACK OBAMA,8673,REPUBLICAN,JOHN MCCAIN,6758,OTHER,OTHER,121,
CLARENDON,2012,DEMOCRAT,BARACK OBAMA,9091,REPUBLICAN,MITT ROMNEY,7071,OTHER,OTHER,130,
CLARENDON,2016,DEMOCRAT,HILLARY CLINTON,7732,REPUBLICAN,DONALD TRUMP,7386,OTHER,OTHER,277,
CLARENDON,2020,DEMOCRAT,JOSEPH R BIDEN JR,1893,DEMOCRAT,JOSEPH R BIDEN JR,2101,DEMOCRAT,JOSEPH R BIDEN JR,3,DEMOCRAT,JOSEPH R BIDEN JR,0,DEMOCRAT,JOSEPH R BIDEN JR,4253,DEMOCRAT,JOSEPH R BIDEN JR,0,GREEN,OTHER,7,GREEN,OTHER,16,GREEN,OTHER,0,GREEN,OTHER,0,GREEN,OTHER,19,GREEN,OTHER,0,LIBERTARIAN,JO JORGENSEN,3,LIBERTARIAN,JO JORGENSEN,36,LIBERTARIAN,JO JORGENSEN,0,LIBERTARIAN,JO JORGENSEN,0,LIBERTARIAN,JO JORGENSEN,28,LIBERTARIAN,JO JORGENSEN,0,OTHER,OTHER,0,OTHER,OTHER,7,OTHER,OTHER,0,OTHER,OTHER,0,OTHER,OTHER,6,OTHER,OTHER,0,REPUBLICAN,DONALD J TRUMP,716,REPUBLICAN,DONALD J TRUMP,4345,REPUBLICAN,DONALD J TRUMP,3,REPUBLICAN,DONALD J TRUMP,0,REPUBLICAN,DONALD J TRUMP,3297,REPUBLICAN,DONALD J TRUMP,0,
COLLETON,2000,DEMOCRAT,AL GORE,6449,REPUBLICAN,GEORGE W. BUSH,6767,GREEN,RALPH NADER,104,OTHER,OTHER,70,
COLLETON,2004,DEMOCRAT,JOHN KERRY,6699,REPUBLICAN,GEORGE W. BUSH,7264,OTHER,OTHER,143,
COLLETON,2008,DEMOCRAT,BARACK OBAMA,8616,REPUBLICAN,JOHN MCCAIN,8525,OTHER,OTHER,180,
COLLETON,2012,DEMOCRAT,BARACK OBAMA,8475,REPUBLICAN,MITT ROMNEY,8443,OTHER,OTHER,168,
COLLETON,2016,DEMOCRAT,HILLARY CLINTON,7627,REPUBLICAN,DONALD TRUMP,9091,OTHER,OTHER,533,
COLLETON,2020,DEMOCRAT,JOSEPH R BIDEN JR,1708,DEMOCRAT,JOSEPH R BIDEN JR,2894,DEMOCRAT,JOSEPH R BIDEN JR,0,DEMOCRAT,JOSEPH R BIDEN JR,3,DEMOCRAT,JOSEPH R BIDEN JR,3969,DEMOCRAT,JOSEPH R BIDEN JR,28,GREEN,OTHER,4,GREEN,OTHER,33,GREEN,OTHER,0,GREEN,OTHER,0,GREEN,OTHER,19,GREEN,OTHER,0,LIBERTARIAN,JO JORGENSEN,21,LIBERTARIAN,JO JORGENSEN,108,LIBERTARIAN,JO JORGENSEN,0,LIBERTARIAN,JO JORGENSEN,0,LIBERTARIAN,JO JORGENSEN,49,LIBERTARIAN,JO JORGENSEN,0,OTHER,OTHER,0,OTHER,OTHER,4,OTHER,OTHER,0,OTHER,OTHER,0,OTHER,OTHER,3,OTHER,OTHER,0,REPUBLICAN,DONALD J TRUMP,921,REPUBLICAN,DONALD J TRUMP,6067,REPUBLICAN,DONALD J TRUMP,0,REPUBLICAN,DONALD J TRUMP,5,REPUBLICAN,DONALD J TRUMP,3412,REPUBLICAN,DONALD J TRUMP,35,
DARLINGTON,2000,DEMOCRAT,AL GORE,10253,REPUBLICAN,GEORGE W. BUSH,11290,GREEN,RALPH NADER,166,OTHER,OTHER,154,
DARLINGTON,2004,DEMOCRAT,JOHN KERRY,11829,REPUBLICAN,GEORGE W. BUSH,13416,OTHER,OTHER,209,
DARLINGTON,2008,DEMOCRAT,BARACK OBAMA,14505,REPUBLICAN,JOHN MCCAIN,14544,OTHER,OTHER,285,
DARLINGTON,2012,DEMOCRAT,BARACK OBAMA,15457,REPUBLICAN,MITT ROMNEY,14434,OTHER,OTHER,259,
DARLINGTON,2016,DEMOCRAT,HILLARY CLINTON,13888,REPUBLICAN,DONALD TRUMP,14989,OTHER,OTHER,797,
DARLINGTON,2020,DEMOCRAT,JOSEPH R BIDEN JR,2477,DEMOCRAT,JOSEPH R BIDEN JR,4673,DEMOCRAT,JOSEPH R BIDEN JR,0,DEMOCRAT,JOSEPH R BIDEN JR,2,DEMOCRAT,JOSEPH R BIDEN JR,8049,DEMOCRAT,JOSEPH R BIDEN JR,19,GREEN,OTHER,5,GREEN,OTHER,41,GREEN,OTHER,0,GREEN,OTHER,0,GREEN,OTHER,31,GREEN,OTHER,0,LIBERTARIAN,JO JORGENSEN,28,LIBERTARIAN,JO JORGENSEN,146,LIBERTARIAN,JO JORGENSEN,0,LIBERTARIAN,JO JORGENSEN,0,LIBERTARIAN,JO JORGENSEN,85,LIBERTARIAN,JO JORGENSEN,1,OTHER,OTHER,6,OTHER,OTHER,17,OTHER,OTHER,0,OTHER,OTHER,0,OTHER,OTHER,5,OTHER,OTHER,0,REPUBLICAN,DONALD J TRUMP,1174,REPUBLICAN,DONALD J TRUMP,8807,REPUBLICAN,DONALD J TRUMP,0,REPUBLICAN,DONALD J TRUMP,5,REPUBLICAN,DONALD J TRUMP,6827,REPUBLICAN,DONALD J TRUMP,19,
DILLON,2000,DEMOCRAT,AL GORE,4930,REPUBLICAN,GEORGE W. BUSH,3975,GREEN,RALPH NADER,46,OTHER,OTHER,39,
DILLON,2004,DEMOCRAT,JOHN KERRY,4832,REPUBLICAN,GEORGE W. BUSH,4301,OTHER,OTHER,102,
DILLON,2008,DEMOCRAT,BARACK OBAMA,7408,REPUBLICAN,JOHN MCCAIN,5874,OTHER,OTHER,135,
DILLON,2012,DEMOCRAT,BARACK OBAMA,7523,REPUBLICAN,MITT ROMNEY,5427,OTHER,OTHER,85,
DILLON,2016,DEMOCRAT,HILLARY CLINTON,5834,REPUBLICAN,DONALD TRUMP,5637,OTHER,OTHER,227,
DILLON,2020,DEMOCRAT,JOSEPH R BIDEN JR,1396,DEMOCRAT,JOSEPH R BIDEN JR,2858,DEMOCRAT,JOSEPH R BIDEN JR,0,DEMOCRAT,JOSEPH R BIDEN JR,0,DEMOCRAT,JOSEPH R BIDEN JR,2181,DEMOCRAT,JOSEPH R BIDEN JR,1,GREEN,OTHER,3,GREEN,OTHER,22,GREEN,OTHER,0,GREEN,OTHER,0,GREEN,OTHER,11,GREEN,OTHER,0,LIBERTARIAN,JO JORGENSEN,3,LIBERTARIAN,JO JORGENSEN,28,LIBERTARIAN,JO JORGENSEN,0,LIBERTARIAN,JO JORGENSEN,0,LIBERTARIAN,JO JORGENSEN,7,LIBERTARIAN,JO JORGENSEN,0,OTHER,OTHER,0,OTHER,OTHER,6,OTHER,OTHER,0,OTHER,OTHER,0,OTHER,OTHER,3,OTHER,OTHER,0,REPUBLICAN,DONALD J TRUMP,659,REPUBLICAN,DONALD J TRUMP,4186,REPUBLICAN,DONALD J TRUMP,0,REPUBLICAN,DONALD J TRUMP,0,REPUBLICAN,DONALD J TRUMP,1733,REPUBLICAN,DONALD J TRUMP,4,
DORCHESTER,2000,DEMOCRAT,AL GORE,12168,REPUBLICAN,GEORGE W. BUSH,20734,GREEN,RALPH NADER,476,OTHER,OTHER,263,
DORCHESTER,2004,DEMOCRAT,JOHN KERRY,14733,REPUBLICAN,GEORGE W. BUSH,26006,OTHER,OTHER,578,
DORCHESTER,2008,DEMOCRAT,BARACK OBAMA,21806,REPUBLICAN,JOHN MCCAIN,29929,OTHER,OTHER,670,
DORCHESTER,2012,DEMOCRAT,BARACK OBAMA,23445,REPUBLICAN,MITT ROMNEY,32531,OTHER,OTHER,879,
DORCHESTER,2016,DEMOCRAT,HILLARY CLINTON,24055,REPUBLICAN,DONALD TRUMP,34987,OTHER,OTHER,3525,
DORCHESTER,2020,DEMOCRAT,JOSEPH R BIDEN JR,8282,DEMOCRAT,JOSEPH R BIDEN JR,10325,DEMOCRAT,JOSEPH R BIDEN JR,1,DEMOCRAT,JOSEPH R BIDEN JR,23,DEMOCRAT,JOSEPH R BIDEN JR,15137,DEMOCRAT,JOSEPH R BIDEN JR,56,GREEN,OTHER,50,GREEN,OTHER,127,GREEN,OTHER,0,GREEN,OTHER,0,GREEN,OTHER,61,GREEN,OTHER,1,LIBERTARIAN,JO JORGENSEN,192,LIBERTARIAN,JO JORGENSEN,660,LIBERTARIAN,JO JORGENSEN,0,LIBERTARIAN,JO JORGENSEN,2,LIBERTARIAN,JO JORGENSEN,361,LIBERTARIAN,JO JORGENSEN,4,OTHER,OTHER,23,OTHER,OTHER,38,OTHER,OTHER,0,OTHER,OTHER,0,OTHER,OTHER,21,OTHER,OTHER,1,REPUBLICAN,DONALD J TRUMP,5456,REPUBLICAN,DONALD J TRUMP,19301,REPUBLICAN,DONALD J TRUMP,2,REPUBLICAN,DONALD J TRUMP,40,REPUBLICAN,DONALD J TRUMP,17058,REPUBLICAN,DONALD J TRUMP,56,
EDGEFIELD,2000,DEMOCRAT,AL GORE,3950,REPUBLICAN,GEORGE W. BUSH,4760,GREEN,RALPH NADER,65,OTHER,OTHER,59,
EDGEFIELD,2004,DEMOCRAT,JOHN KERRY,4051,REPUBLICAN,GEORGE W. BUSH,5611,OTHER,OTHER,84,
EDGEFIELD,2008,DEMOCRAT,BARACK OBAMA,5075,REPUBLICAN,JOHN MCCAIN,6334,OTHER,OTHER,111,
EDGEFIELD,2012,DEMOCRAT,BARACK OBAMA,4967,REPUBLICAN,MITT ROMNEY,6512,OTHER,OTHER,107,
EDGEFIELD,2016,DEMOCRAT,HILLARY CLINTON,4491,REPUBLICAN,DONALD TRUMP,6842,OTHER,OTHER,311,
EDGEFIELD,2020,DEMOCRAT,JOSEPH R BIDEN JR,920,DEMOCRAT,JOSEPH R BIDEN JR,1805,DEMOCRAT,JOSEPH R BIDEN JR,0,DEMOCRAT,JOSEPH R BIDEN JR,0,DEMOCRAT,JOSEPH R BIDEN JR,2228,DEMOCRAT,JOSEPH R BIDEN JR,0,GREEN,OTHER,2,GREEN,OTHER,21,GREEN,OTHER,0,GREEN,OTHER,0,GREEN,OTHER,16,GREEN,OTHER,0,LIBERTARIAN,JO JORGENSEN,6,LIBERTARIAN,JO JORGENSEN,71,LIBERTARIAN,JO JORGENSEN,0,LIBERTARIAN,JO JORGENSEN,0,LIBERTARIAN,JO JORGENSEN,43,LIBERTARIAN,JO JORGENSEN,0,OTHER,OTHER,1,OTHER,OTHER,2,OTHER,OTHER,0,OTHER,OTHER,0,OTHER,OTHER,5,OTHER,OTHER,0,REPUBLICAN,DONALD J TRUMP,652,REPUBLICAN,DONALD J TRUMP,4322,REPUBLICAN,DONALD J TRUMP,1,REPUBLICAN,DONALD J TRUMP,0,REPUBLICAN,DONALD J TRUMP,3208,REPUBLICAN,DONALD J TRUMP,1,
FAIRFIELD,2000,DEMOCRAT,AL GORE,5263,REPUBLICAN,GEORGE W. BUSH,3011,GREEN,RALPH NADER,70,OTHER,OTHER,54,
FAIRFIELD,2004,DEMOCRAT,JOHN KERRY,5764,REPUBLICAN,GEORGE W. BUSH,3531,OTHER,OTHER,140,
FAIRFIELD,2008,DEMOCRAT,BARACK OBAMA,7591,REPUBLICAN,JOHN MCCAIN,3912,OTHER,OTHER,116,
FAIRFIELD,2012,DEMOCRAT,BARACK OBAMA,7777,REPUBLICAN,MITT ROMNEY,3999,OTHER,OTHER,119,
FAIRFIELD,2016,DEMOCRAT,HILLARY CLINTON,6945,REPUBLICAN,DONALD TRUMP,4027,OTHER,OTHER,295,
FAIRFIELD,2020,DEMOCRAT,JOSEPH R BIDEN JR,1206,DEMOCRAT,JOSEPH R BIDEN JR,2744,DEMOCRAT,JOSEPH R BIDEN JR,5,DEMOCRAT,JOSEPH R BIDEN JR,5,DEMOCRAT,JOSEPH R BIDEN JR,3414,DEMOCRAT,JOSEPH R BIDEN JR,8,GREEN,OTHER,3,GREEN,OTHER,25,GREEN,OTHER,0,GREEN,OTHER,0,GREEN,OTHER,13,GREEN,OTHER,0,LIBERTARIAN,JO JORGENSEN,7,LIBERTARIAN,JO JORGENSEN,51,LIBERTARIAN,JO JORGENSEN,0,LIBERTARIAN,JO JORGENSEN,0,LIBERTARIAN,JO JORGENSEN,19,LIBERTARIAN,JO JORGENSEN,1,OTHER,OTHER,1,OTHER,OTHER,7,OTHER,OTHER,0,OTHER,OTHER,0,OTHER,OTHER,2,OTHER,OTHER,0,REPUBLICAN,DONALD J TRUMP,568,REPUBLICAN,DONALD J TRUMP,2493,REPUBLICAN,DONALD J TRUMP,3,REPUBLICAN,DONALD J TRUMP,2,REPUBLICAN,DONALD J TRUMP,1556,REPUBLICAN,DONALD J TRUMP,3,
FLORENCE,2000,DEMOCRAT,AL GORE,17157,REPUBLICAN,GEORGE W. BUSH,23678,GREEN,RALPH NADER,394,OTHER,OTHER,208,
FLORENCE,2004,DEMOCRAT,JOHN KERRY,21442,REPUBLICAN,GEORGE W. BUSH,27689,OTHER,OTHER,414,
FLORENCE,2008,DEMOCRAT,BARACK OBAMA,28012,REPUBLICAN,JOHN MCCAIN,29861,OTHER,OTHER,500,
FLORENCE,2012,DEMOCRAT,BARACK OBAMA,28614,REPUBLICAN,MITT ROMNEY,28961,OTHER,OTHER,547,
FLORENCE,2016,DEMOCRAT,HILLARY CLINTON,26710,REPUBLICAN,DONALD TRUMP,29573,OTHER,OTHER,1648,
FLORENCE,2020,DEMOCRAT,JOSEPH R BIDEN JR,3784,DEMOCRAT,JOSEPH R BIDEN JR,10715,DEMOCRAT,JOSEPH R BIDEN JR,0,DEMOCRAT,JOSEPH R BIDEN JR,4,DEMOCRAT,JOSEPH R BIDEN JR,16637,DEMOCRAT,JOSEPH R BIDEN JR,13,GREEN,OTHER,26,GREEN,OTHER,92,GREEN,OTHER,0,GREEN,OTHER,1,GREEN,OTHER,75,GREEN,OTHER,0,LIBERTARIAN,JO JORGENSEN,35,LIBERTARIAN,JO JORGENSEN,311,LIBERTARIAN,JO JORGENSEN,0,LIBERTARIAN,JO JORGENSEN,0,LIBERTARIAN,JO JORGENSEN,157,LIBERTARIAN,JO JORGENSEN,0,OTHER,OTHER,3,OTHER,OTHER,22,OTHER,OTHER,0,OTHER,OTHER,0,OTHER,OTHER,20,OTHER,OTHER,0,REPUBLICAN,DONALD J TRUMP,2255,REPUBLICAN,DONALD J TRUMP,17596,REPUBLICAN,DONALD J TRUMP,0,REPUBLICAN,DONALD J TRUMP,10,REPUBLICAN,DONALD J TRUMP,12736,REPUBLICAN,DONALD J TRUMP,18,
GEORGETOWN,2000,DEMOCRAT,AL GORE,9445,REPUBLICAN,GEORGE W. BUSH,10535,GREEN,RALPH NADER,270,OTHER,OTHER,101,
GEORGETOWN,2004,DEMOCRAT,JOHN KERRY,10602,REPUBLICAN,GEORGE W. BUSH,12606,OTHER,OTHER,385,
GEORGETOWN,2008,DEMOCRAT,BARACK OBAMA,14199,REPUBLICAN,JOHN MCCAIN,15790,OTHER,OTHER,301,
GEORGETOWN,2012,DEMOCRAT,BARACK OBAMA,14163,REPUBLICAN,MITT ROMNEY,16526,OTHER,OTHER,276,
GEORGETOWN,2016,DEMOCRAT,HILLARY CLINTON,13310,REPUBLICAN,DONALD TRUMP,17389,OTHER,OTHER,958,
GEORGETOWN,2020,DEMOCRAT,JOSEPH R BIDEN JR,4025,DEMOCRAT,JOSEPH R BIDEN JR,5373,DEMOCRAT,JOSEPH R BIDEN JR,0,DEMOCRAT,JOSEPH R BIDEN JR,13,DEMOCRAT,JOSEPH R BIDEN JR,6391,DEMOCRAT,JOSEPH R BIDEN JR,20,GREEN,OTHER,14,GREEN,OTHER,48,GREEN,OTHER,0,GREEN,OTHER,0,GREEN,OTHER,29,GREEN,OTHER,2,LIBERTARIAN,JO JORGENSEN,43,LIBERTARIAN,JO JORGENSEN,134,LIBERTARIAN,JO JORGENSEN,0,LIBERTARIAN,JO JORGENSEN,0,LIBERTARIAN,JO JORGENSEN,58,LIBERTARIAN,JO JORGENSEN,2,OTHER,OTHER,4,OTHER,OTHER,15,OTHER,OTHER,0,OTHER,OTHER,0,OTHER,OTHER,10,OTHER,OTHER,0,REPUBLICAN,DONALD J TRUMP,2612,REPUBLICAN,DONALD J TRUMP,10252,REPUBLICAN,DONALD J TRUMP,0,REPUBLICAN,DONALD J TRUMP,21,REPUBLICAN,DONALD J TRUMP,7567,REPUBLICAN,DONALD J TRUMP,35,
GREENVILLE,2000,DEMOCRAT,AL GORE,43810,REPUBLICAN,GEORGE W. BUSH,92714,GREEN,RALPH NADER,2388,OTHER,OTHER,1381,
GREENVILLE,2004,DEMOCRAT,JOHN KERRY,55347,REPUBLICAN,GEORGE W. BUSH,111481,OTHER,OTHER,2005,
GREENVILLE,2008,DEMOCRAT,BARACK OBAMA,70886,REPUBLICAN,JOHN MCCAIN,116363,OTHER,OTHER,3408,
GREENVILLE,2012,DEMOCRAT,BARACK OBAMA,68070,REPUBLICAN,MITT ROMNEY,121685,OTHER,OTHER,3434,
GREENVILLE,2016,DEMOCRAT,HILLARY CLINTON,74483,REPUBLICAN,DONALD TRUMP,127832,OTHER,OTHER,12850,
GREENVILLE,2020,DEMOCRAT,JOSEPH R BIDEN JR,26879,DEMOCRAT,JOSEPH R BIDEN JR,48733,DEMOCRAT,JOSEPH R BIDEN JR,166,DEMOCRAT,JOSEPH R BIDEN JR,310,DEMOCRAT,JOSEPH R BIDEN JR,26864,DEMOCRAT,JOSEPH R BIDEN JR,78,GREEN,OTHER,114,GREEN,OTHER,484,GREEN,OTHER,4,GREEN,OTHER,1,GREEN,OTHER,95,GREEN,OTHER,0,LIBERTARIAN,JO JORGENSEN,586,LIBERTARIAN,JO JORGENSEN,3180,LIBERTARIAN,JO JORGENSEN,5,LIBERTARIAN,JO JORGENSEN,39,LIBERTARIAN,JO JORGENSEN,365,LIBERTARIAN,JO JORGENSEN,4,OTHER,OTHER,56,OTHER,OTHER,149,OTHER,OTHER,1,OTHER,OTHER,2,OTHER,OTHER,19,OTHER,OTHER,0,REPUBLICAN,DONALD J TRUMP,18193,REPUBLICAN,DONALD J TRUMP,110201,REPUBLICAN,DONALD J TRUMP,181,REPUBLICAN,DONALD J TRUMP,619,REPUBLICAN,DONALD J TRUMP,20679,REPUBLICAN,DONALD J TRUMP,148,
GREENWOOD,2000,DEMOCRAT,AL GORE,8139,REPUBLICAN,GEORGE W. BUSH,12193,GREEN,RALPH NADER,263,OTHER,OTHER,265,
GREENWOOD,2004,DEMOCRAT,JOHN KERRY,8954,REPUBLICAN,GEORGE W. BUSH,14264,OTHER,OTHER,224,
GREENWOOD,2008,DEMOCRAT,BARACK OBAMA,12348,REPUBLICAN,JOHN MCCAIN,16995,OTHER,OTHER,324,
GREENWOOD,2012,DEMOCRAT,BARACK OBAMA,11972,REPUBLICAN,MITT ROMNEY,16348,OTHER,OTHER,352,
GREENWOOD,2016,DEMOCRAT,HILLARY CLINTON,10711,REPUBLICAN,DONALD TRUMP,16961,OTHER,OTHER,1091,
GREENWOOD,2020,DEMOCRAT,JOSEPH R BIDEN JR,2191,DEMOCRAT,JOSEPH R BIDEN JR,4729,DEMOCRAT,JOSEPH R BIDEN JR,68,DEMOCRAT,JOSEPH R BIDEN JR,21,DEMOCRAT,JOSEPH R BIDEN JR,5102,DEMOCRAT,JOSEPH R BIDEN JR,34,GREEN,OTHER,8,GREEN,OTHER,48,GREEN,OTHER,1,GREEN,OTHER,0,GREEN,OTHER,38,GREEN,OTHER,0,LIBERTARIAN,JO JORGENSEN,25,LIBERTARIAN,JO JORGENSEN,201,LIBERTARIAN,JO JORGENSEN,2,LIBERTARIAN,JO JORGENSEN,0,LIBERTARIAN,JO JORGENSEN,90,LIBERTARIAN,JO JORGENSEN,0,OTHER,OTHER,0,OTHER,OTHER,9,OTHER,OTHER,0,OTHER,OTHER,0,OTHER,OTHER,8,OTHER,OTHER,0,REPUBLICAN,DONALD J TRUMP,2048,REPUBLICAN,DONALD J TRUMP,11399,REPUBLICAN,DONALD J TRUMP,59,REPUBLICAN,DONALD J TRUMP,20,REPUBLICAN,DONALD J TRUMP,5860,REPUBLICAN,DONALD J TRUMP,45,
HAMPTON,2000,DEMOCRAT,AL GORE,4896,REPUBLICAN,GEORGE W. BUSH,2798,GREEN,RALPH NADER,39,OTHER,OTHER,26,
HAMPTON,2004,DEMOCRAT,JOHN KERRY,4832,REPUBLICAN,GEORGE W. BUSH,3097,OTHER,OTHER,87,
HAMPTON,2008,DEMOCRAT,BARACK OBAMA,5816,REPUBLICAN,JOHN MCCAIN,3439,OTHER,OTHER,95,
HAMPTON,2012,DEMOCRAT,BARACK OBAMA,5834,REPUBLICAN,MITT ROMNEY,3312,OTHER,OTHER,60,
HAMPTON,2016,DEMOCRAT,HILLARY CLINTON,5170,REPUBLICAN,DONALD TRUMP,3488,OTHER,OTHER,148,
HAMPTON,2020,DEMOCRAT,JOSEPH R BIDEN JR,1345,DEMOCRAT,JOSEPH R BIDEN JR,1961,DEMOCRAT,JOSEPH R BIDEN JR,4,DEMOCRAT,JOSEPH R BIDEN JR,0,DEMOCRAT,JOSEPH R BIDEN JR,2002,DEMOCRAT,JOSEPH R BIDEN JR,11,GREEN,OTHER,3,GREEN,OTHER,11,GREEN,OTHER,0,GREEN,OTHER,0,GREEN,OTHER,8,GREEN,OTHER,0,LIBERTARIAN,JO JORGENSEN,5,LIBERTARIAN,JO JORGENSEN,28,LIBERTARIAN,JO JORGENSEN,0,LIBERTARIAN,JO JORGENSEN,0,LIBERTARIAN,JO JORGENSEN,11,LIBERTARIAN,JO JORGENSEN,0,OTHER,OTHER,0,OTHER,OTHER,3,OTHER,OTHER,0,OTHER,OTHER,0,OTHER,OTHER,7,OTHER,OTHER,0,REPUBLICAN,DONALD J TRUMP,333,REPUBLICAN,DONALD J TRUMP,2475,REPUBLICAN,DONALD J TRUMP,5,REPUBLICAN,DONALD J TRUMP,0,REPUBLICAN,DONALD J TRUMP,1082,REPUBLICAN,DONALD J TRUMP,11,
HORRY,2000,DEMOCRAT,AL GORE,29113,REPUBLICAN,GEORGE W. BUSH,40300,GREEN,RALPH NADER,1405,OTHER,OTHER,447,
HORRY,2004,DEMOCRAT,JOHN KERRY,29547,REPUBLICAN,GEORGE W. BUSH,50447,OTHER,OTHER,1353,
HORRY,2008,DEMOCRAT,BARACK OBAMA,38879,REPUBLICAN,JOHN MCCAIN,64609,OTHER,OTHER,1310,
HORRY,2012,DEMOCRAT,BARACK OBAMA,38885,REPUBLICAN,MITT ROMNEY,72127,OTHER,OTHER,1381,
HORRY,2016,DEMOCRAT,HILLARY CLINTON,39410,REPUBLICAN,DONALD TRUMP,89288,OTHER,OTHER,4222,
HORRY,2020,DEMOCRAT,JOSEPH R BIDEN JR,18146,DEMOCRAT,JOSEPH R BIDEN JR,18177,DEMOCRAT,JOSEPH R BIDEN JR,50,DEMOCRAT,JOSEPH R BIDEN JR,0,DEMOCRAT,JOSEPH R BIDEN JR,22694,DEMOCRAT,JOSEPH R BIDEN JR,113,GREEN,OTHER,75,GREEN,OTHER,221,GREEN,OTHER,0,GREEN,OTHER,0,GREEN,OTHER,99,GREEN,OTHER,2,LIBERTARIAN,JO JORGENSEN,191,LIBERTARIAN,JO JORGENSEN,759,LIBERTARIAN,JO JORGENSEN,2,LIBERTARIAN,JO JORGENSEN,0,LIBERTARIAN,JO JORGENSEN,299,LIBERTARIAN,JO JORGENSEN,4,OTHER,OTHER,27,OTHER,OTHER,46,OTHER,OTHER,0,OTHER,OTHER,0,OTHER,OTHER,18,OTHER,OTHER,0,REPUBLICAN,DONALD J TRUMP,14328,REPUBLICAN,DONALD J TRUMP,59651,REPUBLICAN,DONALD J TRUMP,93,REPUBLICAN,DONALD J TRUMP,10,REPUBLICAN,DONALD J TRUMP,44470,REPUBLICAN,DONALD J TRUMP,269,
JASPER,2000,DEMOCRAT,AL GORE,3646,REPUBLICAN,GEORGE W. BUSH,2414,GREEN,RALPH NADER,134,OTHER,OTHER,275,
JASPER,2004,DEMOCRAT,JOHN KERRY,3840,REPUBLICAN,GEORGE W. BUSH,2933,OTHER,OTHER,73,
JASPER,2008,DEMOCRAT,BARACK OBAMA,5389,REPUBLICAN,JOHN MCCAIN,3365,OTHER,OTHER,100,
JASPER,2012,DEMOCRAT,BARACK OBAMA,5757,REPUBLICAN,MITT ROMNEY,4169,OTHER,OTHER,95,
JASPER,2016,DEMOCRAT,HILLARY CLINTON,5956,REPUBLICAN,DONALD TRUMP,5187,OTHER,OTHER,284,
JASPER,2020,DEMOCRAT,JOSEPH R BIDEN JR,1668,DEMOCRAT,JOSEPH R BIDEN JR,2781,DEMOCRAT,JOSEPH R BIDEN JR,5,DEMOCRAT,JOSEPH R BIDEN JR,0,DEMOCRAT,JOSEPH R BIDEN JR,2714,DEMOCRAT,JOSEPH R BIDEN JR,17,GREEN,OTHER,3,GREEN,OTHER,22,GREEN,OTHER,0,GREEN,OTHER,0,GREEN,OTHER,7,GREEN,OTHER,0,LIBERTARIAN,JO JORGENSEN,17,LIBERTARIAN,JO JORGENSEN,54,LIBERTARIAN,JO JORGENSEN,0,LIBERTARIAN,JO JORGENSEN,0,LIBERTARIAN,JO JORGENSEN,21,LIBERTARIAN,JO JORGENSEN,0,OTHER,OTHER,3,OTHER,OTHER,2,OTHER,OTHER,0,OTHER,OTHER,0,OTHER,OTHER,2,OTHER,OTHER,0,REPUBLICAN,DONALD J TRUMP,963,REPUBLICAN,DONALD J TRUMP,3920,REPUBLICAN,DONALD J TRUMP,2,REPUBLICAN,DONALD J TRUMP,0,REPUBLICAN,DONALD J TRUMP,2182,REPUBLICAN,DONALD J TRUMP,11,
KERSHAW,2000,DEMOCRAT,AL GORE,7428,REPUBLICAN,GEORGE W. BUSH,11911,GREEN,RALPH NADER,211,OTHER,OTHER,127,
KERSHAW,2004,DEMOCRAT,JOHN KERRY,8515,REPUBLICAN,GEORGE W. BUSH,14160,OTHER,OTHER,240,
KERSHAW,2008,DEMOCRAT,BARACK OBAMA,11226,REPUBLICAN,JOHN MCCAIN,16466,OTHER,OTHER,293,
KERSHAW,2012,DEMOCRAT,BARACK OBAMA,11259,REPUBLICAN,MITT ROMNEY,16324,OTHER,OTHER,363,
KERSHAW,2016,DEMOCRAT,HILLARY CLINTON,10330,REPUBLICAN,DONALD TRUMP,17542,OTHER,OTHER,1123,
KERSHAW,2020,DEMOCRAT,JOSEPH R BIDEN JR,2521,DEMOCRAT,JOSEPH R BIDEN JR,3868,DEMOCRAT,JOSEPH R BIDEN JR,0,DEMOCRAT,JOSEPH R BIDEN JR,2,DEMOCRAT,JOSEPH R BIDEN JR,6304,DEMOCRAT,JOSEPH R BIDEN JR,4,GREEN,OTHER,16,GREEN,OTHER,47,GREEN,OTHER,0,GREEN,OTHER,0,GREEN,OTHER,27,GREEN,OTHER,0,LIBERTARIAN,JO JORGENSEN,31,LIBERTARIAN,JO JORGENSEN,184,LIBERTARIAN,JO JORGENSEN,0,LIBERTARIAN,JO JORGENSEN,0,LIBERTARIAN,JO JORGENSEN,129,LIBERTARIAN,JO JORGENSEN,0,OTHER,OTHER,2,OTHER,OTHER,13,OTHER,OTHER,0,OTHER,OTHER,0,OTHER,OTHER,10,OTHER,OTHER,0,REPUBLICAN,DONALD J TRUMP,1691,REPUBLICAN,DONALD J TRUMP,11103,REPUBLICAN,DONALD J TRUMP,0,REPUBLICAN,DONALD J TRUMP,5,REPUBLICAN,DONALD J TRUMP,7664,REPUBLICAN,DONALD J TRUMP,8,
LANCASTER,2000,DEMOCRAT,AL GORE,8782,REPUBLICAN,GEORGE W. BUSH,11676,GREEN,RALPH NADER,161,OTHER,OTHER,86,
LANCASTER,2004,DEMOCRAT,JOHN KERRY,7631,REPUBLICAN,GEORGE W. BUSH,12916,OTHER,OTHER,267,
LANCASTER,2008,DEMOCRAT,BARACK OBAMA,12139,REPUBLICAN,JOHN MCCAIN,16441,OTHER,OTHER,341,
LANCASTER,2012,DEMOCRAT,BARACK OBAMA,13419,REPUBLICAN,MITT ROMNEY,19333,OTHER,OTHER,392,
LANCASTER,2016,DEMOCRAT,HILLARY CLINTON,13812,REPUBLICAN,DONALD TRUMP,23719,OTHER,OTHER,1407,
LANCASTER,2020,DEMOCRAT,JOSEPH R BIDEN JR,4187,DEMOCRAT,JOSEPH R BIDEN JR,5949,DEMOCRAT,JOSEPH R BIDEN JR,11,DEMOCRAT,JOSEPH R BIDEN JR,28,DEMOCRAT,JOSEPH R BIDEN JR,8683,DEMOCRAT,JOSEPH R BIDEN JR,79,GREEN,OTHER,12,GREEN,OTHER,53,GREEN,OTHER,0,GREEN,OTHER,0,GREEN,OTHER,26,GREEN,OTHER,2,LIBERTARIAN,JO JORGENSEN,67,LIBERTARIAN,JO JORGENSEN,281,LIBERTARIAN,JO JORGENSEN,0,LIBERTARIAN,JO JORGENSEN,1,LIBERTARIAN,JO JORGENSEN,140,LIBERTARIAN,JO JORGENSEN,3,OTHER,OTHER,5,OTHER,OTHER,25,OTHER,OTHER,0,OTHER,OTHER,0,OTHER,OTHER,4,OTHER,OTHER,0,REPUBLICAN,DONALD J TRUMP,2742,REPUBLICAN,DONALD J TRUMP,15407,REPUBLICAN,DONALD J TRUMP,16,REPUBLICAN,DONALD J TRUMP,46,REPUBLICAN,DONALD J TRUMP,11984,REPUBLICAN,DONALD J TRUMP,117,
LAURENS,2000,DEMOCRAT,AL GORE,7920,REPUBLICAN,GEORGE W. BUSH,12102,GREEN,RALPH NADER,213,OTHER,OTHER,175,
LAURENS,2004,DEMOCRAT,JOHN KERRY,9205,REPUBLICAN,GEORGE W. BUSH,14466,OTHER,OTHER,158,
LAURENS,2008,DEMOCRAT,BARACK OBAMA,10578,REPUBLICAN,JOHN MCCAIN,15334,OTHER,OTHER,370,
LAURENS,2012,DEMOCRAT,BARACK OBAMA,10318,REPUBLICAN,MITT ROMNEY,14746,OTHER,OTHER,352,
LAURENS,2016,DEMOCRAT,HILLARY CLINTON,8889,REPUBLICAN,DONALD TRUMP,16816,OTHER,OTHER,861,
LAURENS,2020,DEMOCRAT,JOSEPH R BIDEN JR,1414,DEMOCRAT,JOSEPH R BIDEN JR,4929,DEMOCRAT,JOSEPH R BIDEN JR,15,DEMOCRAT,JOSEPH R BIDEN JR,7,DEMOCRAT,JOSEPH R BIDEN JR,3783,DEMOCRAT,JOSEPH R BIDEN JR,11,GREEN,OTHER,6,GREEN,OTHER,45,GREEN,OTHER,0,GREEN,OTHER,0,GREEN,OTHER,16,GREEN,OTHER,0,LIBERTARIAN,JO JORGENSEN,13,LIBERTARIAN,JO JORGENSEN,179,LIBERTARIAN,JO JORGENSEN,0,LIBERTARIAN,JO JORGENSEN,1,LIBERTARIAN,JO JORGENSEN,45,LIBERTARIAN,JO JORGENSEN,0,OTHER,OTHER,3,OTHER,OTHER,11,OTHER,OTHER,0,OTHER,OTHER,0,OTHER,OTHER,6,OTHER,OTHER,0,REPUBLICAN,DONALD J TRUMP,1044,REPUBLICAN,DONALD J TRUMP,14512,REPUBLICAN,DONALD J TRUMP,22,REPUBLICAN,DONALD J TRUMP,13,REPUBLICAN,DONALD J TRUMP,4391,REPUBLICAN,DONALD J TRUMP,22,
LEE,2000,DEMOCRAT,AL GORE,3899,REPUBLICAN,GEORGE W. BUSH,2675,GREEN,RALPH NADER,32,OTHER,OTHER,36,
LEE,2004,DEMOCRAT,JOHN KERRY,4960,REPUBLICAN,GEORGE W. BUSH,2901,OTHER,OTHER,37,
LEE,2008,DEMOCRAT,BARACK OBAMA,5960,REPUBLICAN,JOHN MCCAIN,3074,OTHER,OTHER,119,
LEE,2012,DEMOCRAT,BARACK OBAMA,5977,REPUBLICAN,MITT ROMNEY,2832,OTHER,OTHER,98,
LEE,2016,DEMOCRAT,HILLARY CLINTON,5199,REPUBLICAN,DONALD TRUMP,2803,OTHER,OTHER,154,
LEE,2020,DEMOCRAT,JOSEPH R BIDEN JR,581,DEMOCRAT,JOSEPH R BIDEN JR,2095,DEMOCRAT,JOSEPH R BIDEN JR,0,DEMOCRAT,JOSEPH R BIDEN JR,0,DEMOCRAT,JOSEPH R BIDEN JR,2653,DEMOCRAT,JOSEPH R BIDEN JR,0,GREEN,OTHER,0,GREEN,OTHER,10,GREEN,OTHER,0,GREEN,OTHER,0,GREEN,OTHER,8,GREEN,OTHER,0,LIBERTARIAN,JO JORGENSEN,7,LIBERTARIAN,JO JORGENSEN,37,LIBERTARIAN,JO JORGENSEN,0,LIBERTARIAN,JO JORGENSEN,0,LIBERTARIAN,JO JORGENSEN,27,LIBERTARIAN,JO JORGENSEN,0,OTHER,OTHER,0,OTHER,OTHER,2,OTHER,OTHER,0,OTHER,OTHER,0,OTHER,OTHER,3,OTHER,OTHER,0,REPUBLICAN,DONALD J TRUMP,204,REPUBLICAN,DONALD J TRUMP,1832,REPUBLICAN,DONALD J TRUMP,0,REPUBLICAN,DONALD J TRUMP,0,REPUBLICAN,DONALD J TRUMP,972,REPUBLICAN,DONALD J TRUMP,0,
LEXINGTON,2000,DEMOCRAT,AL GORE,22830,REPUBLICAN,GEORGE W. BUSH,58095,GREEN,RALPH NADER,1444,OTHER,OTHER,712,
LEXINGTON,2004,DEMOCRAT,JOHN KERRY,25393,REPUBLICAN,GEORGE W. BUSH,67132,OTHER,OTHER,907,
LEXINGTON,2008,DEMOCRAT,BARACK OBAMA,33303,REPUBLICAN,JOHN MCCAIN,74960,OTHER,OTHER,1249,
LEXINGTON,2012,DEMOCRAT,BARACK OBAMA,34148,REPUBLICAN,MITT ROMNEY,76662,OTHER,OTHER,1813,
LEXINGTON,2016,DEMOCRAT,HILLARY CLINTON,35230,REPUBLICAN,DONALD TRUMP,80026,OTHER,OTHER,6837,
LEXINGTON,2020,DEMOCRAT,JOSEPH R BIDEN JR,12575,DEMOCRAT,JOSEPH R BIDEN JR,22664,DEMOCRAT,JOSEPH R BIDEN JR,26,DEMOCRAT,JOSEPH R BIDEN JR,70,DEMOCRAT,JOSEPH R BIDEN JR,13942,DEMOCRAT,JOSEPH R BIDEN JR,24,GREEN,OTHER,84,GREEN,OTHER,253,GREEN,OTHER,0,GREEN,OTHER,3,GREEN,OTHER,56,GREEN,OTHER,1,LIBERTARIAN,JO JORGENSEN,297,LIBERTARIAN,JO JORGENSEN,1380,LIBERTARIAN,JO JORGENSEN,2,LIBERTARIAN,JO JORGENSEN,7,LIBERTARIAN,JO JORGENSEN,249,LIBERTARIAN,JO JORGENSEN,0,OTHER,OTHER,35,OTHER,OTHER,67,OTHER,OTHER,0,OTHER,OTHER,1,OTHER,OTHER,14,OTHER,OTHER,1,REPUBLICAN,DONALD J TRUMP,12723,REPUBLICAN,DONALD J TRUMP,61434,REPUBLICAN,DONALD J TRUMP,86,REPUBLICAN,DONALD J TRUMP,168,REPUBLICAN,DONALD J TRUMP,18354,REPUBLICAN,DONALD J TRUMP,52,
MCCORMICK,2000,DEMOCRAT,AL GORE,1896,REPUBLICAN,GEORGE W. BUSH,1704,GREEN,RALPH NADER,38,OTHER,OTHER,23,
MCCORMICK,2004,DEMOCRAT,JOHN KERRY,2648,REPUBLICAN,GEORGE W. BUSH,2396,OTHER,OTHER,78,
MCCORMICK,2008,DEMOCRAT,BARACK OBAMA,2755,REPUBLICAN,JOHN MCCAIN,2437,OTHER,OTHER,40,
MCCORMICK,2012,DEMOCRAT,BARACK OBAMA,2653,REPUBLICAN,MITT ROMNEY,2467,OTHER,OTHER,40,
MCCORMICK,2016,DEMOCRAT,HILLARY CLINTON,2479,REPUBLICAN,DONALD TRUMP,2652,OTHER,OTHER,85,
MCCORMICK,2020,DEMOCRAT,JOSEPH R BIDEN JR,584,DEMOCRAT,JOSEPH R BIDEN JR,645,DEMOCRAT,JOSEPH R BIDEN JR,4,DEMOCRAT,JOSEPH R BIDEN JR,0,DEMOCRAT,JOSEPH R BIDEN JR,1452,DEMOCRAT,JOSEPH R BIDEN JR,2,GREEN,OTHER,1,GREEN,OTHER,6,GREEN,OTHER,0,GREEN,OTHER,0,GREEN,OTHER,13,GREEN,OTHER,0,LIBERTARIAN,JO JORGENSEN,1,LIBERTARIAN,JO JORGENSEN,11,LIBERTARIAN,JO JORGENSEN,0,LIBERTARIAN,JO JORGENSEN,0,LIBERTARIAN,JO JORGENSEN,16,LIBERTARIAN,JO JORGENSEN,0,OTHER,OTHER,0,OTHER,OTHER,1,OTHER,OTHER,0,OTHER,OTHER,0,OTHER,OTHER,3,OTHER,OTHER,0,REPUBLICAN,DONALD J TRUMP,269,REPUBLICAN,DONALD J TRUMP,1180,REPUBLICAN,DONALD J TRUMP,0,REPUBLICAN,DONALD J TRUMP,0,REPUBLICAN,DONALD J TRUMP,1509,REPUBLICAN,DONALD J TRUMP,0,
MARION,2000,DEMOCRAT,AL GORE,7358,REPUBLICAN,GEORGE W. BUSH,4687,GREEN,RALPH NADER,53,OTHER,OTHER,51,
MARION,2004,DEMOCRAT,JOHN KERRY,7767,REPUBLICAN,GEORGE W. BUSH,5589,OTHER,OTHER,151,
MARION,2008,DEMOCRAT,BARACK OBAMA,9608,REPUBLICAN,JOHN MCCAIN,5416,OTHER,OTHER,150,
MARION,2012,DEMOCRAT,BARACK OBAMA,9688,REPUBLICAN,MITT ROMNEY,5164,OTHER,OTHER,134,
MARION,2016,DEMOCRAT,HILLARY CLINTON,8569,REPUBLICAN,DONALD TRUMP,5444,OTHER,OTHER,263,
MARION,2020,DEMOCRAT,JOSEPH R BIDEN JR,1829,DEMOCRAT,JOSEPH R BIDEN JR,2887,DEMOCRAT,JOSEPH R BIDEN JR,4,DEMOCRAT,JOSEPH R BIDEN JR,2,DEMOCRAT,JOSEPH R BIDEN JR,4126,DEMOCRAT,JOSEPH R BIDEN JR,24,GREEN,OTHER,5,GREEN,OTHER,20,GREEN,OTHER,0,GREEN,OTHER,0,GREEN,OTHER,15,GREEN,OTHER,0,LIBERTARIAN,JO JORGENSEN,6,LIBERTARIAN,JO JORGENSEN,32,LIBERTARIAN,JO JORGENSEN,0,LIBERTARIAN,JO JORGENSEN,0,LIBERTARIAN,JO JORGENSEN,25,LIBERTARIAN,JO JORGENSEN,0,OTHER,OTHER,1,OTHER,OTHER,10,OTHER,OTHER,0,OTHER,OTHER,0,OTHER,OTHER,7,OTHER,OTHER,0,REPUBLICAN,DONALD J TRUMP,500,REPUBLICAN,DONALD J TRUMP,2917,REPUBLICAN,DONALD J TRUMP,0,REPUBLICAN,DONALD J TRUMP,2,REPUBLICAN,DONALD J TRUMP,2277,REPUBLICAN,DONALD J TRUMP,15,
MARLBORO,2000,DEMOCRAT,AL GORE,5060,REPUBLICAN,GEORGE W. BUSH,2699,GREEN,RALPH NADER,52,OTHER,OTHER,72,
MARLBORO,2004,DEMOCRAT,JOHN KERRY,4984,REPUBLICAN,GEORGE W. BUSH,3423,OTHER,OTHER,153,
MARLBORO,2008,DEMOCRAT,BARACK OBAMA,6794,REPUBLICAN,JOHN MCCAIN,3996,OTHER,OTHER,86,
MARLBORO,2012,DEMOCRAT,BARACK OBAMA,6100,REPUBLICAN,MITT ROMNEY,3676,OTHER,OTHER,77,
MARLBORO,2016,DEMOCRAT,HILLARY CLINTON,5954,REPUBLICAN,DONALD TRUMP,4267,OTHER,OTHER,168,
MARLBORO,2020,DEMOCRAT,JOSEPH R BIDEN JR,999,DEMOCRAT,JOSEPH R BIDEN JR,1433,DEMOCRAT,JOSEPH R BIDEN JR,5,DEMOCRAT,JOSEPH R BIDEN JR,0,DEMOCRAT,JOSEPH R BIDEN JR,3840,DEMOCRAT,JOSEPH R BIDEN JR,13,GREEN,OTHER,2,GREEN,OTHER,12,GREEN,OTHER,0,GREEN,OTHER,0,GREEN,OTHER,19,GREEN,OTHER,0,LIBERTARIAN,JO JORGENSEN,7,LIBERTARIAN,JO JORGENSEN,32,LIBERTARIAN,JO JORGENSEN,1,LIBERTARIAN,JO JORGENSEN,0,LIBERTARIAN,JO JORGENSEN,28,LIBERTARIAN,JO JORGENSEN,1,OTHER,OTHER,0,OTHER,OTHER,7,OTHER,OTHER,0,OTHER,OTHER,0,OTHER,OTHER,3,OTHER,OTHER,0,REPUBLICAN,DONALD J TRUMP,389,REPUBLICAN,DONALD J TRUMP,2189,REPUBLICAN,DONALD J TRUMP,14,REPUBLICAN,DONALD J TRUMP,0,REPUBLICAN,DONALD J TRUMP,2435,REPUBLICAN,DONALD J TRUMP,17,
NEWBERRY,2000,DEMOCRAT,AL GORE,4428,REPUBLICAN,GEORGE W. BUSH,7492,GREEN,RALPH NADER,210,OTHER,OTHER,242,
NEWBERRY,2004,DEMOCRAT,JOHN KERRY,4483,REPUBLICAN,GEORGE W. BUSH,7654,OTHER,OTHER,272,
NEWBERRY,2008,DEMOCRAT,BARACK OBAMA,6708,REPUBLICAN,JOHN MCCAIN,9616,OTHER,OTHER,200,
NEWBERRY,2012,DEMOCRAT,BARACK OBAMA,6913,REPUBLICAN,MITT ROMNEY,9260,OTHER,OTHER,178,
NEWBERRY,2016,DEMOCRAT,HILLARY CLINTON,6217,REPUBLICAN,DONALD TRUMP,10017,OTHER,OTHER,573,
NEWBERRY,2020,DEMOCRAT,JOSEPH R BIDEN JR,1026,DEMOCRAT,JOSEPH R BIDEN JR,2803,DEMOCRAT,JOSEPH R BIDEN JR,0,DEMOCRAT,JOSEPH R BIDEN JR,23,DEMOCRAT,JOSEPH R BIDEN JR,3103,DEMOCRAT,JOSEPH R BIDEN JR,3,GREEN,OTHER,4,GREEN,OTHER,34,GREEN,OTHER,0,GREEN,OTHER,0,GREEN,OTHER,22,GREEN,OTHER,0,LIBERTARIAN,JO JORGENSEN,17,LIBERTARIAN,JO JORGENSEN,93,LIBERTARIAN,JO JORGENSEN,0,LIBERTARIAN,JO JORGENSEN,0,LIBERTARIAN,JO JORGENSEN,42,LIBERTARIAN,JO JORGENSEN,0,OTHER,OTHER,3,OTHER,OTHER,5,OTHER,OTHER,0,OTHER,OTHER,0,OTHER,OTHER,10,OTHER,OTHER,0,REPUBLICAN,DONALD J TRUMP,910,REPUBLICAN,DONALD J TRUMP,6371,REPUBLICAN,DONALD J TRUMP,1,REPUBLICAN,DONALD J TRUMP,13,REPUBLICAN,DONALD J TRUMP,4144,REPUBLICAN,DONALD J TRUMP,4,
OCONEE,2000,DEMOCRAT,AL GORE,7571,REPUBLICAN,GEORGE W. BUSH,15364,GREEN,RALPH NADER,451,OTHER,OTHER,189,
OCONEE,2004,DEMOCRAT,JOHN KERRY,8395,REPUBLICAN,GEORGE W. BUSH,18811,OTHER,OTHER,326,
OCONEE,2008,DEMOCRAT,BARACK OBAMA,9481,REPUBLICAN,JOHN MCCAIN,21164,OTHER,OTHER,487,
OCONEE,2012,DEMOCRAT,BARACK OBAMA,8550,REPUBLICAN,MITT ROMNEY,21611,OTHER,OTHER,505,
OCONEE,2016,DEMOCRAT,HILLARY CLINTON,7998,REPUBLICAN,DONALD TRUMP,24178,OTHER,OTHER,1459,
OCONEE,2020,DEMOCRAT,JOSEPH R BIDEN JR,3080,DEMOCRAT,JOSEPH R BIDEN JR,3628,DEMOCRAT,JOSEPH R BIDEN JR,0,DEMOCRAT,JOSEPH R BIDEN JR,3,DEMOCRAT,JOSEPH R BIDEN JR,3688,DEMOCRAT,JOSEPH R BIDEN JR,15,GREEN,OTHER,9,GREEN,OTHER,51,GREEN,OTHER,0,GREEN,OTHER,0,GREEN,OTHER,28,GREEN,OTHER,0,LIBERTARIAN,JO JORGENSEN,53,LIBERTARIAN,JO JORGENSEN,311,LIBERTARIAN,JO JORGENSEN,0,LIBERTARIAN,JO JORGENSEN,1,LIBERTARIAN,JO JORGENSEN,78,LIBERTARIAN,JO JORGENSEN,0,OTHER,OTHER,5,OTHER,OTHER,15,OTHER,OTHER,0,OTHER,OTHER,0,OTHER,OTHER,5,OTHER,OTHER,0,REPUBLICAN,DONALD J TRUMP,3462,REPUBLICAN,DONALD J TRUMP,16894,REPUBLICAN,DONALD J TRUMP,9,REPUBLICAN,DONALD J TRUMP,21,REPUBLICAN,DONALD J TRUMP,9276,REPUBLICAN,DONALD J TRUMP,36,
ORANGEBURG,2000,DEMOCRAT,AL GORE,19802,REPUBLICAN,GEORGE W. BUSH,12657,GREEN,RALPH NADER,170,OTHER,OTHER,105,
ORANGEBURG,2004,DEMOCRAT,JOHN KERRY,24698,REPUBLICAN,GEORGE W. BUSH,12695,OTHER,OTHER,171,
ORANGEBURG,2008,DEMOCRAT,BARACK OBAMA,27263,REPUBLICAN,JOHN MCCAIN,12115,OTHER,OTHER,376,
ORANGEBURG,2012,DEMOCRAT,BARACK OBAMA,30720,REPUBLICAN,MITT ROMNEY,12022,OTHER,OTHER,299,
ORANGEBURG,2016,DEMOCRAT,HILLARY CLINTON,26318,REPUBLICAN,DONALD TRUMP,11931,OTHER,OTHER,661,
ORANGEBURG,2020,DEMOCRAT,JOSEPH R BIDEN JR,6731,DEMOCRAT,JOSEPH R BIDEN JR,8186,DEMOCRAT,JOSEPH R BIDEN JR,19,DEMOCRAT,JOSEPH R BIDEN JR,9,DEMOCRAT,JOSEPH R BIDEN JR,12317,DEMOCRAT,JOSEPH R BIDEN JR,33,GREEN,OTHER,12,GREEN,OTHER,62,GREEN,OTHER,0,GREEN,OTHER,0,GREEN,OTHER,32,GREEN,OTHER,0,LIBERTARIAN,JO JORGENSEN,25,LIBERTARIAN,JO JORGENSEN,102,LIBERTARIAN,JO JORGENSEN,0,LIBERTARIAN,JO JORGENSEN,0,LIBERTARIAN,JO JORGENSEN,45,LIBERTARIAN,JO JORGENSEN,0,OTHER,OTHER,4,OTHER,OTHER,19,OTHER,OTHER,0,OTHER,OTHER,0,OTHER,OTHER,6,OTHER,OTHER,0,REPUBLICAN,DONALD J TRUMP,1547,REPUBLICAN,DONALD J TRUMP,7075,REPUBLICAN,DONALD J TRUMP,10,REPUBLICAN,DONALD J TRUMP,6,REPUBLICAN,DONALD J TRUMP,4954,REPUBLICAN,DONALD J TRUMP,11,
PICKENS,2000,DEMOCRAT,AL GORE,8927,REPUBLICAN,GEORGE W. BUSH,24681,GREEN,RALPH NADER,606,OTHER,OTHER,368,
PICKENS,2004,DEMOCRAT,JOHN KERRY,10287,REPUBLICAN,GEORGE W. BUSH,29759,OTHER,OTHER,464,
PICKENS,2008,DEMOCRAT,BARACK OBAMA,11691,REPUBLICAN,JOHN MCCAIN,32552,OTHER,OTHER,885,
PICKENS,2012,DEMOCRAT,BARACK OBAMA,11156,REPUBLICAN,MITT ROMNEY,33474,OTHER,OTHER,919,
PICKENS,2016,DEMOCRAT,HILLARY CLINTON,10354,REPUBLICAN,DONALD TRUMP,36236,OTHER,OTHER,2459,
PICKENS,2020,DEMOCRAT,JOSEPH R BIDEN JR,2770,DEMOCRAT,JOSEPH R BIDEN JR,5232,DEMOCRAT,JOSEPH R BIDEN JR,16,DEMOCRAT,JOSEPH R BIDEN JR,7,DEMOCRAT,JOSEPH R BIDEN JR,5607,DEMOCRAT,JOSEPH R BIDEN JR,13,GREEN,OTHER,15,GREEN,OTHER,108,GREEN,OTHER,0,GREEN,OTHER,0,GREEN,OTHER,39,GREEN,OTHER,0,LIBERTARIAN,JO JORGENSEN,68,LIBERTARIAN,JO JORGENSEN,533,LIBERTARIAN,JO JORGENSEN,3,LIBERTARIAN,JO JORGENSEN,1,LIBERTARIAN,JO JORGENSEN,186,LIBERTARIAN,JO JORGENSEN,2,OTHER,OTHER,6,OTHER,OTHER,21,OTHER,OTHER,0,OTHER,OTHER,0,OTHER,OTHER,12,OTHER,OTHER,0,REPUBLICAN,DONALD J TRUMP,2760,REPUBLICAN,DONALD J TRUMP,26999,REPUBLICAN,DONALD J TRUMP,103,REPUBLICAN,DONALD J TRUMP,54,REPUBLICAN,DONALD J TRUMP,12897,REPUBLICAN,DONALD J TRUMP,94,
RICHLAND,2000,DEMOCRAT,AL GORE,63179,REPUBLICAN,GEORGE W. BUSH,50164,GREEN,RALPH NADER,2356,OTHER,OTHER,782,
RICHLAND,2004,DEMOCRAT,JOHN KERRY,76283,REPUBLICAN,GEORGE W. BUSH,56212,OTHER,OTHER,1306,
RICHLAND,2008,DEMOCRAT,BARACK OBAMA,105656,REPUBLICAN,JOHN MCCAIN,57941,OTHER,OTHER,1440,
RICHLAND,2012,DEMOCRAT,BARACK OBAMA,103989,REPUBLICAN,MITT ROMNEY,53105,OTHER,OTHER,2060,
RICHLAND,2016,DEMOCRAT,HILLARY CLINTON,108000,REPUBLICAN,DONALD TRUMP,52469,OTHER,OTHER,8253,
RICHLAND,2020,DEMOCRAT,JOSEPH R BIDEN JR,32842,DEMOCRAT,JOSEPH R BIDEN JR,32514,DEMOCRAT,JOSEPH R BIDEN JR,53,DEMOCRAT,JOSEPH R BIDEN JR,86,DEMOCRAT,JOSEPH R BIDEN JR,66972,DEMOCRAT,JOSEPH R BIDEN JR,103,GREEN,OTHER,136,GREEN,OTHER,334,GREEN,OTHER,0,GREEN,OTHER,3,GREEN,OTHER,258,GREEN,OTHER,1,LIBERTARIAN,JO JORGENSEN,367,LIBERTARIAN,JO JORGENSEN,1039,LIBERTARIAN,JO JORGENSEN,0,LIBERTARIAN,JO JORGENSEN,3,LIBERTARIAN,JO JORGENSEN,616,LIBERTARIAN,JO JORGENSEN,2,OTHER,OTHER,50,OTHER,OTHER,65,OTHER,OTHER,0,OTHER,OTHER,0,OTHER,OTHER,65,OTHER,OTHER,0,REPUBLICAN,DONALD J TRUMP,12341,REPUBLICAN,DONALD J TRUMP,22750,REPUBLICAN,DONALD J TRUMP,16,REPUBLICAN,DONALD J TRUMP,24,REPUBLICAN,DONALD J TRUMP,23133,REPUBLICAN,DONALD J TRUMP,49,
SALUDA,2000,DEMOCRAT,AL GORE,2682,REPUBLICAN,GEORGE W. BUSH,4098,GREEN,RALPH NADER,56,OTHER,OTHER,55,
SALUDA,2004,DEMOCRAT,JOHN KERRY,3001,REPUBLICAN,GEORGE W. BUSH,4537,OTHER,OTHER,40,
SALUDA,2008,DEMOCRAT,BARACK OBAMA,3323,REPUBLICAN,JOHN MCCAIN,5191,OTHER,OTHER,89,
SALUDA,2012,DEMOCRAT,BARACK OBAMA,3328,REPUBLICAN,MITT ROMNEY,5135,OTHER,OTHER,101,
SALUDA,2016,DEMOCRAT,HILLARY CLINTON,2813,REPUBLICAN,DONALD TRUMP,5526,OTHER,OTHER,225,
SALUDA,2020,DEMOCRAT,JOSEPH R BIDEN JR,412,DEMOCRAT,JOSEPH R BIDEN JR,1252,DEMOCRAT,JOSEPH R BIDEN JR,0,DEMOCRAT,JOSEPH R BIDEN JR,0,DEMOCRAT,JOSEPH R BIDEN JR,1285,DEMOCRAT,JOSEPH R BIDEN JR,14,GREEN,OTHER,3,GREEN,OTHER,9,GREEN,OTHER,0,GREEN,OTHER,0,GREEN,OTHER,9,GREEN,OTHER,0,LIBERTARIAN,JO JORGENSEN,5,LIBERTARIAN,JO JORGENSEN,50,LIBERTARIAN,JO JORGENSEN,0,LIBERTARIAN,JO JORGENSEN,0,LIBERTARIAN,JO JORGENSEN,20,LIBERTARIAN,JO JORGENSEN,0,OTHER,OTHER,0,OTHER,OTHER,3,OTHER,OTHER,0,OTHER,OTHER,0,OTHER,OTHER,2,OTHER,OTHER,0,REPUBLICAN,DONALD J TRUMP,321,REPUBLICAN,DONALD J TRUMP,4015,REPUBLICAN,DONALD J TRUMP,0,REPUBLICAN,DONALD J TRUMP,0,REPUBLICAN,DONALD J TRUMP,1845,REPUBLICAN,DONALD J TRUMP,29,
SPARTANBURG,2000,DEMOCRAT,AL GORE,29559,REPUBLICAN,GEORGE W. BUSH,52114,GREEN,RALPH NADER,1150,OTHER,OTHER,730,
SPARTANBURG,2004,DEMOCRAT,JOHN KERRY,33633,REPUBLICAN,GEORGE W. BUSH,62004,OTHER,OTHER,1121,
SPARTANBURG,2008,DEMOCRAT,BARACK OBAMA,41632,REPUBLICAN,JOHN MCCAIN,65042,OTHER,OTHER,1654,
SPARTANBURG,2012,DEMOCRAT,BARACK OBAMA,41461,REPUBLICAN,MITT ROMNEY,66969,OTHER,OTHER,1476,
SPARTANBURG,2016,DEMOCRAT,HILLARY CLINTON,39997,REPUBLICAN,DONALD TRUMP,76277,OTHER,OTHER,4816,
SPARTANBURG,2020,DEMOCRAT,JOSEPH R BIDEN JR,10991,DEMOCRAT,JOSEPH R BIDEN JR,21813,DEMOCRAT,JOSEPH R BIDEN JR,113,DEMOCRAT,JOSEPH R BIDEN JR,75,DEMOCRAT,JOSEPH R BIDEN JR,19862,DEMOCRAT,JOSEPH R BIDEN JR,72,GREEN,OTHER,40,GREEN,OTHER,244,GREEN,OTHER,2,GREEN,OTHER,0,GREEN,OTHER,91,GREEN,OTHER,0,LIBERTARIAN,JO JORGENSEN,186,LIBERTARIAN,JO JORGENSEN,1196,LIBERTARIAN,JO JORGENSEN,1,LIBERTARIAN,JO JORGENSEN,4,LIBERTARIAN,JO JORGENSEN,313,LIBERTARIAN,JO JORGENSEN,2,OTHER,OTHER,18,OTHER,OTHER,60,OTHER,OTHER,0,OTHER,OTHER,0,OTHER,OTHER,12,OTHER,OTHER,0,REPUBLICAN,DONALD J TRUMP,9110,REPUBLICAN,DONALD J TRUMP,60777,REPUBLICAN,DONALD J TRUMP,117,REPUBLICAN,DONALD J TRUMP,118,REPUBLICAN,DONALD J TRUMP,23277,REPUBLICAN,DONALD J TRUMP,161,
SUMTER,2000,DEMOCRAT,AL GORE,14365,REPUBLICAN,GEORGE W. BUSH,15915,GREEN,RALPH NADER,270,OTHER,OTHER,122,
SUMTER,2004,DEMOCRAT,JOHN KERRY,18695,REPUBLICAN,GEORGE W. BUSH,18074,OTHER,OTHER,234,
SUMTER,2008,DEMOCRAT,BARACK OBAMA,25431,REPUBLICAN,JOHN MCCAIN,18581,OTHER,OTHER,346,
SUMTER,2012,DEMOCRAT,BARACK OBAMA,27589,REPUBLICAN,MITT ROMNEY,19274,OTHER,OTHER,446,
SUMTER,2016,DEMOCRAT,HILLARY CLINTON,24047,REPUBLICAN,DONALD TRUMP,18745,OTHER,OTHER,1294,
SUMTER,2020,DEMOCRAT,JOSEPH R BIDEN JR,5418,DEMOCRAT,JOSEPH R BIDEN JR,7559,DEMOCRAT,JOSEPH R BIDEN JR,0,DEMOCRAT,JOSEPH R BIDEN JR,21,DEMOCRAT,JOSEPH R BIDEN JR,14331,DEMOCRAT,JOSEPH R BIDEN JR,50,GREEN,OTHER,12,GREEN,OTHER,75,GREEN,OTHER,0,GREEN,OTHER,0,GREEN,OTHER,65,GREEN,OTHER,0,LIBERTARIAN,JO JORGENSEN,41,LIBERTARIAN,JO JORGENSEN,176,LIBERTARIAN,JO JORGENSEN,0,LIBERTARIAN,JO JORGENSEN,1,LIBERTARIAN,JO JORGENSEN,137,LIBERTARIAN,JO JORGENSEN,0,OTHER,OTHER,3,OTHER,OTHER,18,OTHER,OTHER,0,OTHER,OTHER,0,OTHER,OTHER,13,OTHER,OTHER,0,REPUBLICAN,DONALD J TRUMP,2283,REPUBLICAN,DONALD J TRUMP,9126,REPUBLICAN,DONALD J TRUMP,0,REPUBLICAN,DONALD J TRUMP,24,REPUBLICAN,DONALD J TRUMP,9548,REPUBLICAN,DONALD J TRUMP,19,
UNION,2000,DEMOCRAT,AL GORE,4662,REPUBLICAN,GEORGE W. BUSH,5768,GREEN,RALPH NADER,90,OTHER,OTHER,69,
UNION,2004,DEMOCRAT,JOHN KERRY,5236,REPUBLICAN,GEORGE W. BUSH,6592,OTHER,OTHER,106,
UNION,2008,DEMOCRAT,BARACK OBAMA,5935,REPUBLICAN,JOHN MCCAIN,7449,OTHER,OTHER,167,
UNION,2012,DEMOCRAT,BARACK OBAMA,5796,REPUBLICAN,MITT ROMNEY,6584,OTHER,OTHER,161,
UNION,2016,DEMOCRAT,HILLARY CLINTON,4729,REPUBLICAN,DONALD TRUMP,7061,OTHER,OTHER,302,
UNION,2020,DEMOCRAT,JOSEPH R BIDEN JR,403,DEMOCRAT,JOSEPH R BIDEN JR,2365,DEMOCRAT,JOSEPH R BIDEN JR,39,DEMOCRAT,JOSEPH R BIDEN JR,0,DEMOCRAT,JOSEPH R BIDEN JR,2127,DEMOCRAT,JOSEPH R BIDEN JR,1,GREEN,OTHER,0,GREEN,OTHER,24,GREEN,OTHER,0,GREEN,OTHER,0,GREEN,OTHER,12,GREEN,OTHER,0,LIBERTARIAN,JO JORGENSEN,2,LIBERTARIAN,JO JORGENSEN,68,LIBERTARIAN,JO JORGENSEN,0,LIBERTARIAN,JO JORGENSEN,0,LIBERTARIAN,JO JORGENSEN,26,LIBERTARIAN,JO JORGENSEN,0,OTHER,OTHER,0,OTHER,OTHER,6,OTHER,OTHER,0,OTHER,OTHER,0,OTHER,OTHER,1,OTHER,OTHER,0,REPUBLICAN,DONALD J TRUMP,248,REPUBLICAN,DONALD J TRUMP,5073,REPUBLICAN,DONALD J TRUMP,54,REPUBLICAN,DONALD J TRUMP,0,REPUBLICAN,DONALD J TRUMP,2807,REPUBLICAN,DONALD J TRUMP,1,
WILLIAMSBURG,2000,DEMOCRAT,AL GORE,6723,REPUBLICAN,GEORGE W. BUSH,4524,GREEN,RALPH NADER,46,OTHER,OTHER,38,
WILLIAMSBURG,2004,DEMOCRAT,JOHN KERRY,9044,REPUBLICAN,GEORGE W. BUSH,4795,OTHER,OTHER,79,
WILLIAMSBURG,2008,DEMOCRAT,BARACK OBAMA,11279,REPUBLICAN,JOHN MCCAIN,5004,OTHER,OTHER,160,
WILLIAMSBURG,2012,DEMOCRAT,BARACK OBAMA,11335,REPUBLICAN,MITT ROMNEY,4824,OTHER,OTHER,145,
WILLIAMSBURG,2016,DEMOCRAT,HILLARY CLINTON,9953,REPUBLICAN,DONALD TRUMP,4864,OTHER,OTHER,237,
WILLIAMSBURG,2020,DEMOCRAT,JOSEPH R BIDEN JR,1587,DEMOCRAT,JOSEPH R BIDEN JR,3293,DEMOCRAT,JOSEPH R BIDEN JR,0,DEMOCRAT,JOSEPH R BIDEN JR,0,DEMOCRAT,JOSEPH R BIDEN JR,5402,DEMOCRAT,JOSEPH R BIDEN JR,7,GREEN,OTHER,7,GREEN,OTHER,34,GREEN,OTHER,0,GREEN,OTHER,0,GREEN,OTHER,21,GREEN,OTHER,0,LIBERTARIAN,JO JORGENSEN,3,LIBERTARIAN,JO JORGENSEN,52,LIBERTARIAN,JO JORGENSEN,0,LIBERTARIAN,JO JORGENSEN,0,LIBERTARIAN,JO JORGENSEN,26,LIBERTARIAN,JO JORGENSEN,0,OTHER,OTHER,1,OTHER,OTHER,9,OTHER,OTHER,0,OTHER,OTHER,0,OTHER,OTHER,11,OTHER,OTHER,0,REPUBLICAN,DONALD J TRUMP,317,REPUBLICAN,DONALD J TRUMP,3183,REPUBLICAN,DONALD J TRUMP,0,REPUBLICAN,DONALD J TRUMP,0,REPUBLICAN,DONALD J TRUMP,2023,REPUBLICAN,DONALD J TRUMP,9,
YORK,2000,DEMOCRAT,AL GORE,19251,REPUBLICAN,GEORGE W. BUSH,33776,GREEN,RALPH NADER,840,OTHER,OTHER,484,
YORK,2004,DEMOCRAT,JOHN KERRY,24226,REPUBLICAN,GEORGE W. BUSH,45234,OTHER,OTHER,721,
YORK,2008,DEMOCRAT,BARACK OBAMA,37918,REPUBLICAN,JOHN MCCAIN,54500,OTHER,OTHER,1278,
YORK,2012,DEMOCRAT,BARACK OBAMA,39131,REPUBLICAN,MITT ROMNEY,59546,OTHER,OTHER,1533,
YORK,2016,DEMOCRAT,HILLARY CLINTON,41593,REPUBLICAN,DONALD TRUMP,66754,OTHER,OTHER,6010,
YORK,2020,DEMOCRAT,JOSEPH R BIDEN JR,13656,DEMOCRAT,JOSEPH R BIDEN JR,22075,DEMOCRAT,JOSEPH R BIDEN JR,18,DEMOCRAT,JOSEPH R BIDEN JR,176,DEMOCRAT,JOSEPH R BIDEN JR,22950,DEMOCRAT,JOSEPH R BIDEN JR,133,GREEN,OTHER,57,GREEN,OTHER,238,GREEN,OTHER,0,GREEN,OTHER,1,GREEN,OTHER,100,GREEN,OTHER,2,LIBERTARIAN,JO JORGENSEN,232,LIBERTARIAN,JO JORGENSEN,1230,LIBERTARIAN,JO JORGENSEN,1,LIBERTARIAN,JO JORGENSEN,8,LIBERTARIAN,JO JORGENSEN,335,LIBERTARIAN,JO JORGENSEN,1,OTHER,OTHER,18,OTHER,OTHER,68,OTHER,OTHER,0,OTHER,OTHER,2,OTHER,OTHER,22,OTHER,OTHER,0,REPUBLICAN,DONALD J TRUMP,8807,REPUBLICAN,DONALD J TRUMP,49711,REPUBLICAN,DONALD J TRUMP,50,REPUBLICAN,DONALD J TRUMP,298,REPUBLICAN,DONALD J TRUMP,23606,REPUBLICAN,DONALD J TRUMP,255,
