ANDERSON,2000,DEMOCRAT,AL GORE,13556,REPUBLICAN,GEORGE W. BUSH,14688,GREEN,RALPH NADER,316,OTHER,OTHER,219,
ANDERSON,2004,DEMOCRAT,JOHN KERRY,12896,REPUBLICAN,GEORGE W. BUSH,18510,OTHER,OTHER,276,
ANDERSON,2008,DEMOCRAT,BARACK OBAMA,11396,REPUBLICAN,JOHN MCCAIN,19675,OTHER,OTHER,499,
ANDERSON,2012,DEMOCRAT,BARACK OBAMA,10122,REPUBLICAN,MITT ROMNEY,18968,OTHER,OTHER,569,
ANDERSON,2016,DEMOCRAT,HILLARY CLINTON,9013,REPUBLICAN,DONALD TRUMP,19212,OTHER,OTHER,1656,
ANDERSON,2020,DEMOCRAT,JOSEPH R BIDEN JR,11741,OTHER,OTHER,645,REPUBLICAN,DONALD J TRUMP,23184,
BEDFORD,2000,DEMOCRAT,AL GORE,6136,REPUBLICAN,GEORGE W. BUSH,5911,GREEN,RALPH NADER,80,OTHER,OTHER,80,
BEDFORD,2004,DEMOCRAT,JOHN KERRY,5261,REPUBLICAN,GEORGE W. BUSH,8348,OTHER,OTHER,87,
BEDFORD,2008,DEMOCRAT,BARACK OBAMA,5027,REPUBLICAN,JOHN MCCAIN,10217,OTHER,OTHER,263,
BEDFORD,2012,DEMOCRAT,BARACK OBAMA,4211,REPUBLICAN,MITT ROMNEY,10034,OTHER,OTHER,200,
BEDFORD,2016,DEMOCRAT,HILLARY CLINTON,3395,REPUBLICAN,DONALD TRUMP,11486,OTHER,OTHER,474,
BEDFORD,2020,DEMOCRAT,JOSEPH R BIDEN JR,4453,OTHER,OTHER,281,REPUBLICAN,DONALD J TRUMP,14354,
BENTON,2000,DEMOCRAT,AL GORE,3700,REPUBLICAN,GEORGE W. BUSH,2484,GREEN,RALPH NADER,62,OTHER,OTHER,65,
BENTON,2004,DEMOCRAT,JOHN KERRY,3869,REPUBLICAN,GEORGE W. BUSH,3161,OTHER,OTHER,60,
BENTON,2008,DEMOCRAT,BARACK OBAMA,2645,REPUBLICAN,JOHN MCCAIN,3696,OTHER,OTHER,138,
BENTON,2012,DEMOCRAT,BARACK OBAMA,2258,REPUBLICAN,MITT ROMNEY,3850,OTHER,OTHER,118,
BENTON,2016,DEMOCRAT,HILLARY CLINTON,1474,REPUBLICAN,DONALD TRUMP,4716,OTHER,OTHER,138,
BENTON,2020,DEMOCRAT,JOSEPH R BIDEN JR,1529,OTHER,OTHER,63,REPUBLICAN,DONALD J TRUMP,5668,
BLEDSOE,2000,DEMOCRAT,AL GORE,1756,REPUBLICAN,GEORGE W. BUSH,2380,GREEN,RALPH NADER,35,OTHER,OTHER,25,
BLEDSOE,2004,DEMOCRAT,JOHN KERRY,1927,REPUBLICAN,GEORGE W. BUSH,2849,OTHER,OTHER,24,
BLEDSOE,2008,DEMOCRAT,BARACK OBAMA,1517,REPUBLICAN,JOHN MCCAIN,3166,OTHER,OTHER,101,
BLEDSOE,2012,DEMOCRAT,BARACK OBAMA,1267,REPUBLICAN,MITT ROMNEY,3022,OTHER,OTHER,70,
BLEDSOE,2016,DEMOCRAT,HILLARY CLINTON,897,REPUBLICAN,DONALD TRUMP,3622,OTHER,OTHER,145,
BLEDSOE,2020,DEMOCRAT,JOSEPH R BIDEN JR,971,OTHER,OTHER,62,REPUBLICAN,DONALD J TRUMP,4725,
BLOUNT,2000,DEMOCRAT,AL GORE,14688,REPUBLICAN,GEORGE W. BUSH,25273,GREEN,RALPH NADER,379,OTHER,OTHER,322,
BLOUNT,2004,DEMOCRAT,JOHN KERRY,15042,REPUBLICAN,GEORGE W. BUSH,33240,OTHER,OTHER,428,
BLOUNT,2008,DEMOCRAT,BARACK OBAMA,15253,REPUBLICAN,JOHN MCCAIN,35571,OTHER,OTHER,821,
BLOUNT,2012,DEMOCRAT,BARACK OBAMA,12934,REPUBLICAN,MITT ROMNEY,35441,OTHER,OTHER,859,
BLOUNT,2016,DEMOCRAT,HILLARY CLINTON,12100,REPUBLICAN,DONALD TRUMP,37443,OTHER,OTHER,2665,
BLOUNT,2020,DEMOCRAT,JOSEPH R BIDEN JR,17932,OTHER,OTHER,1308,REPUBLICAN,DONALD J TRUMP,47369,
BRADLEY,2000,DEMOCRAT,AL GORE,8768,REPUBLICAN,GEORGE W. BUSH,20167,GREEN,RALPH NADER,271,OTHER,OTHER,237,
BRADLEY,2004,DEMOCRAT,JOHN KERRY,9426,REPUBLICAN,GEORGE W. BUSH,25942,OTHER,OTHER,255,
BRADLEY,2008,DEMOCRAT,BARACK OBAMA,9357,REPUBLICAN,JOHN MCCAIN,28333,OTHER,OTHER,501,
BRADLEY,2012,DEMOCRAT,BARACK OBAMA,8037,REPUBLICAN,MITT ROMNEY,27422,OTHER,OTHER,504,
BRADLEY,2016,DEMOCRAT,HILLARY CLINTON,7070,REPUBLICAN,DONALD TRUMP,29768,OTHER,OTHER,1828,
BRADLEY,2020,DEMOCRAT,JOSEPH R BIDEN JR,9851,OTHER,OTHER,810,REPUBLICAN,DONALD J TRUMP,35204,
CAMPBELL,2000,DEMOCRAT,AL GORE,6492,REPUBLICAN,GEORGE W. BUSH,5784,GREEN,RALPH NADER,74,OTHER,OTHER,71,
CAMPBELL,2004,DEMOCRAT,JOHN KERRY,6163,REPUBLICAN,GEORGE W. BUSH,7859,OTHER,OTHER,96,
CAMPBELL,2008,DEMOCRAT,BARACK OBAMA,3867,REPUBLICAN,JOHN MCCAIN,8535,OTHER,OTHER,226,
CAMPBELL,2012,DEMOCRAT,BARACK OBAMA,3328,REPUBLICAN,MITT ROMNEY,8604,OTHER,OTHER,169,
CAMPBELL,2016,DEMOCRAT,HILLARY CLINTON,2248,REPUBLICAN,DONALD TRUMP,9870,OTHER,OTHER,414,
CAMPBELL,2020,DEMOCRAT,JOSEPH R BIDEN JR,2441,OTHER,OTHER,161,REPUBLICAN,DONALD J TRUMP,12331,
CANNON,2000,DEMOCRAT,AL GORE,2697,REPUBLICAN,GEORGE W. BUSH,1924,GREEN,RALPH NADER,45,OTHER,OTHER,31,
CANNON,2004,DEMOCRAT,JOHN KERRY,2510,REPUBLICAN,GEORGE W. BUSH,2923,OTHER,OTHER,34,
CANNON,2008,DEMOCRAT,BARACK OBAMA,2011,REPUBLICAN,JOHN MCCAIN,3322,OTHER,OTHER,124,
CANNON,2012,DEMOCRAT,BARACK OBAMA,1564,REPUBLICAN,MITT ROMNEY,3309,OTHER,OTHER,100,
CANNON,2016,DEMOCRAT,HILLARY CLINTON,1127,REPUBLICAN,DONALD TRUMP,4007,OTHER,OTHER,180,
CANNON,2020,DEMOCRAT,JOSEPH R BIDEN JR,1261,OTHER,OTHER,106,REPUBLICAN,DONALD J TRUMP,5190,
CARROLL,2000,DEMOCRAT,AL GORE,5239,REPUBLICAN,GEORGE W. BUSH,5465,GREEN,RALPH NADER,65,OTHER,OTHER,58,
CARROLL,2004,DEMOCRAT,JOHN KERRY,5070,REPUBLICAN,GEORGE W. BUSH,6603,OTHER,OTHER,82,
CARROLL,2008,DEMOCRAT,BARACK OBAMA,3980,REPUBLICAN,JOHN MCCAIN,7455,OTHER,OTHER,211,
CARROLL,2012,DEMOCRAT,BARACK OBAMA,3475,REPUBLICAN,MITT ROMNEY,7225,OTHER,OTHER,151,
CARROLL,2016,DEMOCRAT,HILLARY CLINTON,2327,REPUBLICAN,DONALD TRUMP,7756,OTHER,OTHER,301,
CARROLL,2020,DEMOCRAT,JOSEPH R BIDEN JR,2559,OTHER,OTHER,141,REPUBLICAN,DONALD J TRUMP,9205,
CARTER,2000,DEMOCRAT,AL GORE,6724,REPUBLICAN,GEORGE W. BUSH,12111,GREEN,RALPH NADER,157,OTHER,OTHER,110,
CARTER,2004,DEMOCRAT,JOHN KERRY,6390,REPUBLICAN,GEORGE W. BUSH,15763,OTHER,OTHER,149,
CARTER,2008,DEMOCRAT,BARACK OBAMA,5587,REPUBLICAN,JOHN MCCAIN,15852,OTHER,OTHER,330,
CARTER,2012,DEMOCRAT,BARACK OBAMA,4789,REPUBLICAN,MITT ROMNEY,15503,OTHER,OTHER,325,
CARTER,2016,DEMOCRAT,HILLARY CLINTON,3453,REPUBLICAN,DONALD TRUMP,16898,OTHER,OTHER,733,
CARTER,2020,DEMOCRAT,JOSEPH R BIDEN JR,4529,OTHER,OTHER,379,REPUBLICAN,DONALD J TRUMP,19584,
CHEATHAM,2000,DEMOCRAT,AL GORE,6062,REPUBLICAN,GEORGE W. BUSH,6356,GREEN,RALPH NADER,139,OTHER,OTHER,59,
CHEATHAM,2004,DEMOCRAT,JOHN KERRY,5918,REPUBLICAN,GEORGE W. BUSH,9676,OTHER,OTHER,103,
CHEATHAM,2008,DEMOCRAT,BARACK OBAMA,5498,REPUBLICAN,JOHN MCCAIN,10702,OTHER,OTHER,228,
CHEATHAM,2012,DEMOCRAT,BARACK OBAMA,4659,REPUBLICAN,MITT ROMNEY,10268,OTHER,OTHER,255,
CHEATHAM,2016,DEMOCRAT,HILLARY CLINTON,3878,REPUBLICAN,DONALD TRUMP,11297,OTHER,OTHER,749,
CHEATHAM,2020,DEMOCRAT,JOSEPH R BIDEN JR,5514,OTHER,OTHER,308,REPUBLICAN,DONALD J TRUMP,14438,
CHESTER,2000,DEMOCRAT,AL GORE,2192,REPUBLICAN,GEORGE W. BUSH,3487,GREEN,RALPH NADER,25,OTHER,OTHER,24,
CHESTER,2004,DEMOCRAT,JOHN KERRY,2182,REPUBLICAN,GEORGE W. BUSH,4086,OTHER,OTHER,29,
CHESTER,2008,DEMOCRAT,BARACK OBAMA,1797,REPUBLICAN,JOHN MCCAIN,4587,OTHER,OTHER,75,
CHESTER,2012,DEMOCRAT,BARACK OBAMA,1624,REPUBLICAN,MITT ROMNEY,4684,OTHER,OTHER,102,
CHESTER,2016,DEMOCRAT,HILLARY CLINTON,1243,REPUBLICAN,DONALD TRUMP,5081,OTHER,OTHER,183,
CHESTER,2020,DEMOCRAT,JOSEPH R BIDEN JR,1412,OTHER,OTHER,220,REPUBLICAN,DONALD J TRUMP,5952,
CLAIBORNE,2000,DEMOCRAT,AL GORE,3841,REPUBLICAN,GEORGE W. BUSH,5023,GREEN,RALPH NADER,60,OTHER,OTHER,76,
CLAIBORNE,2004,DEMOCRAT,JOHN KERRY,4033,REPUBLICAN,GEORGE W. BUSH,6447,OTHER,OTHER,58,
CLAIBORNE,2008,DEMOCRAT,BARACK OBAMA,3078,REPUBLICAN,JOHN MCCAIN,7175,OTHER,OTHER,167,
CLAIBORNE,2012,DEMOCRAT,BARACK OBAMA,2433,REPUBLICAN,MITT ROMNEY,7617,OTHER,OTHER,128,
CLAIBORNE,2016,DEMOCRAT,HILLARY CLINTON,1832,REPUBLICAN,DONALD TRUMP,8602,OTHER,OTHER,306,
CLAIBORNE,2020,DEMOCRAT,JOSEPH R BIDEN JR,2202,OTHER,OTHER,139,REPUBLICAN,DONALD J TRUMP,10604,
CLAY,2000,DEMOCRAT,AL GORE,1931,REPUBLICAN,GEORGE W. BUSH,1468,GREEN,RALPH NADER,19,OTHER,OTHER,24,
CLAY,2004,DEMOCRAT,JOHN KERRY,1673,REPUBLICAN,GEORGE W. BUSH,1647,OTHER,OTHER,32,
CLAY,2008,DEMOCRAT,BARACK OBAMA,1248,REPUBLICAN,JOHN MCCAIN,1676,OTHER,OTHER,70,
CLAY,2012,DEMOCRAT,BARACK OBAMA,1037,REPUBLICAN,MITT ROMNEY,1747,OTHER,OTHER,36,
CLAY,2016,DEMOCRAT,HILLARY CLINTON,707,REPUBLICAN,DONALD TRUMP,2141,OTHER,OTHER,72,
CLAY,2020,DEMOCRAT,JOSEPH R BIDEN JR,735,OTHER,OTHER,38,REPUBLICAN,DONALD J TRUMP,2733,
COCKE,2000,DEMOCRAT,AL GORE,3872,REPUBLICAN,GEORGE W. BUSH,6185,GREEN,RALPH NADER,93,OTHER,OTHER,89,
COCKE,2004,DEMOCRAT,JOHN KERRY,3932,REPUBLICAN,GEORGE W. BUSH,8290,OTHER,OTHER,79,
COCKE,2008,DEMOCRAT,BARACK OBAMA,3340,REPUBLICAN,JOHN MCCAIN,8945,OTHER,OTHER,196,
COCKE,2012,DEMOCRAT,BARACK OBAMA,2804,REPUBLICAN,MITT ROMNEY,8459,OTHER,OTHER,191,
COCKE,2016,DEMOCRAT,HILLARY CLINTON,1981,REPUBLICAN,DONALD TRUMP,9791,OTHER,OTHER,354,
COCKE,2020,DEMOCRAT,JOSEPH R BIDEN JR,2533,OTHER,OTHER,164,REPUBLICAN,DONALD J TRUMP,12162,
COFFEE,2000,DEMOCRAT,AL GORE,8741,REPUBLICAN,GEORGE W. BUSH,8788,GREEN,RALPH NADER,151,OTHER,OTHER,108,
COFFEE,2004,DEMOCRAT,JOHN KERRY,8238,REPUBLICAN,GEORGE W. BUSH,11785,OTHER,OTHER,131,
COFFEE,2008,DEMOCRAT,BARACK OBAMA,7132,REPUBLICAN,JOHN MCCAIN,13250,OTHER,OTHER,408,
COFFEE,2012,DEMOCRAT,BARACK OBAMA,5870,REPUBLICAN,MITT ROMNEY,13023,OTHER,OTHER,366,
COFFEE,2016,DEMOCRAT,HILLARY CLINTON,4743,REPUBLICAN,DONALD TRUMP,14417,OTHER,OTHER,811,
COFFEE,2020,DEMOCRAT,JOSEPH R BIDEN JR,5705,OTHER,OTHER,694,REPUBLICAN,DONALD J TRUMP,17883,
CROCKETT,2000,DEMOCRAT,AL GORE,2705,REPUBLICAN,GEORGE W. BUSH,2676,GREEN,RALPH NADER,42,OTHER,OTHER,17,
CROCKETT,2004,DEMOCRAT,JOHN KERRY,2455,REPUBLICAN,GEORGE W. BUSH,3239,OTHER,OTHER,21,
CROCKETT,2008,DEMOCRAT,BARACK OBAMA,1967,REPUBLICAN,JOHN MCCAIN,3994,OTHER,OTHER,76,
CROCKETT,2012,DEMOCRAT,BARACK OBAMA,1669,REPUBLICAN,MITT ROMNEY,3783,OTHER,OTHER,46,
CROCKETT,2016,DEMOCRAT,HILLARY CLINTON,1303,REPUBLICAN,DONALD TRUMP,3982,OTHER,OTHER,112,
CROCKETT,2020,DEMOCRAT,JOSEPH R BIDEN JR,1382,OTHER,OTHER,59,REPUBLICAN,DONALD J TRUMP,4673,
CUMBERLAND,2000,DEMOCRAT,AL GORE,7644,REPUBLICAN,GEORGE W. BUSH,10994,GREEN,RALPH NADER,223,OTHER,OTHER,156,
CUMBERLAND,2004,DEMOCRAT,JOHN KERRY,8326,REPUBLICAN,GEORGE W. BUSH,15142,OTHER,OTHER,166,
CUMBERLAND,2008,DEMOCRAT,BARACK OBAMA,7889,REPUBLICAN,JOHN MCCAIN,17436,OTHER,OTHER,387,
CUMBERLAND,2012,DEMOCRAT,BARACK OBAMA,6261,REPUBLICAN,MITT ROMNEY,18653,OTHER,OTHER,333,
CUMBERLAND,2016,DEMOCRAT,HILLARY CLINTON,5202,REPUBLICAN,DONALD TRUMP,20413,OTHER,OTHER,745,
CUMBERLAND,2020,DEMOCRAT,JOSEPH R BIDEN JR,6728,OTHER,OTHER,383,REPUBLICAN,DONALD J TRUMP,25168,
DAVIDSON,2000,DEMOCRAT,AL GORE,120508,REPUBLICAN,GEORGE W. BUSH,84117,GREEN,RALPH NADER,2920,OTHER,OTHER,1043,
DAVIDSON,2004,DEMOCRAT,JOHN KERRY,132362,REPUBLICAN,GEORGE W. BUSH,107618,OTHER,OTHER,1695,
DAVIDSON,2008,DEMOCRAT,BARACK OBAMA,158423,REPUBLICAN,JOHN MCCAIN,102915,OTHER,OTHER,3148,
DAVIDSON,2012,DEMOCRAT,BARACK OBAMA,143120,REPUBLICAN,MITT ROMNEY,97622,OTHER,OTHER,4131,
DAVIDSON,2016,DEMOCRAT,HILLARY CLINTON,148864,REPUBLICAN,DONALD TRUMP,84550,OTHER,OTHER,15654,
DAVIDSON,2020,DEMOCRAT,JOSEPH R BIDEN JR,199703,OTHER,OTHER,9737,REPUBLICAN,DONALD J TRUMP,100218,
DECATUR,2000,DEMOCRAT,AL GORE,2278,REPUBLICAN,GEORGE W. BUSH,2046,GREEN,RALPH NADER,22,OTHER,OTHER,24,
DECATUR,2004,DEMOCRAT,JOHN KERRY,2268,REPUBLICAN,GEORGE W. BUSH,2566,OTHER,OTHER,45,
DECATUR,2008,DEMOCRAT,BARACK OBAMA,1566,REPUBLICAN,JOHN MCCAIN,3101,OTHER,OTHER,96,
DECATUR,2012,DEMOCRAT,BARACK OBAMA,1303,REPUBLICAN,MITT ROMNEY,2874,OTHER,OTHER,74,
DECATUR,2016,DEMOCRAT,HILLARY CLINTON,894,REPUBLICAN,DONALD TRUMP,3588,OTHER,OTHER,110,
DECATUR,2020,DEMOCRAT,JOSEPH R BIDEN JR,904,OTHER,OTHER,108,REPUBLICAN,DONALD J TRUMP,4229,
DEKALB,2000,DEMOCRAT,AL GORE,3765,REPUBLICAN,GEORGE W. BUSH,2411,GREEN,RALPH NADER,63,OTHER,OTHER,26,
DEKALB,2004,DEMOCRAT,JOHN KERRY,3445,REPUBLICAN,GEORGE W. BUSH,3685,OTHER,OTHER,43,
DEKALB,2008,DEMOCRAT,BARACK OBAMA,2832,REPUBLICAN,JOHN MCCAIN,4085,OTHER,OTHER,148,
DEKALB,2012,DEMOCRAT,BARACK OBAMA,2174,REPUBLICAN,MITT ROMNEY,4143,OTHER,OTHER,105,
DEKALB,2016,DEMOCRAT,HILLARY CLINTON,1569,REPUBLICAN,DONALD TRUMP,5171,OTHER,OTHER,215,
DEKALB,2020,DEMOCRAT,JOSEPH R BIDEN JR,1750,OTHER,OTHER,91,REPUBLICAN,DONALD J TRUMP,6672,
DICKSON,2000,DEMOCRAT,AL GORE,8332,REPUBLICAN,GEORGE W. BUSH,7016,GREEN,RALPH NADER,120,OTHER,OTHER,88,
DICKSON,2004,DEMOCRAT,JOHN KERRY,8592,REPUBLICAN,GEORGE W. BUSH,10557,OTHER,OTHER,134,
DICKSON,2008,DEMOCRAT,BARACK OBAMA,7506,REPUBLICAN,JOHN MCCAIN,11677,OTHER,OTHER,336,
DICKSON,2012,DEMOCRAT,BARACK OBAMA,6233,REPUBLICAN,MITT ROMNEY,11296,OTHER,OTHER,306,
DICKSON,2016,DEMOCRAT,HILLARY CLINTON,4722,REPUBLICAN,DONALD TRUMP,13233,OTHER,OTHER,744,
DICKSON,2020,DEMOCRAT,JOSEPH R BIDEN JR,6106,OTHER,OTHER,574,REPUBLICAN,DONALD J TRUMP,17643,
DYER,2000,DEMOCRAT,AL GORE,5425,REPUBLICAN,GEORGE W. BUSH,6282,GREEN,RALPH NADER,88,OTHER,OTHER,46,
DYER,2004,DEMOCRAT,JOHN KERRY,5287,REPUBLICAN,GEORGE W. BUSH,8447,OTHER,OTHER,75,
DYER,2008,DEMOCRAT,BARACK OBAMA,4411,REPUBLICAN,JOHN MCCAIN,9859,OTHER,OTHER,180,
DYER,2012,DEMOCRAT,BARACK OBAMA,3757,REPUBLICAN,MITT ROMNEY,9921,OTHER,OTHER,122,
DYER,2016,DEMOCRAT,HILLARY CLINTON,2816,REPUBLICAN,DONALD TRUMP,10180,OTHER,OTHER,340,
DYER,2020,DEMOCRAT,JOSEPH R BIDEN JR,3158,OTHER,OTHER,153,REPUBLICAN,DONALD J TRUMP,11768,
FAYETTE,2000,DEMOCRAT,AL GORE,5037,REPUBLICAN,GEORGE W. BUSH,6402,GREEN,RALPH NADER,44,OTHER,OTHER,46,
FAYETTE,2004,DEMOCRAT,JOHN KERRY,5692,REPUBLICAN,GEORGE W. BUSH,8960,OTHER,OTHER,79,
FAYETTE,2008,DEMOCRAT,BARACK OBAMA,6892,REPUBLICAN,JOHN MCCAIN,12173,OTHER,OTHER,189,
FAYETTE,2012,DEMOCRAT,BARACK OBAMA,6688,REPUBLICAN,MITT ROMNEY,12689,OTHER,OTHER,197,
FAYETTE,2016,DEMOCRAT,HILLARY CLINTON,5874,REPUBLICAN,DONALD TRUMP,13055,OTHER,OTHER,465,
FAYETTE,2020,DEMOCRAT,JOSEPH R BIDEN JR,7027,OTHER,OTHER,267,REPUBLICAN,DONALD J TRUMP,15690,
FENTRESS,2000,DEMOCRAT,AL GORE,2529,REPUBLICAN,GEORGE W. BUSH,3417,GREEN,RALPH NADER,28,OTHER,OTHER,55,
FENTRESS,2004,DEMOCRAT,JOHN KERRY,2371,REPUBLICAN,GEORGE W. BUSH,4293,OTHER,OTHER,36,
FENTRESS,2008,DEMOCRAT,BARACK OBAMA,1831,REPUBLICAN,JOHN MCCAIN,4789,OTHER,OTHER,119,
FENTRESS,2012,DEMOCRAT,BARACK OBAMA,1561,REPUBLICAN,MITT ROMNEY,5243,OTHER,OTHER,91,
FENTRESS,2016,DEMOCRAT,HILLARY CLINTON,1100,REPUBLICAN,DONALD TRUMP,6038,OTHER,OTHER,195,
FENTRESS,2020,DEMOCRAT,JOSEPH R BIDEN JR,1214,OTHER,OTHER,74,REPUBLICAN,DONALD J TRUMP,7441,
FRANKLIN,2000,DEMOCRAT,AL GORE,7828,REPUBLICAN,GEORGE W. BUSH,6560,GREEN,RALPH NADER,190,OTHER,OTHER,113,
FRANKLIN,2004,DEMOCRAT,JOHN KERRY,7797,REPUBLICAN,GEORGE W. BUSH,9126,OTHER,OTHER,147,
FRANKLIN,2008,DEMOCRAT,BARACK OBAMA,6613,REPUBLICAN,JOHN MCCAIN,10539,OTHER,OTHER,280,
FRANKLIN,2012,DEMOCRAT,BARACK OBAMA,5603,REPUBLICAN,MITT ROMNEY,10262,OTHER,OTHER,254,
FRANKLIN,2016,DEMOCRAT,HILLARY CLINTON,4374,REPUBLICAN,DONALD TRUMP,11532,OTHER,OTHER,498,
FRANKLIN,2020,DEMOCRAT,JOSEPH R BIDEN JR,4864,OTHER,OTHER,281,REPUBLICAN,DONALD J TRUMP,13987,
GIBSON,2000,DEMOCRAT,AL GORE,8663,REPUBLICAN,GEORGE W. BUSH,8286,GREEN,RALPH NADER,101,OTHER,OTHER,87,
GIBSON,2004,DEMOCRAT,JOHN KERRY,8509,REPUBLICAN,GEORGE W. BUSH,10596,OTHER,OTHER,114,
GIBSON,2008,DEMOCRAT,BARACK OBAMA,7406,REPUBLICAN,JOHN MCCAIN,13516,OTHER,OTHER,331,
GIBSON,2012,DEMOCRAT,BARACK OBAMA,6564,REPUBLICAN,MITT ROMNEY,12883,OTHER,OTHER,220,
GIBSON,2016,DEMOCRAT,HILLARY CLINTON,5258,REPUBLICAN,DONALD TRUMP,13786,OTHER,OTHER,503,
GIBSON,2020,DEMOCRAT,JOSEPH R BIDEN JR,5771,OTHER,OTHER,305,REPUBLICAN,DONALD J TRUMP,16259,
GILES,2000,DEMOCRAT,AL GORE,5527,REPUBLICAN,GEORGE W. BUSH,4377,GREEN,RALPH NADER,79,OTHER,OTHER,83,
GILES,2004,DEMOCRAT,JOHN KERRY,5273,REPUBLICAN,GEORGE W. BUSH,6162,OTHER,OTHER,101,
GILES,2008,DEMOCRAT,BARACK OBAMA,4614,REPUBLICAN,JOHN MCCAIN,6902,OTHER,OTHER,173,
GILES,2012,DEMOCRAT,BARACK OBAMA,3760,REPUBLICAN,MITT ROMNEY,6915,OTHER,OTHER,124,
GILES,2016,DEMOCRAT,HILLARY CLINTON,2917,REPUBLICAN,DONALD TRUMP,7970,OTHER,OTHER,250,
GILES,2020,DEMOCRAT,JOSEPH R BIDEN JR,3298,OTHER,OTHER,121,REPUBLICAN,DONALD J TRUMP,9784,
GRAINGER,2000,DEMOCRAT,AL GORE,2361,REPUBLICAN,GEORGE W. BUSH,3746,GREEN,RALPH NADER,46,OTHER,OTHER,41,
GRAINGER,2004,DEMOCRAT,JOHN KERRY,2569,REPUBLICAN,GEORGE W. BUSH,4905,OTHER,OTHER,51,
GRAINGER,2008,DEMOCRAT,BARACK OBAMA,2066,REPUBLICAN,JOHN MCCAIN,5297,OTHER,OTHER,140,
GRAINGER,2012,DEMOCRAT,BARACK OBAMA,1668,REPUBLICAN,MITT ROMNEY,5470,OTHER,OTHER,114,
GRAINGER,2016,DEMOCRAT,HILLARY CLINTON,1154,REPUBLICAN,DONALD TRUMP,6626,OTHER,OTHER,228,
GRAINGER,2020,DEMOCRAT,JOSEPH R BIDEN JR,1467,OTHER,OTHER,102,REPUBLICAN,DONALD J TRUMP,8565,
GREENE,2000,DEMOCRAT,AL GORE,7909,REPUBLICAN,GEORGE W. BUSH,12540,GREEN,RALPH NADER,185,OTHER,OTHER,182,
GREENE,2004,DEMOCRAT,JOHN KERRY,7625,REPUBLICAN,GEORGE W. BUSH,16374,OTHER,OTHER,173,
GREENE,2008,DEMOCRAT,BARACK OBAMA,7110,REPUBLICAN,JOHN MCCAIN,17151,OTHER,OTHER,409,
GREENE,2012,DEMOCRAT,BARACK OBAMA,6225,REPUBLICAN,MITT ROMNEY,17245,OTHER,OTHER,417,
GREENE,2016,DEMOCRAT,HILLARY CLINTON,4216,REPUBLICAN,DONALD TRUMP,18562,OTHER,OTHER,805,
GREENE,2020,DEMOCRAT,JOSEPH R BIDEN JR,5199,OTHER,OTHER,629,REPUBLICAN,DONALD J TRUMP,22259,
GRUNDY,2000,DEMOCRAT,AL GORE,2970,REPUBLICAN,GEORGE W. BUSH,1553,GREEN,RALPH NADER,37,OTHER,OTHER,36,
GRUNDY,2004,DEMOCRAT,JOHN KERRY,2787,REPUBLICAN,GEORGE W. BUSH,2102,OTHER,OTHER,34,
GRUNDY,2008,DEMOCRAT,BARACK OBAMA,1971,REPUBLICAN,JOHN MCCAIN,2563,OTHER,OTHER,98,
GRUNDY,2012,DEMOCRAT,BARACK OBAMA,1643,REPUBLICAN,MITT ROMNEY,2516,OTHER,OTHER,78,
GRUNDY,2016,DEMOCRAT,HILLARY CLINTON,999,REPUBLICAN,DONALD TRUMP,3636,OTHER,OTHER,128,
GRUNDY,2020,DEMOCRAT,JOSEPH R BIDEN JR,988,OTHER,OTHER,65,REPUBLICAN,DONALD J TRUMP,4802,
HAMBLEN,2000,DEMOCRAT,AL GORE,7564,REPUBLICAN,GEORGE W. BUSH,11824,GREEN,RALPH NADER,181,OTHER,OTHER,130,
HAMBLEN,2004,DEMOCRAT,JOHN KERRY,7426,REPUBLICAN,GEORGE W. BUSH,14733,OTHER,OTHER,143,
HAMBLEN,2008,DEMOCRAT,BARACK OBAMA,6807,REPUBLICAN,JOHN MCCAIN,15508,OTHER,OTHER,354,
HAMBLEN,2012,DEMOCRAT,BARACK OBAMA,5234,REPUBLICAN,MITT ROMNEY,14522,OTHER,OTHER,276,
HAMBLEN,2016,DEMOCRAT,HILLARY CLINTON,4075,REPUBLICAN,DONALD TRUMP,15857,OTHER,OTHER,760,
HAMBLEN,2020,DEMOCRAT,JOSEPH R BIDEN JR,5500,OTHER,OTHER,320,REPUBLICAN,DONALD J TRUMP,18811,
HAMILTON,2000,DEMOCRAT,AL GORE,51708,REPUBLICAN,GEORGE W. BUSH,66605,GREEN,RALPH NADER,1290,OTHER,OTHER,776,
HAMILTON,2004,DEMOCRAT,JOHN KERRY,57268,REPUBLICAN,GEORGE W. BUSH,78513,OTHER,OTHER,1082,
HAMILTON,2008,DEMOCRAT,BARACK OBAMA,64246,REPUBLICAN,JOHN MCCAIN,81702,OTHER,OTHER,1572,
HAMILTON,2012,DEMOCRAT,BARACK OBAMA,58836,REPUBLICAN,MITT ROMNEY,79933,OTHER,OTHER,2412,
HAMILTON,2016,DEMOCRAT,HILLARY CLINTON,55316,REPUBLICAN,DONALD TRUMP,78733,OTHER,OTHER,8359,
HAMILTON,2020,DEMOCRAT,JOSEPH R BIDEN JR,75522,OTHER,OTHER,3483,REPUBLICAN,DONALD J TRUMP,92108,
HANCOCK,2000,DEMOCRAT,AL GORE,690,REPUBLICAN,GEORGE W. BUSH,1343,GREEN,RALPH NADER,17,OTHER,OTHER,25,
HANCOCK,2004,DEMOCRAT,JOHN KERRY,776,REPUBLICAN,GEORGE W. BUSH,1756,OTHER,OTHER,18,
HANCOCK,2008,DEMOCRAT,BARACK OBAMA,604,REPUBLICAN,JOHN MCCAIN,1588,OTHER,OTHER,49,
HANCOCK,2012,DEMOCRAT,BARACK OBAMA,475,REPUBLICAN,MITT ROMNEY,1527,OTHER,OTHER,44,
HANCOCK,2016,DEMOCRAT,HILLARY CLINTON,322,REPUBLICAN,DONALD TRUMP,1843,OTHER,OTHER,66,
HANCOCK,2020,DEMOCRAT,JOSEPH R BIDEN JR,362,OTHER,OTHER,10,REPUBLICAN,DONALD J TRUMP,2372,
HARDEMAN,2000,DEMOCRAT,AL GORE,4953,REPUBLICAN,GEORGE W. BUSH,3729,GREEN,RALPH NADER,38,OTHER,OTHER,83,
HARDEMAN,2004,DEMOCRAT,JOHN KERRY,5683,REPUBLICAN,GEORGE W. BUSH,4702,OTHER,OTHER,77,
HARDEMAN,2008,DEMOCRAT,BARACK OBAMA,5919,REPUBLICAN,JOHN MCCAIN,5225,OTHER,OTHER,93,
HARDEMAN,2012,DEMOCRAT,BARACK OBAMA,5482,REPUBLICAN,MITT ROMNEY,4865,OTHER,OTHER,92,
HARDEMAN,2016,DEMOCRAT,HILLARY CLINTON,4185,REPUBLICAN,DONALD TRUMP,4919,OTHER,OTHER,169,
HARDEMAN,2020,DEMOCRAT,JOSEPH R BIDEN JR,4180,OTHER,OTHER,123,REPUBLICAN,DONALD J TRUMP,5760,
HARDIN,2000,DEMOCRAT,AL GORE,3735,REPUBLICAN,GEORGE W. BUSH,4951,GREEN,RALPH NADER,49,OTHER,OTHER,47,
HARDIN,2004,DEMOCRAT,JOHN KERRY,3834,REPUBLICAN,GEORGE W. BUSH,6087,OTHER,OTHER,33,
HARDIN,2008,DEMOCRAT,BARACK OBAMA,2794,REPUBLICAN,JOHN MCCAIN,7077,OTHER,OTHER,164,
HARDIN,2012,DEMOCRAT,BARACK OBAMA,2467,REPUBLICAN,MITT ROMNEY,7886,OTHER,OTHER,142,
HARDIN,2016,DEMOCRAT,HILLARY CLINTON,1622,REPUBLICAN,DONALD TRUMP,8012,OTHER,OTHER,315,
HARDIN,2020,DEMOCRAT,JOSEPH R BIDEN JR,1775,OTHER,OTHER,204,REPUBLICAN,DONALD J TRUMP,9559,
HAWKINS,2000,DEMOCRAT,AL GORE,6753,REPUBLICAN,GEORGE W. BUSH,10071,GREEN,RALPH NADER,147,OTHER,OTHER,127,
HAWKINS,2004,DEMOCRAT,JOHN KERRY,6683,REPUBLICAN,GEORGE W. BUSH,13445,OTHER,OTHER,102,
HAWKINS,2008,DEMOCRAT,BARACK OBAMA,5930,REPUBLICAN,JOHN MCCAIN,14756,OTHER,OTHER,354,
HAWKINS,2012,DEMOCRAT,BARACK OBAMA,5088,REPUBLICAN,MITT ROMNEY,14382,OTHER,OTHER,327,
HAWKINS,2016,DEMOCRAT,HILLARY CLINTON,3507,REPUBLICAN,DONALD TRUMP,16648,OTHER,OTHER,619,
HAWKINS,2020,DEMOCRAT,JOSEPH R BIDEN JR,4083,OTHER,OTHER,336,REPUBLICAN,DONALD J TRUMP,20405,
HAYWOOD,2000,DEMOCRAT,AL GORE,3887,REPUBLICAN,GEORGE W. BUSH,2554,GREEN,RALPH NADER,20,OTHER,OTHER,17,
HAYWOOD,2004,DEMOCRAT,JOHN KERRY,4359,REPUBLICAN,GEORGE W. BUSH,3140,OTHER,OTHER,49,
HAYWOOD,2008,DEMOCRAT,BARACK OBAMA,4893,REPUBLICAN,JOHN MCCAIN,3165,OTHER,OTHER,63,
HAYWOOD,2012,DEMOCRAT,BARACK OBAMA,4569,REPUBLICAN,MITT ROMNEY,2960,OTHER,OTHER,40,
HAYWOOD,2016,DEMOCRAT,HILLARY CLINTON,3711,REPUBLICAN,DONALD TRUMP,3013,OTHER,OTHER,110,
HAYWOOD,2020,DEMOCRAT,JOSEPH R BIDEN JR,4012,OTHER,OTHER,84,REPUBLICAN,DONALD J TRUMP,3343,
HENDERSON,2000,DEMOCRAT,AL GORE,3166,REPUBLICAN,GEORGE W. BUSH,5153,GREEN,RALPH NADER,46,OTHER,OTHER,34,
HENDERSON,2004,DEMOCRAT,JOHN KERRY,3448,REPUBLICAN,GEORGE W. BUSH,6585,OTHER,OTHER,63,
HENDERSON,2008,DEMOCRAT,BARACK OBAMA,3021,REPUBLICAN,JOHN MCCAIN,7669,OTHER,OTHER,144,
HENDERSON,2012,DEMOCRAT,BARACK OBAMA,2517,REPUBLICAN,MITT ROMNEY,7421,OTHER,OTHER,117,
HENDERSON,2016,DEMOCRAT,HILLARY CLINTON,1800,REPUBLICAN,DONALD TRUMP,8138,OTHER,OTHER,279,
HENDERSON,2020,DEMOCRAT,JOSEPH R BIDEN JR,2092,OTHER,OTHER,131,REPUBLICAN,DONALD J TRUMP,9797,
HENRY,2000,DEMOCRAT,AL GORE,6093,REPUBLICAN,GEORGE W. BUSH,5944,GREEN,RALPH NADER,125,OTHER,OTHER,147,
HENRY,2004,DEMOCRAT,JOHN KERRY,5728,REPUBLICAN,GEORGE W. BUSH,6337,OTHER,OTHER,105,
HENRY,2008,DEMOCRAT,BARACK OBAMA,5153,REPUBLICAN,JOHN MCCAIN,8182,OTHER,OTHER,210,
HENRY,2012,DEMOCRAT,BARACK OBAMA,4339,REPUBLICAN,MITT ROMNEY,8193,OTHER,OTHER,207,
HENRY,2016,DEMOCRAT,HILLARY CLINTON,3063,REPUBLICAN,DONALD TRUMP,9508,OTHER,OTHER,374,
HENRY,2020,DEMOCRAT,JOSEPH R BIDEN JR,3548,OTHER,OTHER,260,REPUBLICAN,DONALD J TRUMP,11239,
HICKMAN,2000,DEMOCRAT,AL GORE,4239,REPUBLICAN,GEORGE W. BUSH,2914,GREEN,RALPH NADER,58,OTHER,OTHER,53,
HICKMAN,2004,DEMOCRAT,JOHN KERRY,4261,REPUBLICAN,GEORGE W. BUSH,4359,OTHER,OTHER,51,
HICKMAN,2008,DEMOCRAT,BARACK OBAMA,3563,REPUBLICAN,JOHN MCCAIN,4784,OTHER,OTHER,151,
HICKMAN,2012,DEMOCRAT,BARACK OBAMA,2698,REPUBLICAN,MITT ROMNEY,4758,OTHER,OTHER,146,
HICKMAN,2016,DEMOCRAT,HILLARY CLINTON,1824,REPUBLICAN,DONALD TRUMP,5695,OTHER,OTHER,294,
HICKMAN,2020,DEMOCRAT,JOSEPH R BIDEN JR,2130,OTHER,OTHER,125,REPUBLICAN,DONALD J TRUMP,7577,
HOUSTON,2000,DEMOCRAT,AL GORE,2081,REPUBLICAN,GEORGE W. BUSH,993,GREEN,RALPH NADER,16,OTHER,OTHER,37,
HOUSTON,2004,DEMOCRAT,JOHN KERRY,2126,REPUBLICAN,GEORGE W. BUSH,1438,OTHER,OTHER,29,
HOUSTON,2008,DEMOCRAT,BARACK OBAMA,1678,REPUBLICAN,JOHN MCCAIN,1608,OTHER,OTHER,68,
HOUSTON,2012,DEMOCRAT,BARACK OBAMA,1400,REPUBLICAN,MITT ROMNEY,1579,OTHER,OTHER,48,
HOUSTON,2016,DEMOCRAT,HILLARY CLINTON,866,REPUBLICAN,DONALD TRUMP,2182,OTHER,OTHER,120,
HOUSTON,2020,DEMOCRAT,JOSEPH R BIDEN JR,871,OTHER,OTHER,97,REPUBLICAN,DONALD J TRUMP,2718,
HUMPHREYS,2000,DEMOCRAT,AL GORE,4205,REPUBLICAN,GEORGE W. BUSH,2387,GREEN,RALPH NADER,65,OTHER,OTHER,24,
HUMPHREYS,2004,DEMOCRAT,JOHN KERRY,4485,REPUBLICAN,GEORGE W. BUSH,3261,OTHER,OTHER,47,
HUMPHREYS,2008,DEMOCRAT,BARACK OBAMA,3600,REPUBLICAN,JOHN MCCAIN,3818,OTHER,OTHER,162,
HUMPHREYS,2012,DEMOCRAT,BARACK OBAMA,2905,REPUBLICAN,MITT ROMNEY,3833,OTHER,OTHER,125,
HUMPHREYS,2016,DEMOCRAT,HILLARY CLINTON,1967,REPUBLICAN,DONALD TRUMP,4930,OTHER,OTHER,256,
HUMPHREYS,2020,DEMOCRAT,JOSEPH R BIDEN JR,2017,OTHER,OTHER,99,REPUBLICAN,DONALD J TRUMP,6120,
JACKSON,2000,DEMOCRAT,AL GORE,3304,REPUBLICAN,GEORGE W. BUSH,1384,GREEN,RALPH NADER,36,OTHER,OTHER,30,
JACKSON,2004,DEMOCRAT,JOHN KERRY,2996,REPUBLICAN,GEORGE W. BUSH,2024,OTHER,OTHER,32,
JACKSON,2008,DEMOCRAT,BARACK OBAMA,2224,REPUBLICAN,JOHN MCCAIN,2185,OTHER,OTHER,92,
JACKSON,2012,DEMOCRAT,BARACK OBAMA,1739,REPUBLICAN,MITT ROMNEY,2383,OTHER,OTHER,62,
JACKSON,2016,DEMOCRAT,HILLARY CLINTON,1129,REPUBLICAN,DONALD TRUMP,3236,OTHER,OTHER,101,
JACKSON,2020,DEMOCRAT,JOSEPH R BIDEN JR,1135,OTHER,OTHER,70,REPUBLICAN,DONALD J TRUMP,4118,
JEFFERSON,2000,DEMOCRAT,AL GORE,5226,REPUBLICAN,GEORGE W. BUSH,8657,GREEN,RALPH NADER,121,OTHER,OTHER,83,
JEFFERSON,2004,DEMOCRAT,JOHN KERRY,5469,REPUBLICAN,GEORGE W. BUSH,11617,OTHER,OTHER,121,
JEFFERSON,2008,DEMOCRAT,BARACK OBAMA,5178,REPUBLICAN,JOHN MCCAIN,13092,OTHER,OTHER,262,
JEFFERSON,2012,DEMOCRAT,BARACK OBAMA,4232,REPUBLICAN,MITT ROMNEY,13038,OTHER,OTHER,289,
JEFFERSON,2016,DEMOCRAT,HILLARY CLINTON,3494,REPUBLICAN,DONALD TRUMP,14776,OTHER,OTHER,802,
JEFFERSON,2020,DEMOCRAT,JOSEPH R BIDEN JR,4654,OTHER,OTHER,311,REPUBLICAN,DONALD J TRUMP,18651,
JOHNSON,2000,DEMOCRAT,AL GORE,1813,REPUBLICAN,GEORGE W. BUSH,3740,GREEN,RALPH NADER,54,OTHER,OTHER,50,
JOHNSON,2004,DEMOCRAT,JOHN KERRY,1810,REPUBLICAN,GEORGE W. BUSH,4632,OTHER,OTHER,34,
JOHNSON,2008,DEMOCRAT,BARACK OBAMA,1837,REPUBLICAN,JOHN MCCAIN,4621,OTHER,OTHER,133,
JOHNSON,2012,DEMOCRAT,BARACK OBAMA,1483,REPUBLICAN,MITT ROMNEY,4611,OTHER,OTHER,100,
JOHNSON,2016,DEMOCRAT,HILLARY CLINTON,988,REPUBLICAN,DONALD TRUMP,5410,OTHER,OTHER,181,
JOHNSON,2020,DEMOCRAT,JOSEPH R BIDEN JR,1246,OTHER,OTHER,87,REPUBLICAN,DONALD J TRUMP,6468,
KNOX,2000,DEMOCRAT,AL GORE,60969,REPUBLICAN,GEORGE W. BUSH,86851,GREEN,RALPH NADER,1772,OTHER,OTHER,994,
KNOX,2004,DEMOCRAT,JOHN KERRY,65921,REPUBLICAN,GEORGE W. BUSH,110653,OTHER,OTHER,1601,
KNOX,2008,DEMOCRAT,BARACK OBAMA,70215,REPUBLICAN,JOHN MCCAIN,113015,OTHER,OTHER,2856,
KNOX,2012,DEMOCRAT,BARACK OBAMA,59399,REPUBLICAN,MITT ROMNEY,109707,OTHER,OTHER,3401,
KNOX,2016,DEMOCRAT,HILLARY CLINTON,62878,REPUBLICAN,DONALD TRUMP,105767,OTHER,OTHER,12052,
KNOX,2020,DEMOCRAT,JOSEPH R BIDEN JR,91422,OTHER,OTHER,4594,REPUBLICAN,DONALD J TRUMP,124540,
LAKE,2000,DEMOCRAT,AL GORE,1419,REPUBLICAN,GEORGE W. BUSH,781,GREEN,RALPH NADER,11,OTHER,OTHER,13,
LAKE,2004,DEMOCRAT,JOHN KERRY,1039,REPUBLICAN,GEORGE W. BUSH,1317,OTHER,OTHER,14,
LAKE,2008,DEMOCRAT,BARACK OBAMA,1024,REPUBLICAN,JOHN MCCAIN,1175,OTHER,OTHER,39,
LAKE,2012,DEMOCRAT,BARACK OBAMA,884,REPUBLICAN,MITT ROMNEY,1163,OTHER,OTHER,40,
LAKE,2016,DEMOCRAT,HILLARY CLINTON,577,REPUBLICAN,DONALD TRUMP,1357,OTHER,OTHER,36,
LAKE,2020,DEMOCRAT,JOSEPH R BIDEN JR,526,OTHER,OTHER,16,REPUBLICAN,DONALD J TRUMP,1492,
LAUDERDALE,2000,DEMOCRAT,AL GORE,4224,REPUBLICAN,GEORGE W. BUSH,3329,GREEN,RALPH NADER,27,OTHER,OTHER,38,
LAUDERDALE,2004,DEMOCRAT,JOHN KERRY,4473,REPUBLICAN,GEORGE W. BUSH,4164,OTHER,OTHER,44,
LAUDERDALE,2008,DEMOCRAT,BARACK OBAMA,4322,REPUBLICAN,JOHN MCCAIN,4933,OTHER,OTHER,83,
LAUDERDALE,2012,DEMOCRAT,BARACK OBAMA,4011,REPUBLICAN,MITT ROMNEY,4616,OTHER,OTHER,62,
LAUDERDALE,2016,DEMOCRAT,HILLARY CLINTON,3056,REPUBLICAN,DONALD TRUMP,4884,OTHER,OTHER,147,
LAUDERDALE,2020,DEMOCRAT,JOSEPH R BIDEN JR,3193,OTHER,OTHER,98,REPUBLICAN,DONALD J TRUMP,5674,
LAWRENCE,2000,DEMOCRAT,AL GORE,6643,REPUBLICAN,GEORGE W. BUSH,7613,GREEN,RALPH NADER,98,OTHER,OTHER,116,
LAWRENCE,2004,DEMOCRAT,JOHN KERRY,6592,REPUBLICAN,GEORGE W. BUSH,9952,OTHER,OTHER,107,
LAWRENCE,2008,DEMOCRAT,BARACK OBAMA,5161,REPUBLICAN,JOHN MCCAIN,10566,OTHER,OTHER,293,
LAWRENCE,2012,DEMOCRAT,BARACK OBAMA,4237,REPUBLICAN,MITT ROMNEY,10770,OTHER,OTHER,212,
LAWRENCE,2016,DEMOCRAT,HILLARY CLINTON,2821,REPUBLICAN,DONALD TRUMP,12420,OTHER,OTHER,425,
LAWRENCE,2020,DEMOCRAT,JOSEPH R BIDEN JR,3195,OTHER,OTHER,189,REPUBLICAN,DONALD J TRUMP,15334,
LEWIS,2000,DEMOCRAT,AL GORE,2281,REPUBLICAN,GEORGE W. BUSH,2037,GREEN,RALPH NADER,63,OTHER,OTHER,39,
LEWIS,2004,DEMOCRAT,JOHN KERRY,2191,REPUBLICAN,GEORGE W. BUSH,2819,OTHER,OTHER,43,
LEWIS,2008,DEMOCRAT,BARACK OBAMA,1804,REPUBLICAN,JOHN MCCAIN,2951,OTHER,OTHER,79,
LEWIS,2012,DEMOCRAT,BARACK OBAMA,1447,REPUBLICAN,MITT ROMNEY,3117,OTHER,OTHER,130,
LEWIS,2016,DEMOCRAT,HILLARY CLINTON,890,REPUBLICAN,DONALD TRUMP,3585,OTHER,OTHER,147,
LEWIS,2020,DEMOCRAT,JOSEPH R BIDEN JR,1072,OTHER,OTHER,63,REPUBLICAN,DONALD J TRUMP,4474,
LINCOLN,2000,DEMOCRAT,AL GORE,5060,REPUBLICAN,GEORGE W. BUSH,5435,GREEN,RALPH NADER,72,OTHER,OTHER,92,
LINCOLN,2004,DEMOCRAT,JOHN KERRY,4546,REPUBLICAN,GEORGE W. BUSH,7827,OTHER,OTHER,82,
LINCOLN,2008,DEMOCRAT,BARACK OBAMA,3695,REPUBLICAN,JOHN MCCAIN,9231,OTHER,OTHER,204,
LINCOLN,2012,DEMOCRAT,BARACK OBAMA,3290,REPUBLICAN,MITT ROMNEY,9803,OTHER,OTHER,175,
LINCOLN,2016,DEMOCRAT,HILLARY CLINTON,2554,REPUBLICAN,DONALD TRUMP,10398,OTHER,OTHER,396,
LINCOLN,2020,DEMOCRAT,JOSEPH R BIDEN JR,2919,OTHER,OTHER,408,REPUBLICAN,DONALD J TRUMP,12281,
LOUDON,2000,DEMOCRAT,AL GORE,5905,REPUBLICAN,GEORGE W. BUSH,10266,GREEN,RALPH NADER,132,OTHER,OTHER,103,
LOUDON,2004,DEMOCRAT,JOHN KERRY,5706,REPUBLICAN,GEORGE W. BUSH,14041,OTHER,OTHER,115,
LOUDON,2008,DEMOCRAT,BARACK OBAMA,6058,REPUBLICAN,JOHN MCCAIN,15815,OTHER,OTHER,311,
LOUDON,2012,DEMOCRAT,BARACK OBAMA,5058,REPUBLICAN,MITT ROMNEY,16707,OTHER,OTHER,308,
LOUDON,2016,DEMOCRAT,HILLARY CLINTON,4919,REPUBLICAN,DONALD TRUMP,17610,OTHER,OTHER,862,
LOUDON,2020,DEMOCRAT,JOSEPH R BIDEN JR,6948,OTHER,OTHER,686,REPUBLICAN,DONALD J TRUMP,21713,
MCMINN,2000,DEMOCRAT,AL GORE,6142,REPUBLICAN,GEORGE W. BUSH,10155,GREEN,RALPH NADER,142,OTHER,OTHER,161,
MCMINN,2004,DEMOCRAT,JOHN KERRY,5889,REPUBLICAN,GEORGE W. BUSH,11978,OTHER,OTHER,132,
MCMINN,2008,DEMOCRAT,BARACK OBAMA,5541,REPUBLICAN,JOHN MCCAIN,12989,OTHER,OTHER,259,
MCMINN,2012,DEMOCRAT,BARACK OBAMA,4609,REPUBLICAN,MITT ROMNEY,12967,OTHER,OTHER,258,
MCMINN,2016,DEMOCRAT,HILLARY CLINTON,3510,REPUBLICAN,DONALD TRUMP,14691,OTHER,OTHER,554,
MCMINN,2020,DEMOCRAT,JOSEPH R BIDEN JR,4361,OTHER,OTHER,285,REPUBLICAN,DONALD J TRUMP,18198,
MCNAIRY,2000,DEMOCRAT,AL GORE,4003,REPUBLICAN,GEORGE W. BUSH,4897,GREEN,RALPH NADER,47,OTHER,OTHER,42,
MCNAIRY,2004,DEMOCRAT,JOHN KERRY,4101,REPUBLICAN,GEORGE W. BUSH,5787,OTHER,OTHER,36,
MCNAIRY,2008,DEMOCRAT,BARACK OBAMA,3131,REPUBLICAN,JOHN MCCAIN,7135,OTHER,OTHER,156,
MCNAIRY,2012,DEMOCRAT,BARACK OBAMA,2645,REPUBLICAN,MITT ROMNEY,7015,OTHER,OTHER,142,
MCNAIRY,2016,DEMOCRAT,HILLARY CLINTON,1848,REPUBLICAN,DONALD TRUMP,7841,OTHER,OTHER,349,
MCNAIRY,2020,DEMOCRAT,JOSEPH R BIDEN JR,1943,OTHER,OTHER,239,REPUBLICAN,DONALD J TRUMP,9093,
MACON,2000,DEMOCRAT,AL GORE,3059,REPUBLICAN,GEORGE W. BUSH,3366,GREEN,RALPH NADER,30,OTHER,OTHER,36,
MACON,2004,DEMOCRAT,JOHN KERRY,2739,REPUBLICAN,GEORGE W. BUSH,4670,OTHER,OTHER,25,
MACON,2008,DEMOCRAT,BARACK OBAMA,2060,REPUBLICAN,JOHN MCCAIN,5145,OTHER,OTHER,155,
MACON,2012,DEMOCRAT,BARACK OBAMA,1552,REPUBLICAN,MITT ROMNEY,5260,OTHER,OTHER,93,
MACON,2016,DEMOCRAT,HILLARY CLINTON,1072,REPUBLICAN,DONALD TRUMP,6263,OTHER,OTHER,169,
MACON,2020,DEMOCRAT,JOSEPH R BIDEN JR,1307,OTHER,OTHER,84,REPUBLICAN,DONALD J TRUMP,8096,
MADISON,2000,DEMOCRAT,AL GORE,15781,REPUBLICAN,GEORGE W. BUSH,17862,GREEN,RALPH NADER,173,OTHER,OTHER,114,
MADISON,2004,DEMOCRAT,JOHN KERRY,16837,REPUBLICAN,GEORGE W. BUSH,21672,OTHER,OTHER,156,
MADISON,2008,DEMOCRAT,BARACK OBAMA,20209,REPUBLICAN,JOHN MCCAIN,23290,OTHER,OTHER,347,
MADISON,2012,DEMOCRAT,BARACK OBAMA,18367,REPUBLICAN,MITT ROMNEY,21993,OTHER,OTHER,342,
MADISON,2016,DEMOCRAT,HILLARY CLINTON,15448,REPUBLICAN,DONALD TRUMP,21335,OTHER,OTHER,1337,
MADISON,2020,DEMOCRAT,JOSEPH R BIDEN JR,18390,OTHER,OTHER,617,REPUBLICAN,DONALD J TRUMP,23943,
MARION,2000,DEMOCRAT,AL GORE,5441,REPUBLICAN,GEORGE W. BUSH,4651,GREEN,RALPH NADER,74,OTHER,OTHER,84,
MARION,2004,DEMOCRAT,JOHN KERRY,5548,REPUBLICAN,GEORGE W. BUSH,5862,OTHER,OTHER,82,
MARION,2008,DEMOCRAT,BARACK OBAMA,4506,REPUBLICAN,JOHN MCCAIN,6746,OTHER,OTHER,185,
MARION,2012,DEMOCRAT,BARACK OBAMA,3953,REPUBLICAN,MITT ROMNEY,6272,OTHER,OTHER,184,
MARION,2016,DEMOCRAT,HILLARY CLINTON,2832,REPUBLICAN,DONALD TRUMP,7696,OTHER,OTHER,334,
MARION,2020,DEMOCRAT,JOSEPH R BIDEN JR,3177,OTHER,OTHER,168,REPUBLICAN,DONALD J TRUMP,9911,
MARSHALL,2000,DEMOCRAT,AL GORE,5107,REPUBLICAN,GEORGE W. BUSH,4105,GREEN,RALPH NADER,94,OTHER,OTHER,53,
MARSHALL,2004,DEMOCRAT,JOHN KERRY,4722,REPUBLICAN,GEORGE W. BUSH,5825,OTHER,OTHER,68,
MARSHALL,2008,DEMOCRAT,BARACK OBAMA,4320,REPUBLICAN,JOHN MCCAIN,6755,OTHER,OTHER,214,
MARSHALL,2012,DEMOCRAT,BARACK OBAMA,3725,REPUBLICAN,MITT ROMNEY,6832,OTHER,OTHER,184,
MARSHALL,2016,DEMOCRAT,HILLARY CLINTON,2852,REPUBLICAN,DONALD TRUMP,8184,OTHER,OTHER,419,
MARSHALL,2020,DEMOCRAT,JOSEPH R BIDEN JR,3605,OTHER,OTHER,230,REPUBLICAN,DONALD J TRUMP,11043,
MAURY,2000,DEMOCRAT,AL GORE,11127,REPUBLICAN,GEORGE W. BUSH,11930,GREEN,RALPH NADER,207,OTHER,OTHER,136,
MAURY,2004,DEMOCRAT,JOHN KERRY,12372,REPUBLICAN,GEORGE W. BUSH,17495,OTHER,OTHER,159,
MAURY,2008,DEMOCRAT,BARACK OBAMA,13058,REPUBLICAN,JOHN MCCAIN,20288,OTHER,OTHER,421,
MAURY,2012,DEMOCRAT,BARACK OBAMA,11825,REPUBLICAN,MITT ROMNEY,20708,OTHER,OTHER,473,
MAURY,2016,DEMOCRAT,HILLARY CLINTON,10038,REPUBLICAN,DONALD TRUMP,23799,OTHER,OTHER,1532,
MAURY,2020,DEMOCRAT,JOSEPH R BIDEN JR,14418,OTHER,OTHER,775,REPUBLICAN,DONALD J TRUMP,31464,
MEIGS,2000,DEMOCRAT,AL GORE,1555,REPUBLICAN,GEORGE W. BUSH,1797,GREEN,RALPH NADER,12,OTHER,OTHER,26,
MEIGS,2004,DEMOCRAT,JOHN KERRY,1595,REPUBLICAN,GEORGE W. BUSH,2499,OTHER,OTHER,37,
MEIGS,2008,DEMOCRAT,BARACK OBAMA,1372,REPUBLICAN,JOHN MCCAIN,2797,OTHER,OTHER,68,
MEIGS,2012,DEMOCRAT,BARACK OBAMA,1163,REPUBLICAN,MITT ROMNEY,2734,OTHER,OTHER,67,
MEIGS,2016,DEMOCRAT,HILLARY CLINTON,856,REPUBLICAN,DONALD TRUMP,3342,OTHER,OTHER,122,
MEIGS,2020,DEMOCRAT,JOSEPH R BIDEN JR,1008,OTHER,OTHER,57,REPUBLICAN,DONALD J TRUMP,4467,
MONROE,2000,DEMOCRAT,AL GORE,5327,REPUBLICAN,GEORGE W. BUSH,7514,GREEN,RALPH NADER,78,OTHER,OTHER,84,
MONROE,2004,DEMOCRAT,JOHN KERRY,5349,REPUBLICAN,GEORGE W. BUSH,10113,OTHER,OTHER,91,
MONROE,2008,DEMOCRAT,BARACK OBAMA,5053,REPUBLICAN,JOHN MCCAIN,11484,OTHER,OTHER,240,
MONROE,2012,DEMOCRAT,BARACK OBAMA,4372,REPUBLICAN,MITT ROMNEY,11731,OTHER,OTHER,235,
MONROE,2016,DEMOCRAT,HILLARY CLINTON,3186,REPUBLICAN,DONALD TRUMP,13374,OTHER,OTHER,533,
MONROE,2020,DEMOCRAT,JOSEPH R BIDEN JR,3764,OTHER,OTHER,250,REPUBLICAN,DONALD J TRUMP,16783,
MONTGOMERY,2000,DEMOCRAT,AL GORE,18818,REPUBLICAN,GEORGE W. BUSH,19644,GREEN,RALPH NADER,359,OTHER,OTHER,223,
MONTGOMERY,2004,DEMOCRAT,JOHN KERRY,20061,REPUBLICAN,GEORGE W. BUSH,28615,OTHER,OTHER,299,
MONTGOMERY,2008,DEMOCRAT,BARACK OBAMA,25716,REPUBLICAN,JOHN MCCAIN,30175,OTHER,OTHER,627,
MONTGOMERY,2012,DEMOCRAT,BARACK OBAMA,24499,REPUBLICAN,MITT ROMNEY,30245,OTHER,OTHER,840,
MONTGOMERY,2016,DEMOCRAT,HILLARY CLINTON,21699,REPUBLICAN,DONALD TRUMP,32341,OTHER,OTHER,3580,
MONTGOMERY,2020,DEMOCRAT,JOSEPH R BIDEN JR,32472,OTHER,OTHER,2099,REPUBLICAN,DONALD J TRUMP,42187,
MOORE,2000,DEMOCRAT,AL GORE,1107,REPUBLICAN,GEORGE W. BUSH,1145,GREEN,RALPH NADER,27,OTHER,OTHER,22,
MOORE,2004,DEMOCRAT,JOHN KERRY,1084,REPUBLICAN,GEORGE W. BUSH,1667,OTHER,OTHER,22,
MOORE,2008,DEMOCRAT,BARACK OBAMA,881,REPUBLICAN,JOHN MCCAIN,2010,OTHER,OTHER,61,
MOORE,2012,DEMOCRAT,BARACK OBAMA,705,REPUBLICAN,MITT ROMNEY,2053,OTHER,OTHER,41,
MOORE,2016,DEMOCRAT,HILLARY CLINTON,496,REPUBLICAN,DONALD TRUMP,2325,OTHER,OTHER,105,
MOORE,2020,DEMOCRAT,JOSEPH R BIDEN JR,573,OTHER,OTHER,78,REPUBLICAN,DONALD J TRUMP,2888,
MORGAN,2000,DEMOCRAT,AL GORE,2921,REPUBLICAN,GEORGE W. BUSH,3144,GREEN,RALPH NADER,39,OTHER,OTHER,58,
MORGAN,2004,DEMOCRAT,JOHN KERRY,2924,REPUBLICAN,GEORGE W. BUSH,4401,OTHER,OTHER,35,
MORGAN,2008,DEMOCRAT,BARACK OBAMA,1969,REPUBLICAN,JOHN MCCAIN,4717,OTHER,OTHER,136,
MORGAN,2012,DEMOCRAT,BARACK OBAMA,1725,REPUBLICAN,MITT ROMNEY,4669,OTHER,OTHER,110,
MORGAN,2016,DEMOCRAT,HILLARY CLINTON,1054,REPUBLICAN,DONALD TRUMP,5441,OTHER,OTHER,210,
MORGAN,2020,DEMOCRAT,JOSEPH R BIDEN JR,1167,OTHER,OTHER,131,REPUBLICAN,DONALD J TRUMP,6930,
OBION,2000,DEMOCRAT,AL GORE,6056,REPUBLICAN,GEORGE W. BUSH,6168,GREEN,RALPH NADER,99,OTHER,OTHER,117,
OBION,2004,DEMOCRAT,JOHN KERRY,5549,REPUBLICAN,GEORGE W. BUSH,7859,OTHER,OTHER,127,
OBION,2008,DEMOCRAT,BARACK OBAMA,4308,REPUBLICAN,JOHN MCCAIN,8873,OTHER,OTHER,211,
OBION,2012,DEMOCRAT,BARACK OBAMA,3321,REPUBLICAN,MITT ROMNEY,8814,OTHER,OTHER,162,
OBION,2016,DEMOCRAT,HILLARY CLINTON,2426,REPUBLICAN,DONALD TRUMP,9526,OTHER,OTHER,297,
OBION,2020,DEMOCRAT,JOSEPH R BIDEN JR,2589,OTHER,OTHER,142,REPUBLICAN,DONALD J TRUMP,10790,
OVERTON,2000,DEMOCRAT,AL GORE,4507,REPUBLICAN,GEORGE W. BUSH,2875,GREEN,RALPH NADER,46,OTHER,OTHER,68,
OVERTON,2004,DEMOCRAT,JOHN KERRY,4518,REPUBLICAN,GEORGE W. BUSH,3941,OTHER,OTHER,51,
OVERTON,2008,DEMOCRAT,BARACK OBAMA,3419,REPUBLICAN,JOHN MCCAIN,4497,OTHER,OTHER,176,
OVERTON,2012,DEMOCRAT,BARACK OBAMA,2805,REPUBLICAN,MITT ROMNEY,4775,OTHER,OTHER,84,
OVERTON,2016,DEMOCRAT,HILLARY CLINTON,1945,REPUBLICAN,DONALD TRUMP,6059,OTHER,OTHER,225,
OVERTON,2020,DEMOCRAT,JOSEPH R BIDEN JR,2033,OTHER,OTHER,86,REPUBLICAN,DONALD J TRUMP,7918,
PERRY,2000,DEMOCRAT,AL GORE,1650,REPUBLICAN,GEORGE W. BUSH,1165,GREEN,RALPH NADER,28,OTHER,OTHER,23,
PERRY,2004,DEMOCRAT,JOHN KERRY,1579,REPUBLICAN,GEORGE W. BUSH,1520,OTHER,OTHER,49,
PERRY,2008,DEMOCRAT,BARACK OBAMA,1329,REPUBLICAN,JOHN MCCAIN,1596,OTHER,OTHER,75,
PERRY,2012,DEMOCRAT,BARACK OBAMA,992,REPUBLICAN,MITT ROMNEY,1578,OTHER,OTHER,51,
PERRY,2016,DEMOCRAT,HILLARY CLINTON,597,REPUBLICAN,DONALD TRUMP,2167,OTHER,OTHER,91,
PERRY,2020,DEMOCRAT,JOSEPH R BIDEN JR,615,OTHER,OTHER,38,REPUBLICAN,DONALD J TRUMP,2775,
PICKETT,2000,DEMOCRAT,AL GORE,939,REPUBLICAN,GEORGE W. BUSH,1281,GREEN,RALPH NADER,12,OTHER,OTHER,7,
PICKETT,2004,DEMOCRAT,JOHN KERRY,1033,REPUBLICAN,GEORGE W. BUSH,1600,OTHER,OTHER,12,
PICKETT,2008,DEMOCRAT,BARACK OBAMA,854,REPUBLICAN,JOHN MCCAIN,1786,OTHER,OTHER,31,
PICKETT,2012,DEMOCRAT,BARACK OBAMA,712,REPUBLICAN,MITT ROMNEY,1712,OTHER,OTHER,29,
PICKETT,2016,DEMOCRAT,HILLARY CLINTON,536,REPUBLICAN,DONALD TRUMP,2021,OTHER,OTHER,58,
PICKETT,2020,DEMOCRAT,JOSEPH R BIDEN JR,525,OTHER,OTHER,25,REPUBLICAN,DONALD J TRUMP,2381,
POLK,2000,DEMOCRAT,AL GORE,2574,REPUBLICAN,GEORGE W. BUSH,2907,GREEN,RALPH NADER,46,OTHER,OTHER,67,
POLK,2004,DEMOCRAT,JOHN KERRY,2724,REPUBLICAN,GEORGE W. BUSH,3923,OTHER,OTHER,52,
POLK,2008,DEMOCRAT,BARACK OBAMA,2124,REPUBLICAN,JOHN MCCAIN,4267,OTHER,OTHER,110,
POLK,2012,DEMOCRAT,BARACK OBAMA,1856,REPUBLICAN,MITT ROMNEY,4108,OTHER,OTHER,95,
POLK,2016,DEMOCRAT,HILLARY CLINTON,1252,REPUBLICAN,DONALD TRUMP,5097,OTHER,OTHER,171,
POLK,2020,DEMOCRAT,JOSEPH R BIDEN JR,1492,OTHER,OTHER,76,REPUBLICAN,DONALD J TRUMP,6792,
PUTNAM,2000,DEMOCRAT,AL GORE,10785,REPUBLICAN,GEORGE W. BUSH,11248,GREEN,RALPH NADER,228,OTHER,OTHER,177,
PUTNAM,2004,DEMOCRAT,JOHN KERRY,10549,REPUBLICAN,GEORGE W. BUSH,15619,OTHER,OTHER,239,
PUTNAM,2008,DEMOCRAT,BARACK OBAMA,9739,REPUBLICAN,JOHN MCCAIN,17101,OTHER,OTHER,476,
PUTNAM,2012,DEMOCRAT,BARACK OBAMA,7802,REPUBLICAN,MITT ROMNEY,17254,OTHER,OTHER,444,
PUTNAM,2016,DEMOCRAT,HILLARY CLINTON,6851,REPUBLICAN,DONALD TRUMP,19002,OTHER,OTHER,1359,
PUTNAM,2020,DEMOCRAT,JOSEPH R BIDEN JR,9185,OTHER,OTHER,649,REPUBLICAN,DONALD J TRUMP,23759,
RHEA,2000,DEMOCRAT,AL GORE,3722,REPUBLICAN,GEORGE W. BUSH,5900,GREEN,RALPH NADER,74,OTHER,OTHER,76,
RHEA,2004,DEMOCRAT,JOHN KERRY,3663,REPUBLICAN,GEORGE W. BUSH,7288,OTHER,OTHER,86,
RHEA,2008,DEMOCRAT,BARACK OBAMA,2907,REPUBLICAN,JOHN MCCAIN,8042,OTHER,OTHER,157,
RHEA,2012,DEMOCRAT,BARACK OBAMA,2628,REPUBLICAN,MITT ROMNEY,7802,OTHER,OTHER,160,
RHEA,2016,DEMOCRAT,HILLARY CLINTON,1942,REPUBLICAN,DONALD TRUMP,8660,OTHER,OTHER,460,
RHEA,2020,DEMOCRAT,JOSEPH R BIDEN JR,2369,OTHER,OTHER,218,REPUBLICAN,DONALD J TRUMP,11050,
ROANE,2000,DEMOCRAT,AL GORE,9575,REPUBLICAN,GEORGE W. BUSH,11345,GREEN,RALPH NADER,211,OTHER,OTHER,195,
ROANE,2004,DEMOCRAT,JOHN KERRY,8676,REPUBLICAN,GEORGE W. BUSH,14423,OTHER,OTHER,165,
ROANE,2008,DEMOCRAT,BARACK OBAMA,7224,REPUBLICAN,JOHN MCCAIN,15658,OTHER,OTHER,394,
ROANE,2012,DEMOCRAT,BARACK OBAMA,6018,REPUBLICAN,MITT ROMNEY,14724,OTHER,OTHER,348,
ROANE,2016,DEMOCRAT,HILLARY CLINTON,4837,REPUBLICAN,DONALD TRUMP,15880,OTHER,OTHER,952,
ROANE,2020,DEMOCRAT,JOSEPH R BIDEN JR,6043,OTHER,OTHER,644,REPUBLICAN,DONALD J TRUMP,19230,
ROBERTSON,2000,DEMOCRAT,AL GORE,10249,REPUBLICAN,GEORGE W. BUSH,9675,GREEN,RALPH NADER,148,OTHER,OTHER,92,
ROBERTSON,2004,DEMOCRAT,JOHN KERRY,9863,REPUBLICAN,GEORGE W. BUSH,15329,OTHER,OTHER,127,
ROBERTSON,2008,DEMOCRAT,BARACK OBAMA,9318,REPUBLICAN,JOHN MCCAIN,17903,OTHER,OTHER,393,
ROBERTSON,2012,DEMOCRAT,BARACK OBAMA,8290,REPUBLICAN,MITT ROMNEY,17643,OTHER,OTHER,356,
ROBERTSON,2016,DEMOCRAT,HILLARY CLINTON,6637,REPUBLICAN,DONALD TRUMP,19410,OTHER,OTHER,1066,
ROBERTSON,2020,DEMOCRAT,JOSEPH R BIDEN JR,8692,OTHER,OTHER,489,REPUBLICAN,DONALD J TRUMP,24536,
RUTHERFORD,2000,DEMOCRAT,AL GORE,27360,REPUBLICAN,GEORGE W. BUSH,33445,GREEN,RALPH NADER,1024,OTHER,OTHER,353,
RUTHERFORD,2004,DEMOCRAT,JOHN KERRY,31639,REPUBLICAN,GEORGE W. BUSH,52189,OTHER,OTHER,562,
RUTHERFORD,2008,DEMOCRAT,BARACK OBAMA,40460,REPUBLICAN,JOHN MCCAIN,59892,OTHER,OTHER,1385,
RUTHERFORD,2012,DEMOCRAT,BARACK OBAMA,36414,REPUBLICAN,MITT ROMNEY,60846,OTHER,OTHER,1588,
RUTHERFORD,2016,DEMOCRAT,HILLARY CLINTON,36706,REPUBLICAN,DONALD TRUMP,64515,OTHER,OTHER,6215,
RUTHERFORD,2020,DEMOCRAT,JOSEPH R BIDEN JR,59341,OTHER,OTHER,3057,REPUBLICAN,DONALD J TRUMP,81480,
SCOTT,2000,DEMOCRAT,AL GORE,2967,REPUBLICAN,GEORGE W. BUSH,3579,GREEN,RALPH NADER,31,OTHER,OTHER,38,
SCOTT,2004,DEMOCRAT,JOHN KERRY,3085,REPUBLICAN,GEORGE W. BUSH,4508,OTHER,OTHER,33,
SCOTT,2008,DEMOCRAT,BARACK OBAMA,1720,REPUBLICAN,JOHN MCCAIN,4931,OTHER,OTHER,132,
SCOTT,2012,DEMOCRAT,BARACK OBAMA,1452,REPUBLICAN,MITT ROMNEY,5117,OTHER,OTHER,99,
SCOTT,2016,DEMOCRAT,HILLARY CLINTON,934,REPUBLICAN,DONALD TRUMP,6044,OTHER,OTHER,145,
SCOTT,2020,DEMOCRAT,JOSEPH R BIDEN JR,986,OTHER,OTHER,62,REPUBLICAN,DONALD J TRUMP,8004,
SEQUATCHIE,2000,DEMOCRAT,AL GORE,1648,REPUBLICAN,GEORGE W. BUSH,2169,GREEN,RALPH NADER,37,OTHER,OTHER,33,
SEQUATCHIE,2004,DEMOCRAT,JOHN KERRY,1986,REPUBLICAN,GEORGE W. BUSH,2950,OTHER,OTHER,46,
SEQUATCHIE,2008,DEMOCRAT,BARACK OBAMA,1717,REPUBLICAN,JOHN MCCAIN,3610,OTHER,OTHER,110,
SEQUATCHIE,2012,DEMOCRAT,BARACK OBAMA,1489,REPUBLICAN,MITT ROMNEY,3541,OTHER,OTHER,112,
SEQUATCHIE,2016,DEMOCRAT,HILLARY CLINTON,1053,REPUBLICAN,DONALD TRUMP,4441,OTHER,OTHER,200,
SEQUATCHIE,2020,DEMOCRAT,JOSEPH R BIDEN JR,1298,OTHER,OTHER,99,REPUBLICAN,DONALD J TRUMP,5855,
SEVIER,2000,DEMOCRAT,AL GORE,8208,REPUBLICAN,GEORGE W. BUSH,16734,GREEN,RALPH NADER,259,OTHER,OTHER,164,
SEVIER,2004,DEMOCRAT,JOHN KERRY,8613,REPUBLICAN,GEORGE W. BUSH,22127,OTHER,OTHER,204,
SEVIER,2008,DEMOCRAT,BARACK OBAMA,8604,REPUBLICAN,JOHN MCCAIN,24922,OTHER,OTHER,415,
SEVIER,2012,DEMOCRAT,BARACK OBAMA,7418,REPUBLICAN,MITT ROMNEY,25984,OTHER,OTHER,462,
SEVIER,2016,DEMOCRAT,HILLARY CLINTON,6297,REPUBLICAN,DONALD TRUMP,28629,OTHER,OTHER,1386,
SEVIER,2020,DEMOCRAT,JOSEPH R BIDEN JR,8721,OTHER,OTHER,1031,REPUBLICAN,DONALD J TRUMP,33783,
SHELBY,2000,DEMOCRAT,AL GORE,190404,REPUBLICAN,GEORGE W. BUSH,141756,GREEN,RALPH NADER,2860,OTHER,OTHER,1735,
SHELBY,2004,DEMOCRAT,JOHN KERRY,215810,REPUBLICAN,GEORGE W. BUSH,157591,OTHER,OTHER,2183,
SHELBY,2008,DEMOCRAT,BARACK OBAMA,256297,REPUBLICAN,JOHN MCCAIN,145458,OTHER,OTHER,2800,
SHELBY,2012,DEMOCRAT,BARACK OBAMA,232443,REPUBLICAN,MITT ROMNEY,135649,OTHER,OTHER,3017,
SHELBY,2016,DEMOCRAT,HILLARY CLINTON,208992,REPUBLICAN,DONALD TRUMP,116344,OTHER,OTHER,12047,
SHELBY,2020,DEMOCRAT,JOSEPH R BIDEN JR,246105,OTHER,OTHER,6135,REPUBLICAN,DONALD J TRUMP,129815,
SMITH,2000,DEMOCRAT,AL GORE,4884,REPUBLICAN,GEORGE W. BUSH,2384,GREEN,RALPH NADER,42,OTHER,OTHER,38,
SMITH,2004,DEMOCRAT,JOHN KERRY,4038,REPUBLICAN,GEORGE W. BUSH,3738,OTHER,OTHER,45,
SMITH,2008,DEMOCRAT,BARACK OBAMA,2992,REPUBLICAN,JOHN MCCAIN,4563,OTHER,OTHER,186,
SMITH,2012,DEMOCRAT,BARACK OBAMA,2470,REPUBLICAN,MITT ROMNEY,4495,OTHER,OTHER,122,
SMITH,2016,DEMOCRAT,HILLARY CLINTON,1689,REPUBLICAN,DONALD TRUMP,5494,OTHER,OTHER,253,
SMITH,2020,DEMOCRAT,JOSEPH R BIDEN JR,1802,OTHER,OTHER,113,REPUBLICAN,DONALD J TRUMP,7136,
STEWART,2000,DEMOCRAT,AL GORE,2870,REPUBLICAN,GEORGE W. BUSH,1826,GREEN,RALPH NADER,50,OTHER,OTHER,36,
STEWART,2004,DEMOCRAT,JOHN KERRY,2860,REPUBLICAN,GEORGE W. BUSH,2675,OTHER,OTHER,48,
STEWART,2008,DEMOCRAT,BARACK OBAMA,2470,REPUBLICAN,JOHN MCCAIN,2956,OTHER,OTHER,81,
STEWART,2012,DEMOCRAT,BARACK OBAMA,2069,REPUBLICAN,MITT ROMNEY,2963,OTHER,OTHER,83,
STEWART,2016,DEMOCRAT,HILLARY CLINTON,1222,REPUBLICAN,DONALD TRUMP,3864,OTHER,OTHER,213,
STEWART,2020,DEMOCRAT,JOSEPH R BIDEN JR,1232,OTHER,OTHER,114,REPUBLICAN,DONALD J TRUMP,4950,
SULLIVAN,2000,DEMOCRAT,AL GORE,21354,REPUBLICAN,GEORGE W. BUSH,33482,GREEN,RALPH NADER,520,OTHER,OTHER,371,
SULLIVAN,2004,DEMOCRAT,JOHN KERRY,19626,REPUBLICAN,GEORGE W. BUSH,42526,OTHER,OTHER,446,
SULLIVAN,2008,DEMOCRAT,BARACK OBAMA,18354,REPUBLICAN,JOHN MCCAIN,44808,OTHER,OTHER,835,
SULLIVAN,2012,DEMOCRAT,BARACK OBAMA,15321,REPUBLICAN,MITT ROMNEY,43562,OTHER,OTHER,1004,
SULLIVAN,2016,DEMOCRAT,HILLARY CLINTON,12578,REPUBLICAN,DONALD TRUMP,46979,OTHER,OTHER,2721,
SULLIVAN,2020,DEMOCRAT,JOSEPH R BIDEN JR,17272,OTHER,OTHER,1225,REPUBLICAN,DONALD J TRUMP,55860,
SUMNER,2000,DEMOCRAT,AL GORE,22118,REPUBLICAN,GEORGE W. BUSH,27601,GREEN,RALPH NADER,482,OTHER,OTHER,276,
SUMNER,2004,DEMOCRAT,JOHN KERRY,21439,REPUBLICAN,GEORGE W. BUSH,40141,OTHER,OTHER,329,
SUMNER,2008,DEMOCRAT,BARACK OBAMA,21487,REPUBLICAN,JOHN MCCAIN,44949,OTHER,OTHER,792,
SUMNER,2012,DEMOCRAT,BARACK OBAMA,18579,REPUBLICAN,MITT ROMNEY,46003,OTHER,OTHER,784,
SUMNER,2016,DEMOCRAT,HILLARY CLINTON,18161,REPUBLICAN,DONALD TRUMP,50129,OTHER,OTHER,3215,
SUMNER,2020,DEMOCRAT,JOSEPH R BIDEN JR,27680,OTHER,OTHER,1496,REPUBLICAN,DONALD J TRUMP,63454,
TIPTON,2000,DEMOCRAT,AL GORE,6300,REPUBLICAN,GEORGE W. BUSH,10070,GREEN,RALPH NADER,96,OTHER,OTHER,86,
TIPTON,2004,DEMOCRAT,JOHN KERRY,7379,REPUBLICAN,GEORGE W. BUSH,14178,OTHER,OTHER,120,
TIPTON,2008,DEMOCRAT,BARACK OBAMA,7931,REPUBLICAN,JOHN MCCAIN,17165,OTHER,OTHER,220,
TIPTON,2012,DEMOCRAT,BARACK OBAMA,7133,REPUBLICAN,MITT ROMNEY,16672,OTHER,OTHER,276,
TIPTON,2016,DEMOCRAT,HILLARY CLINTON,5785,REPUBLICAN,DONALD TRUMP,16910,OTHER,OTHER,786,
TIPTON,2020,DEMOCRAT,JOSEPH R BIDEN JR,6837,OTHER,OTHER,401,REPUBLICAN,DONALD J TRUMP,20070,
TROUSDALE,2000,DEMOCRAT,AL GORE,1966,REPUBLICAN,GEORGE W. BUSH,950,GREEN,RALPH NADER,15,OTHER,OTHER,14,
TROUSDALE,2004,DEMOCRAT,JOHN KERRY,1850,REPUBLICAN,GEORGE W. BUSH,1314,OTHER,OTHER,26,
TROUSDALE,2008,DEMOCRAT,BARACK OBAMA,1475,REPUBLICAN,JOHN MCCAIN,1688,OTHER,OTHER,76,
TROUSDALE,2012,DEMOCRAT,BARACK OBAMA,1240,REPUBLICAN,MITT ROMNEY,1612,OTHER,OTHER,53,
TROUSDALE,2016,DEMOCRAT,HILLARY CLINTON,946,REPUBLICAN,DONALD TRUMP,2103,OTHER,OTHER,111,
TROUSDALE,2020,DEMOCRAT,JOSEPH R BIDEN JR,1012,OTHER,OTHER,50,REPUBLICAN,DONALD J TRUMP,2936,
UNICOI,2000,DEMOCRAT,AL GORE,2566,REPUBLICAN,GEORGE W. BUSH,3780,GREEN,RALPH NADER,40,OTHER,OTHER,43,
UNICOI,2004,DEMOCRAT,JOHN KERRY,2372,REPUBLICAN,GEORGE W. BUSH,5026,OTHER,OTHER,59,
UNICOI,2008,DEMOCRAT,BARACK OBAMA,2107,REPUBLICAN,JOHN MCCAIN,5011,OTHER,OTHER,105,
UNICOI,2012,DEMOCRAT,BARACK OBAMA,1913,REPUBLICAN,MITT ROMNEY,5032,OTHER,OTHER,141,
UNICOI,2016,DEMOCRAT,HILLARY CLINTON,1262,REPUBLICAN,DONALD TRUMP,5671,OTHER,OTHER,262,
UNICOI,2020,DEMOCRAT,JOSEPH R BIDEN JR,1615,OTHER,OTHER,93,REPUBLICAN,DONALD J TRUMP,6599,
UNION,2000,DEMOCRAT,AL GORE,2564,REPUBLICAN,GEORGE W. BUSH,3199,GREEN,RALPH NADER,30,OTHER,OTHER,28,
UNION,2004,DEMOCRAT,JOHN KERRY,2524,REPUBLICAN,GEORGE W. BUSH,4145,OTHER,OTHER,41,
UNION,2008,DEMOCRAT,BARACK OBAMA,1829,REPUBLICAN,JOHN MCCAIN,4467,OTHER,OTHER,103,
UNION,2012,DEMOCRAT,BARACK OBAMA,1478,REPUBLICAN,MITT ROMNEY,4282,OTHER,OTHER,68,
UNION,2016,DEMOCRAT,HILLARY CLINTON,1012,REPUBLICAN,DONALD TRUMP,5053,OTHER,OTHER,182,
UNION,2020,DEMOCRAT,JOSEPH R BIDEN JR,1249,OTHER,OTHER,71,REPUBLICAN,DONALD J TRUMP,6803,
VAN BUREN,2000,DEMOCRAT,AL GORE,1255,REPUBLICAN,GEORGE W. BUSH,845,GREEN,RALPH NADER,8,OTHER,OTHER,23,
VAN BUREN,2004,DEMOCRAT,JOHN KERRY,1209,REPUBLICAN,GEORGE W. BUSH,1119,OTHER,OTHER,18,
VAN BUREN,2008,DEMOCRAT,BARACK OBAMA,849,REPUBLICAN,JOHN MCCAIN,1294,OTHER,OTHER,63,
VAN BUREN,2012,DEMOCRAT,BARACK OBAMA,875,REPUBLICAN,MITT ROMNEY,1386,OTHER,OTHER,39,
VAN BUREN,2016,DEMOCRAT,HILLARY CLINTON,539,REPUBLICAN,DONALD TRUMP,1820,OTHER,OTHER,60,
VAN BUREN,2020,DEMOCRAT,JOSEPH R BIDEN JR,544,OTHER,OTHER,35,REPUBLICAN,DONALD J TRUMP,2342,
WARREN,2000,DEMOCRAT,AL GORE,7378,REPUBLICAN,GEORGE W. BUSH,5552,GREEN,RALPH NADER,105,OTHER,OTHER,96,
WARREN,2004,DEMOCRAT,JOHN KERRY,6803,REPUBLICAN,GEORGE W. BUSH,7502,OTHER,OTHER,89,
WARREN,2008,DEMOCRAT,BARACK OBAMA,5515,REPUBLICAN,JOHN MCCAIN,8562,OTHER,OTHER,323,
WARREN,2012,DEMOCRAT,BARACK OBAMA,4752,REPUBLICAN,MITT ROMNEY,8010,OTHER,OTHER,253,
WARREN,2016,DEMOCRAT,HILLARY CLINTON,3535,REPUBLICAN,DONALD TRUMP,9540,OTHER,OTHER,537,
WARREN,2020,DEMOCRAT,JOSEPH R BIDEN JR,3924,OTHER,OTHER,235,REPUBLICAN,DONALD J TRUMP,11850,
WASHINGTON,2000,DEMOCRAT,AL GORE,14769,REPUBLICAN,GEORGE W. BUSH,22579,GREEN,RALPH NADER,375,OTHER,OTHER,219,
WASHINGTON,2004,DEMOCRAT,JOHN KERRY,14937,REPUBLICAN,GEORGE W. BUSH,29720,OTHER,OTHER,327,
WASHINGTON,2008,DEMOCRAT,BARACK OBAMA,15941,REPUBLICAN,JOHN MCCAIN,32341,OTHER,OTHER,700,
WASHINGTON,2012,DEMOCRAT,BARACK OBAMA,14325,REPUBLICAN,MITT ROMNEY,32808,OTHER,OTHER,899,
WASHINGTON,2016,DEMOCRAT,HILLARY CLINTON,13024,REPUBLICAN,DONALD TRUMP,34252,OTHER,OTHER,2474,
WASHINGTON,2020,DEMOCRAT,JOSEPH R BIDEN JR,18638,OTHER,OTHER,1121,REPUBLICAN,DONALD J TRUMP,40444,
WAYNE,2000,DEMOCRAT,AL GORE,1859,REPUBLICAN,GEORGE W. BUSH,3370,GREEN,RALPH NADER,43,OTHER,OTHER,34,
WAYNE,2004,DEMOCRAT,JOHN KERRY,1951,REPUBLICAN,GEORGE W. BUSH,3998,OTHER,OTHER,34,
WAYNE,2008,DEMOCRAT,BARACK OBAMA,1355,REPUBLICAN,JOHN MCCAIN,4076,OTHER,OTHER,96,
WAYNE,2012,DEMOCRAT,BARACK OBAMA,1163,REPUBLICAN,MITT ROMNEY,4253,OTHER,OTHER,70,
WAYNE,2016,DEMOCRAT,HILLARY CLINTON,717,REPUBLICAN,DONALD TRUMP,5036,OTHER,OTHER,104,
WAYNE,2020,DEMOCRAT,JOSEPH R BIDEN JR,820,OTHER,OTHER,54,REPUBLICAN,DONALD J TRUMP,5795,
WEAKLEY,2000,DEMOCRAT,AL GORE,5570,REPUBLICAN,GEORGE W. BUSH,6106,GREEN,RALPH NADER,91,OTHER,OTHER,77,
WEAKLEY,2004,DEMOCRAT,JOHN KERRY,5584,REPUBLICAN,GEORGE W. BUSH,7816,OTHER,OTHER,91,
WEAKLEY,2008,DEMOCRAT,BARACK OBAMA,4596,REPUBLICAN,JOHN MCCAIN,8855,OTHER,OTHER,239,
WEAKLEY,2012,DEMOCRAT,BARACK OBAMA,3548,REPUBLICAN,MITT ROMNEY,8605,OTHER,OTHER,184,
WEAKLEY,2016,DEMOCRAT,HILLARY CLINTON,2772,REPUBLICAN,DONALD TRUMP,9008,OTHER,OTHER,404,
WEAKLEY,2020,DEMOCRAT,JOSEPH R BIDEN JR,3020,OTHER,OTHER,319,REPUBLICAN,DONALD J TRUMP,10396,
WHITE,2000,DEMOCRAT,AL GORE,4135,REPUBLICAN,GEORGE W. BUSH,3525,GREEN,RALPH NADER,58,OTHER,OTHER,57,
WHITE,2004,DEMOCRAT,JOHN KERRY,4147,REPUBLICAN,GEORGE W. BUSH,5268,OTHER,OTHER,79,
WHITE,2008,DEMOCRAT,BARACK OBAMA,3372,REPUBLICAN,JOHN MCCAIN,6103,OTHER,OTHER,172,
WHITE,2012,DEMOCRAT,BARACK OBAMA,2795,REPUBLICAN,MITT ROMNEY,6197,OTHER,OTHER,148,
WHITE,2016,DEMOCRAT,HILLARY CLINTON,1845,REPUBLICAN,DONALD TRUMP,7671,OTHER,OTHER,309,
WHITE,2020,DEMOCRAT,JOSEPH R BIDEN JR,2143,OTHER,OTHER,146,REPUBLICAN,DONALD J TRUMP,9606,
WILLIAMSON,2000,DEMOCRAT,AL GORE,18745,REPUBLICAN,GEORGE W. BUSH,38901,GREEN,RALPH NADER,536,OTHER,OTHER,247,
WILLIAMSON,2004,DEMOCRAT,JOHN KERRY,21719,REPUBLICAN,GEORGE W. BUSH,57409,OTHER,OTHER,449,
WILLIAMSON,2008,DEMOCRAT,BARACK OBAMA,27886,REPUBLICAN,JOHN MCCAIN,64858,OTHER,OTHER,902,
WILLIAMSON,2012,DEMOCRAT,BARACK OBAMA,25142,REPUBLICAN,MITT ROMNEY,69850,OTHER,OTHER,1233,
WILLIAMSON,2016,DEMOCRAT,HILLARY CLINTON,31013,REPUBLICAN,DONALD TRUMP,68212,OTHER,OTHER,7046,
WILLIAMSON,2020,DEMOCRAT,JOSEPH R BIDEN JR,50161,OTHER,OTHER,2386,REPUBLICAN,DONALD J TRUMP,86469,
WILSON,2000,DEMOCRAT,AL GORE,16561,REPUBLICAN,GEORGE W. BUSH,18844,GREEN,RALPH NADER,308,OTHER,OTHER,203,
WILSON,2004,DEMOCRAT,JOHN KERRY,15256,REPUBLICAN,GEORGE W. BUSH,28896,OTHER,OTHER,251,
WILSON,2008,DEMOCRAT,BARACK OBAMA,15886,REPUBLICAN,JOHN MCCAIN,34595,OTHER,OTHER,678,
WILSON,2012,DEMOCRAT,BARACK OBAMA,14695,REPUBLICAN,MITT ROMNEY,36109,OTHER,OTHER,695,
WILSON,2016,DEMOCRAT,HILLARY CLINTON,14385,REPUBLICAN,DONALD TRUMP,39406,OTHER,OTHER,2943,
WILSON,2020,DEMOCRAT,JOSEPH R BIDEN JR,22254,OTHER,OTHER,1780,REPUBLICAN,DONALD J TRUMP,50296,
