ADAMS,2000,DEMOCRAT,AL GORE,4826,REPUBLICAN,GEORGE W. BUSH,3920,GREEN,RALPH NADER,217,OTHER,OTHER,153,
ADAMS,2004,DEMOCRAT,JOHN KERRY,5447,REPUBLICAN,GEORGE W. BUSH,4890,OTHER,OTHER,119,
ADAMS,2008,DEMOCRAT,BARACK OBAMA,5806,REPUBLICAN,JOHN MCCAIN,3974,OTHER,OTHER,206,
ADAMS,2012,DEMOCRAT,BARACK OBAMA,5542,REPUBLICAN,MITT ROMNEY,4644,OTHER,OTHER,101,
ADAMS,2016,DEMOCRAT,HILLARY CLINTON,3770,REPUBLICAN,DONALD TRUMP,5983,OTHER,OTHER,411,
ADAMS,2020,DEMOCRAT,JOSEPH R BIDEN JR,4329,GREEN,OTHER,1,LIBERTARIAN,JO JORGENSEN,85,OTHER,OTHER,41,REPUBLICAN,DONALD J TRUMP,7362,
ASHLAND,2000,DEMOCRAT,AL GORE,4356,REPUBLICAN,GEORGE W. BUSH,3038,GREEN,RALPH NADER,440,OTHER,OTHER,56,
ASHLAND,2004,DEMOCRAT,JOHN KERRY,5805,REPUBLICAN,GEORGE W. BUSH,3313,OTHER,OTHER,81,
ASHLAND,2008,DEMOCRAT,BARACK OBAMA,5818,REPUBLICAN,JOHN MCCAIN,2634,OTHER,OTHER,122,
ASHLAND,2012,DEMOCRAT,BARACK OBAMA,5399,REPUBLICAN,MITT ROMNEY,2820,OTHER,OTHER,153,
ASHLAND,2016,DEMOCRAT,HILLARY CLINTON,4228,REPUBLICAN,DONALD TRUMP,3302,OTHER,OTHER,499,
ASHLAND,2020,DEMOCRAT,JOSEPH R BIDEN JR,4801,GREEN,OTHER,6,LIBERTARIAN,JO JORGENSEN,70,OTHER,OTHER,39,REPUBLICAN,DONALD J TRUMP,3841,
BARRON,2000,DEMOCRAT,AL GORE,8928,REPUBLICAN,GEORGE W. BUSH,9848,GREEN,RALPH NADER,1009,OTHER,OTHER,119,
BARRON,2004,DEMOCRAT,JOHN KERRY,11696,REPUBLICAN,GEORGE W. BUSH,12030,OTHER,OTHER,211,
BARRON,2008,DEMOCRAT,BARACK OBAMA,12078,REPUBLICAN,JOHN MCCAIN,10457,OTHER,OTHER,351,
BARRON,2012,DEMOCRAT,BARACK OBAMA,10890,REPUBLICAN,MITT ROMNEY,11443,OTHER,OTHER,359,
BARRON,2016,DEMOCRAT,HILLARY CLINTON,7879,REPUBLICAN,DONALD TRUMP,13606,OTHER,OTHER,1158,
BARRON,2020,DEMOCRAT,JOSEPH R BIDEN JR,9194,GREEN,OTHER,13,LIBERTARIAN,JO JORGENSEN,262,OTHER,OTHER,74,REPUBLICAN,DONALD J TRUMP,15803,
BAYFIELD,2000,DEMOCRAT,AL GORE,4427,REPUBLICAN,GEORGE W. BUSH,3266,GREEN,RALPH NADER,511,OTHER,OTHER,55,
BAYFIELD,2004,DEMOCRAT,JOHN KERRY,5845,REPUBLICAN,GEORGE W. BUSH,3754,OTHER,OTHER,100,
BAYFIELD,2008,DEMOCRAT,BARACK OBAMA,5972,REPUBLICAN,JOHN MCCAIN,3365,OTHER,OTHER,131,
BAYFIELD,2012,DEMOCRAT,BARACK OBAMA,6033,REPUBLICAN,MITT ROMNEY,3603,OTHER,OTHER,152,
BAYFIELD,2016,DEMOCRAT,HILLARY CLINTON,4954,REPUBLICAN,DONALD TRUMP,4125,OTHER,OTHER,450,
BAYFIELD,2020,DEMOCRAT,JOSEPH R BIDEN JR,6147,GREEN,OTHER,7,LIBERTARIAN,JO JORGENSEN,80,OTHER,OTHER,29,REPUBLICAN,DONALD J TRUMP,4617,
BROWN,2000,DEMOCRAT,AL GORE,49096,REPUBLICAN,GEORGE W. BUSH,54258,GREEN,RALPH NADER,3311,OTHER,OTHER,1104,
BROWN,2004,DEMOCRAT,JOHN KERRY,54935,REPUBLICAN,GEORGE W. BUSH,67173,OTHER,OTHER,1186,
BROWN,2008,DEMOCRAT,BARACK OBAMA,67269,REPUBLICAN,JOHN MCCAIN,55854,OTHER,OTHER,1631,
BROWN,2012,DEMOCRAT,BARACK OBAMA,62526,REPUBLICAN,MITT ROMNEY,64836,OTHER,OTHER,1566,
BROWN,2016,DEMOCRAT,HILLARY CLINTON,53364,REPUBLICAN,DONALD TRUMP,67199,OTHER,OTHER,8416,
BROWN,2020,DEMOCRAT,JOSEPH R BIDEN JR,65511,GREEN,OTHER,33,LIBERTARIAN,JO JORGENSEN,1829,OTHER,OTHER,773,REPUBLICAN,DONALD J TRUMP,75871,
BUFFALO,2000,DEMOCRAT,AL GORE,3237,REPUBLICAN,GEORGE W. BUSH,3038,GREEN,RALPH NADER,316,OTHER,OTHER,50,
BUFFALO,2004,DEMOCRAT,JOHN KERRY,3998,REPUBLICAN,GEORGE W. BUSH,3502,OTHER,OTHER,91,
BUFFALO,2008,DEMOCRAT,BARACK OBAMA,3949,REPUBLICAN,JOHN MCCAIN,2923,OTHER,OTHER,128,
BUFFALO,2012,DEMOCRAT,BARACK OBAMA,3570,REPUBLICAN,MITT ROMNEY,3364,OTHER,OTHER,105,
BUFFALO,2016,DEMOCRAT,HILLARY CLINTON,2531,REPUBLICAN,DONALD TRUMP,4049,OTHER,OTHER,408,
BUFFALO,2020,DEMOCRAT,JOSEPH R BIDEN JR,2860,GREEN,OTHER,0,LIBERTARIAN,JO JORGENSEN,80,OTHER,OTHER,42,REPUBLICAN,DONALD J TRUMP,4834,
BURNETT,2000,DEMOCRAT,AL GORE,3626,REPUBLICAN,GEORGE W. BUSH,3967,GREEN,RALPH NADER,499,OTHER,OTHER,59,
BURNETT,2004,DEMOCRAT,JOHN KERRY,4499,REPUBLICAN,GEORGE W. BUSH,4743,OTHER,OTHER,79,
BURNETT,2008,DEMOCRAT,BARACK OBAMA,4337,REPUBLICAN,JOHN MCCAIN,4200,OTHER,OTHER,151,
BURNETT,2012,DEMOCRAT,BARACK OBAMA,3986,REPUBLICAN,MITT ROMNEY,4550,OTHER,OTHER,141,
BURNETT,2016,DEMOCRAT,HILLARY CLINTON,2948,REPUBLICAN,DONALD TRUMP,5412,OTHER,OTHER,383,
BURNETT,2020,DEMOCRAT,JOSEPH R BIDEN JR,3569,GREEN,OTHER,1,LIBERTARIAN,JO JORGENSEN,86,OTHER,OTHER,23,REPUBLICAN,DONALD J TRUMP,6462,
CALUMET,2000,DEMOCRAT,AL GORE,8202,REPUBLICAN,GEORGE W. BUSH,10837,GREEN,RALPH NADER,658,OTHER,OTHER,250,
CALUMET,2004,DEMOCRAT,JOHN KERRY,10290,REPUBLICAN,GEORGE W. BUSH,14721,OTHER,OTHER,265,
CALUMET,2008,DEMOCRAT,BARACK OBAMA,13295,REPUBLICAN,JOHN MCCAIN,12722,OTHER,OTHER,457,
CALUMET,2012,DEMOCRAT,BARACK OBAMA,11489,REPUBLICAN,MITT ROMNEY,14539,OTHER,OTHER,392,
CALUMET,2016,DEMOCRAT,HILLARY CLINTON,9646,REPUBLICAN,DONALD TRUMP,15348,OTHER,OTHER,1656,
CALUMET,2020,DEMOCRAT,JOSEPH R BIDEN JR,12116,GREEN,OTHER,6,LIBERTARIAN,JO JORGENSEN,363,OTHER,OTHER,133,REPUBLICAN,DONALD J TRUMP,18156,
CHIPPEWA,2000,DEMOCRAT,AL GORE,12102,REPUBLICAN,GEORGE W. BUSH,12835,GREEN,RALPH NADER,973,OTHER,OTHER,263,
CHIPPEWA,2004,DEMOCRAT,JOHN KERRY,14751,REPUBLICAN,GEORGE W. BUSH,15450,OTHER,OTHER,323,
CHIPPEWA,2008,DEMOCRAT,BARACK OBAMA,16239,REPUBLICAN,JOHN MCCAIN,13492,OTHER,OTHER,500,
CHIPPEWA,2012,DEMOCRAT,BARACK OBAMA,15237,REPUBLICAN,MITT ROMNEY,15322,OTHER,OTHER,373,
CHIPPEWA,2016,DEMOCRAT,HILLARY CLINTON,11886,REPUBLICAN,DONALD TRUMP,17909,OTHER,OTHER,1766,
CHIPPEWA,2020,DEMOCRAT,JOSEPH R BIDEN JR,13983,GREEN,OTHER,5,LIBERTARIAN,JO JORGENSEN,501,OTHER,OTHER,132,REPUBLICAN,DONALD J TRUMP,21317,
CLARK,2000,DEMOCRAT,AL GORE,5931,REPUBLICAN,GEORGE W. BUSH,7461,GREEN,RALPH NADER,521,OTHER,OTHER,236,
CLARK,2004,DEMOCRAT,JOHN KERRY,6966,REPUBLICAN,GEORGE W. BUSH,7966,OTHER,OTHER,193,
CLARK,2008,DEMOCRAT,BARACK OBAMA,7454,REPUBLICAN,JOHN MCCAIN,6383,OTHER,OTHER,350,
CLARK,2012,DEMOCRAT,BARACK OBAMA,6172,REPUBLICAN,MITT ROMNEY,7412,OTHER,OTHER,217,
CLARK,2016,DEMOCRAT,HILLARY CLINTON,4227,REPUBLICAN,DONALD TRUMP,8646,OTHER,OTHER,723,
CLARK,2020,DEMOCRAT,JOSEPH R BIDEN JR,4524,GREEN,OTHER,2,LIBERTARIAN,JO JORGENSEN,168,OTHER,OTHER,202,REPUBLICAN,DONALD J TRUMP,10002,
COLUMBIA,2000,DEMOCRAT,AL GORE,12636,REPUBLICAN,GEORGE W. BUSH,11987,GREEN,RALPH NADER,790,OTHER,OTHER,174,
COLUMBIA,2004,DEMOCRAT,JOHN KERRY,14300,REPUBLICAN,GEORGE W. BUSH,14956,OTHER,OTHER,299,
COLUMBIA,2008,DEMOCRAT,BARACK OBAMA,16661,REPUBLICAN,JOHN MCCAIN,12193,OTHER,OTHER,418,
COLUMBIA,2012,DEMOCRAT,BARACK OBAMA,17175,REPUBLICAN,MITT ROMNEY,13026,OTHER,OTHER,345,
COLUMBIA,2016,DEMOCRAT,HILLARY CLINTON,13526,REPUBLICAN,DONALD TRUMP,14160,OTHER,OTHER,2085,
COLUMBIA,2020,DEMOCRAT,JOSEPH R BIDEN JR,16410,GREEN,OTHER,15,LIBERTARIAN,JO JORGENSEN,421,OTHER,OTHER,96,REPUBLICAN,DONALD J TRUMP,16927,
CRAWFORD,2000,DEMOCRAT,AL GORE,4005,REPUBLICAN,GEORGE W. BUSH,3024,GREEN,RALPH NADER,309,OTHER,OTHER,56,
CRAWFORD,2004,DEMOCRAT,JOHN KERRY,4656,REPUBLICAN,GEORGE W. BUSH,3680,OTHER,OTHER,123,
CRAWFORD,2008,DEMOCRAT,BARACK OBAMA,4987,REPUBLICAN,JOHN MCCAIN,2830,OTHER,OTHER,164,
CRAWFORD,2012,DEMOCRAT,BARACK OBAMA,4629,REPUBLICAN,MITT ROMNEY,3067,OTHER,OTHER,121,
CRAWFORD,2016,DEMOCRAT,HILLARY CLINTON,3425,REPUBLICAN,DONALD TRUMP,3844,OTHER,OTHER,475,
CRAWFORD,2020,DEMOCRAT,JOSEPH R BIDEN JR,3953,GREEN,OTHER,0,LIBERTARIAN,JO JORGENSEN,92,OTHER,OTHER,30,REPUBLICAN,DONALD J TRUMP,4620,
DANE,2000,DEMOCRAT,AL GORE,142317,REPUBLICAN,GEORGE W. BUSH,75790,GREEN,RALPH NADER,13030,OTHER,OTHER,1602,
DANE,2004,DEMOCRAT,JOHN KERRY,181052,REPUBLICAN,GEORGE W. BUSH,90369,OTHER,OTHER,2828,
DANE,2008,DEMOCRAT,BARACK OBAMA,205984,REPUBLICAN,JOHN MCCAIN,73065,OTHER,OTHER,3890,
DANE,2012,DEMOCRAT,BARACK OBAMA,216071,REPUBLICAN,MITT ROMNEY,83644,OTHER,OTHER,4466,
DANE,2016,DEMOCRAT,HILLARY CLINTON,217526,REPUBLICAN,DONALD TRUMP,71279,OTHER,OTHER,21212,
DANE,2020,DEMOCRAT,JOSEPH R BIDEN JR,260185,GREEN,OTHER,216,LIBERTARIAN,JO JORGENSEN,3668,OTHER,OTHER,1922,REPUBLICAN,DONALD J TRUMP,78800,
DODGE,2000,DEMOCRAT,AL GORE,14580,REPUBLICAN,GEORGE W. BUSH,21684,GREEN,RALPH NADER,1098,OTHER,OTHER,339,
DODGE,2004,DEMOCRAT,JOHN KERRY,16690,REPUBLICAN,GEORGE W. BUSH,27201,OTHER,OTHER,445,
DODGE,2008,DEMOCRAT,BARACK OBAMA,19183,REPUBLICAN,JOHN MCCAIN,23015,OTHER,OTHER,625,
DODGE,2012,DEMOCRAT,BARACK OBAMA,18762,REPUBLICAN,MITT ROMNEY,25211,OTHER,OTHER,515,
DODGE,2016,DEMOCRAT,HILLARY CLINTON,13968,REPUBLICAN,DONALD TRUMP,26643,OTHER,OTHER,2454,
DODGE,2020,DEMOCRAT,JOSEPH R BIDEN JR,16356,GREEN,OTHER,11,LIBERTARIAN,JO JORGENSEN,535,OTHER,OTHER,179,REPUBLICAN,DONALD J TRUMP,31355,
DOOR,2000,DEMOCRAT,AL GORE,6560,REPUBLICAN,GEORGE W. BUSH,7810,GREEN,RALPH NADER,709,OTHER,OTHER,141,
DOOR,2004,DEMOCRAT,JOHN KERRY,8367,REPUBLICAN,GEORGE W. BUSH,8910,OTHER,OTHER,214,
DOOR,2008,DEMOCRAT,BARACK OBAMA,10142,REPUBLICAN,JOHN MCCAIN,7112,OTHER,OTHER,227,
DOOR,2012,DEMOCRAT,BARACK OBAMA,9357,REPUBLICAN,MITT ROMNEY,8121,OTHER,OTHER,193,
DOOR,2016,DEMOCRAT,HILLARY CLINTON,8026,REPUBLICAN,DONALD TRUMP,8584,OTHER,OTHER,998,
DOOR,2020,DEMOCRAT,JOSEPH R BIDEN JR,10044,GREEN,OTHER,10,LIBERTARIAN,JO JORGENSEN,231,OTHER,OTHER,80,REPUBLICAN,DONALD J TRUMP,9752,
DOUGLAS,2000,DEMOCRAT,AL GORE,13593,REPUBLICAN,GEORGE W. BUSH,6930,GREEN,RALPH NADER,975,OTHER,OTHER,208,
DOUGLAS,2004,DEMOCRAT,JOHN KERRY,16537,REPUBLICAN,GEORGE W. BUSH,8448,OTHER,OTHER,202,
DOUGLAS,2008,DEMOCRAT,BARACK OBAMA,15830,REPUBLICAN,JOHN MCCAIN,7835,OTHER,OTHER,401,
DOUGLAS,2012,DEMOCRAT,BARACK OBAMA,14863,REPUBLICAN,MITT ROMNEY,7705,OTHER,OTHER,326,
DOUGLAS,2016,DEMOCRAT,HILLARY CLINTON,11345,REPUBLICAN,DONALD TRUMP,9659,OTHER,OTHER,1507,
DOUGLAS,2020,DEMOCRAT,JOSEPH R BIDEN JR,13218,GREEN,OTHER,1,LIBERTARIAN,JO JORGENSEN,379,OTHER,OTHER,156,REPUBLICAN,DONALD J TRUMP,10923,
DUNN,2000,DEMOCRAT,AL GORE,9172,REPUBLICAN,GEORGE W. BUSH,8911,GREEN,RALPH NADER,1109,OTHER,OTHER,138,
DUNN,2004,DEMOCRAT,JOHN KERRY,12039,REPUBLICAN,GEORGE W. BUSH,10879,OTHER,OTHER,254,
DUNN,2008,DEMOCRAT,BARACK OBAMA,13002,REPUBLICAN,JOHN MCCAIN,9566,OTHER,OTHER,421,
DUNN,2012,DEMOCRAT,BARACK OBAMA,11316,REPUBLICAN,MITT ROMNEY,10224,OTHER,OTHER,452,
DUNN,2016,DEMOCRAT,HILLARY CLINTON,9026,REPUBLICAN,DONALD TRUMP,11488,OTHER,OTHER,1577,
DUNN,2020,DEMOCRAT,JOSEPH R BIDEN JR,9897,GREEN,OTHER,11,LIBERTARIAN,JO JORGENSEN,368,OTHER,OTHER,75,REPUBLICAN,DONALD J TRUMP,13173,
EAU CLAIRE,2000,DEMOCRAT,AL GORE,24078,REPUBLICAN,GEORGE W. BUSH,20921,GREEN,RALPH NADER,2461,OTHER,OTHER,415,
EAU CLAIRE,2004,DEMOCRAT,JOHN KERRY,30068,REPUBLICAN,GEORGE W. BUSH,24653,OTHER,OTHER,716,
EAU CLAIRE,2008,DEMOCRAT,BARACK OBAMA,33146,REPUBLICAN,JOHN MCCAIN,20959,OTHER,OTHER,905,
EAU CLAIRE,2012,DEMOCRAT,BARACK OBAMA,30666,REPUBLICAN,MITT ROMNEY,23256,OTHER,OTHER,884,
EAU CLAIRE,2016,DEMOCRAT,HILLARY CLINTON,27294,REPUBLICAN,DONALD TRUMP,23311,OTHER,OTHER,4280,
EAU CLAIRE,2020,DEMOCRAT,JOSEPH R BIDEN JR,31620,GREEN,OTHER,21,LIBERTARIAN,JO JORGENSEN,925,OTHER,OTHER,368,REPUBLICAN,DONALD J TRUMP,25341,
FLORENCE,2000,DEMOCRAT,AL GORE,816,REPUBLICAN,GEORGE W. BUSH,1528,GREEN,RALPH NADER,48,OTHER,OTHER,13,
FLORENCE,2004,DEMOCRAT,JOHN KERRY,993,REPUBLICAN,GEORGE W. BUSH,1703,OTHER,OTHER,28,
FLORENCE,2008,DEMOCRAT,BARACK OBAMA,1134,REPUBLICAN,JOHN MCCAIN,1512,OTHER,OTHER,39,
FLORENCE,2012,DEMOCRAT,BARACK OBAMA,953,REPUBLICAN,MITT ROMNEY,1645,OTHER,OTHER,27,
FLORENCE,2016,DEMOCRAT,HILLARY CLINTON,666,REPUBLICAN,DONALD TRUMP,1897,OTHER,OTHER,94,
FLORENCE,2020,DEMOCRAT,JOSEPH R BIDEN JR,781,GREEN,OTHER,0,LIBERTARIAN,JO JORGENSEN,22,OTHER,OTHER,4,REPUBLICAN,DONALD J TRUMP,2133,
FOND DU LAC,2000,DEMOCRAT,AL GORE,18181,REPUBLICAN,GEORGE W. BUSH,26548,GREEN,RALPH NADER,1389,OTHER,OTHER,471,
FOND DU LAC,2004,DEMOCRAT,JOHN KERRY,19216,REPUBLICAN,GEORGE W. BUSH,33291,OTHER,OTHER,529,
FOND DU LAC,2008,DEMOCRAT,BARACK OBAMA,23463,REPUBLICAN,JOHN MCCAIN,28164,OTHER,OTHER,696,
FOND DU LAC,2012,DEMOCRAT,BARACK OBAMA,22379,REPUBLICAN,MITT ROMNEY,30355,OTHER,OTHER,668,
FOND DU LAC,2016,DEMOCRAT,HILLARY CLINTON,17391,REPUBLICAN,DONALD TRUMP,31044,OTHER,OTHER,2892,
FOND DU LAC,2020,DEMOCRAT,JOSEPH R BIDEN JR,20588,GREEN,OTHER,17,LIBERTARIAN,JO JORGENSEN,686,OTHER,OTHER,206,REPUBLICAN,DONALD J TRUMP,35754,
FOREST,2000,DEMOCRAT,AL GORE,2158,REPUBLICAN,GEORGE W. BUSH,2404,GREEN,RALPH NADER,126,OTHER,OTHER,28,
FOREST,2004,DEMOCRAT,JOHN KERRY,2509,REPUBLICAN,GEORGE W. BUSH,2608,OTHER,OTHER,36,
FOREST,2008,DEMOCRAT,BARACK OBAMA,2673,REPUBLICAN,JOHN MCCAIN,1963,OTHER,OTHER,47,
FOREST,2012,DEMOCRAT,BARACK OBAMA,2425,REPUBLICAN,MITT ROMNEY,2172,OTHER,OTHER,51,
FOREST,2016,DEMOCRAT,HILLARY CLINTON,1584,REPUBLICAN,DONALD TRUMP,2788,OTHER,OTHER,168,
FOREST,2020,DEMOCRAT,JOSEPH R BIDEN JR,1721,GREEN,OTHER,0,LIBERTARIAN,JO JORGENSEN,35,OTHER,OTHER,12,REPUBLICAN,DONALD J TRUMP,3285,
GRANT,2000,DEMOCRAT,AL GORE,10691,REPUBLICAN,GEORGE W. BUSH,10240,GREEN,RALPH NADER,858,OTHER,OTHER,167,
GRANT,2004,DEMOCRAT,JOHN KERRY,12864,REPUBLICAN,GEORGE W. BUSH,12208,OTHER,OTHER,192,
GRANT,2008,DEMOCRAT,BARACK OBAMA,14875,REPUBLICAN,JOHN MCCAIN,9068,OTHER,OTHER,377,
GRANT,2012,DEMOCRAT,BARACK OBAMA,13594,REPUBLICAN,MITT ROMNEY,10255,OTHER,OTHER,399,
GRANT,2016,DEMOCRAT,HILLARY CLINTON,10046,REPUBLICAN,DONALD TRUMP,12349,OTHER,OTHER,1926,
GRANT,2020,DEMOCRAT,JOSEPH R BIDEN JR,10998,GREEN,OTHER,10,LIBERTARIAN,JO JORGENSEN,350,OTHER,OTHER,108,REPUBLICAN,DONALD J TRUMP,14142,
GREEN,2000,DEMOCRAT,AL GORE,7863,REPUBLICAN,GEORGE W. BUSH,6790,GREEN,RALPH NADER,493,OTHER,OTHER,130,
GREEN,2004,DEMOCRAT,JOHN KERRY,9575,REPUBLICAN,GEORGE W. BUSH,8497,OTHER,OTHER,176,
GREEN,2008,DEMOCRAT,BARACK OBAMA,11502,REPUBLICAN,JOHN MCCAIN,6730,OTHER,OTHER,302,
GREEN,2012,DEMOCRAT,BARACK OBAMA,11206,REPUBLICAN,MITT ROMNEY,7857,OTHER,OTHER,259,
GREEN,2016,DEMOCRAT,HILLARY CLINTON,9122,REPUBLICAN,DONALD TRUMP,8693,OTHER,OTHER,1170,
GREEN,2020,DEMOCRAT,JOSEPH R BIDEN JR,10851,GREEN,OTHER,10,LIBERTARIAN,JO JORGENSEN,271,OTHER,OTHER,105,REPUBLICAN,DONALD J TRUMP,10169,
GREEN LAKE,2000,DEMOCRAT,AL GORE,3301,REPUBLICAN,GEORGE W. BUSH,5451,GREEN,RALPH NADER,282,OTHER,OTHER,73,
GREEN LAKE,2004,DEMOCRAT,JOHN KERRY,3605,REPUBLICAN,GEORGE W. BUSH,6472,OTHER,OTHER,101,
GREEN LAKE,2008,DEMOCRAT,BARACK OBAMA,4000,REPUBLICAN,JOHN MCCAIN,5393,OTHER,OTHER,143,
GREEN LAKE,2012,DEMOCRAT,BARACK OBAMA,3793,REPUBLICAN,MITT ROMNEY,5782,OTHER,OTHER,100,
GREEN LAKE,2016,DEMOCRAT,HILLARY CLINTON,2701,REPUBLICAN,DONALD TRUMP,6213,OTHER,OTHER,474,
GREEN LAKE,2020,DEMOCRAT,JOSEPH R BIDEN JR,3344,GREEN,OTHER,1,LIBERTARIAN,JO JORGENSEN,110,OTHER,OTHER,48,REPUBLICAN,DONALD J TRUMP,7168,
IOWA,2000,DEMOCRAT,AL GORE,5842,REPUBLICAN,GEORGE W. BUSH,4221,GREEN,RALPH NADER,429,OTHER,OTHER,49,
IOWA,2004,DEMOCRAT,JOHN KERRY,7122,REPUBLICAN,GEORGE W. BUSH,5348,OTHER,OTHER,72,
IOWA,2008,DEMOCRAT,BARACK OBAMA,7987,REPUBLICAN,JOHN MCCAIN,3829,OTHER,OTHER,153,
IOWA,2012,DEMOCRAT,BARACK OBAMA,8105,REPUBLICAN,MITT ROMNEY,4287,OTHER,OTHER,142,
IOWA,2016,DEMOCRAT,HILLARY CLINTON,6669,REPUBLICAN,DONALD TRUMP,4809,OTHER,OTHER,782,
IOWA,2020,DEMOCRAT,JOSEPH R BIDEN JR,7828,GREEN,OTHER,4,LIBERTARIAN,JO JORGENSEN,161,OTHER,OTHER,90,REPUBLICAN,DONALD J TRUMP,5909,
IRON,2000,DEMOCRAT,AL GORE,1620,REPUBLICAN,GEORGE W. BUSH,1734,GREEN,RALPH NADER,134,OTHER,OTHER,19,
IRON,2004,DEMOCRAT,JOHN KERRY,1956,REPUBLICAN,GEORGE W. BUSH,1884,OTHER,OTHER,39,
IRON,2008,DEMOCRAT,BARACK OBAMA,1914,REPUBLICAN,JOHN MCCAIN,1464,OTHER,OTHER,54,
IRON,2012,DEMOCRAT,BARACK OBAMA,1784,REPUBLICAN,MITT ROMNEY,1790,OTHER,OTHER,58,
IRON,2016,DEMOCRAT,HILLARY CLINTON,1273,REPUBLICAN,DONALD TRUMP,2090,OTHER,OTHER,134,
IRON,2020,DEMOCRAT,JOSEPH R BIDEN JR,1533,GREEN,OTHER,1,LIBERTARIAN,JO JORGENSEN,26,OTHER,OTHER,12,REPUBLICAN,DONALD J TRUMP,2438,
JACKSON,2000,DEMOCRAT,AL GORE,4380,REPUBLICAN,GEORGE W. BUSH,3670,GREEN,RALPH NADER,290,OTHER,OTHER,77,
JACKSON,2004,DEMOCRAT,JOHN KERRY,5249,REPUBLICAN,GEORGE W. BUSH,4387,OTHER,OTHER,90,
JACKSON,2008,DEMOCRAT,BARACK OBAMA,5572,REPUBLICAN,JOHN MCCAIN,3552,OTHER,OTHER,127,
JACKSON,2012,DEMOCRAT,BARACK OBAMA,5298,REPUBLICAN,MITT ROMNEY,3900,OTHER,OTHER,115,
JACKSON,2016,DEMOCRAT,HILLARY CLINTON,3821,REPUBLICAN,DONALD TRUMP,4907,OTHER,OTHER,544,
JACKSON,2020,DEMOCRAT,JOSEPH R BIDEN JR,4256,GREEN,OTHER,1,LIBERTARIAN,JO JORGENSEN,111,OTHER,OTHER,25,REPUBLICAN,DONALD J TRUMP,5791,
JEFFERSON,2000,DEMOCRAT,AL GORE,15203,REPUBLICAN,GEORGE W. BUSH,19204,GREEN,RALPH NADER,1361,OTHER,OTHER,331,
JEFFERSON,2004,DEMOCRAT,JOHN KERRY,17925,REPUBLICAN,GEORGE W. BUSH,23776,OTHER,OTHER,414,
JEFFERSON,2008,DEMOCRAT,BARACK OBAMA,21448,REPUBLICAN,JOHN MCCAIN,21096,OTHER,OTHER,622,
JEFFERSON,2012,DEMOCRAT,BARACK OBAMA,20158,REPUBLICAN,MITT ROMNEY,23517,OTHER,OTHER,606,
JEFFERSON,2016,DEMOCRAT,HILLARY CLINTON,16561,REPUBLICAN,DONALD TRUMP,23410,OTHER,OTHER,3175,
JEFFERSON,2020,DEMOCRAT,JOSEPH R BIDEN JR,19904,GREEN,OTHER,9,LIBERTARIAN,JO JORGENSEN,634,OTHER,OTHER,224,REPUBLICAN,DONALD J TRUMP,27208,
JUNEAU,2000,DEMOCRAT,AL GORE,4813,REPUBLICAN,GEORGE W. BUSH,4910,GREEN,RALPH NADER,297,OTHER,OTHER,198,
JUNEAU,2004,DEMOCRAT,JOHN KERRY,5734,REPUBLICAN,GEORGE W. BUSH,6473,OTHER,OTHER,172,
JUNEAU,2008,DEMOCRAT,BARACK OBAMA,6186,REPUBLICAN,JOHN MCCAIN,5148,OTHER,OTHER,196,
JUNEAU,2012,DEMOCRAT,BARACK OBAMA,6242,REPUBLICAN,MITT ROMNEY,5411,OTHER,OTHER,174,
JUNEAU,2016,DEMOCRAT,HILLARY CLINTON,4073,REPUBLICAN,DONALD TRUMP,7123,OTHER,OTHER,536,
JUNEAU,2020,DEMOCRAT,JOSEPH R BIDEN JR,4746,GREEN,OTHER,2,LIBERTARIAN,JO JORGENSEN,146,OTHER,OTHER,66,REPUBLICAN,DONALD J TRUMP,8749,
KENOSHA,2000,DEMOCRAT,AL GORE,32429,REPUBLICAN,GEORGE W. BUSH,28891,GREEN,RALPH NADER,1852,OTHER,OTHER,537,
KENOSHA,2004,DEMOCRAT,JOHN KERRY,40107,REPUBLICAN,GEORGE W. BUSH,35587,OTHER,OTHER,734,
KENOSHA,2008,DEMOCRAT,BARACK OBAMA,45836,REPUBLICAN,JOHN MCCAIN,31609,OTHER,OTHER,1344,
KENOSHA,2012,DEMOCRAT,BARACK OBAMA,44867,REPUBLICAN,MITT ROMNEY,34977,OTHER,OTHER,1053,
KENOSHA,2016,DEMOCRAT,HILLARY CLINTON,35771,REPUBLICAN,DONALD TRUMP,36025,OTHER,OTHER,5280,
KENOSHA,2020,DEMOCRAT,JOSEPH R BIDEN JR,42193,GREEN,OTHER,35,LIBERTARIAN,JO JORGENSEN,1037,OTHER,OTHER,501,REPUBLICAN,DONALD J TRUMP,44972,
KEWAUNEE,2000,DEMOCRAT,AL GORE,4670,REPUBLICAN,GEORGE W. BUSH,4883,GREEN,RALPH NADER,388,OTHER,OTHER,143,
KEWAUNEE,2004,DEMOCRAT,JOHN KERRY,5175,REPUBLICAN,GEORGE W. BUSH,5970,OTHER,OTHER,128,
KEWAUNEE,2008,DEMOCRAT,BARACK OBAMA,5902,REPUBLICAN,JOHN MCCAIN,4711,OTHER,OTHER,174,
KEWAUNEE,2012,DEMOCRAT,BARACK OBAMA,5153,REPUBLICAN,MITT ROMNEY,5747,OTHER,OTHER,137,
KEWAUNEE,2016,DEMOCRAT,HILLARY CLINTON,3623,REPUBLICAN,DONALD TRUMP,6616,OTHER,OTHER,519,
KEWAUNEE,2020,DEMOCRAT,JOSEPH R BIDEN JR,3976,GREEN,OTHER,5,LIBERTARIAN,JO JORGENSEN,127,OTHER,OTHER,60,REPUBLICAN,DONALD J TRUMP,7927,
LA CROSSE,2000,DEMOCRAT,AL GORE,28455,REPUBLICAN,GEORGE W. BUSH,24327,GREEN,RALPH NADER,2272,OTHER,OTHER,505,
LA CROSSE,2004,DEMOCRAT,JOHN KERRY,33170,REPUBLICAN,GEORGE W. BUSH,28289,OTHER,OTHER,677,
LA CROSSE,2008,DEMOCRAT,BARACK OBAMA,38524,REPUBLICAN,JOHN MCCAIN,23701,OTHER,OTHER,993,
LA CROSSE,2012,DEMOCRAT,BARACK OBAMA,36693,REPUBLICAN,MITT ROMNEY,25751,OTHER,OTHER,1018,
LA CROSSE,2016,DEMOCRAT,HILLARY CLINTON,32406,REPUBLICAN,DONALD TRUMP,26389,OTHER,OTHER,4173,
LA CROSSE,2020,DEMOCRAT,JOSEPH R BIDEN JR,37846,GREEN,OTHER,20,LIBERTARIAN,JO JORGENSEN,877,OTHER,OTHER,457,REPUBLICAN,DONALD J TRUMP,28684,
LAFAYETTE,2000,DEMOCRAT,AL GORE,3710,REPUBLICAN,GEORGE W. BUSH,3336,GREEN,RALPH NADER,185,OTHER,OTHER,32,
LAFAYETTE,2004,DEMOCRAT,JOHN KERRY,4402,REPUBLICAN,GEORGE W. BUSH,3929,OTHER,OTHER,57,
LAFAYETTE,2008,DEMOCRAT,BARACK OBAMA,4732,REPUBLICAN,JOHN MCCAIN,2984,OTHER,OTHER,115,
LAFAYETTE,2012,DEMOCRAT,BARACK OBAMA,4536,REPUBLICAN,MITT ROMNEY,3314,OTHER,OTHER,102,
LAFAYETTE,2016,DEMOCRAT,HILLARY CLINTON,3288,REPUBLICAN,DONALD TRUMP,3977,OTHER,OTHER,397,
LAFAYETTE,2020,DEMOCRAT,JOSEPH R BIDEN JR,3647,GREEN,OTHER,4,LIBERTARIAN,JO JORGENSEN,57,OTHER,OTHER,26,REPUBLICAN,DONALD J TRUMP,4821,
LANGLADE,2000,DEMOCRAT,AL GORE,4199,REPUBLICAN,GEORGE W. BUSH,5125,GREEN,RALPH NADER,261,OTHER,OTHER,136,
LANGLADE,2004,DEMOCRAT,JOHN KERRY,4751,REPUBLICAN,GEORGE W. BUSH,6235,OTHER,OTHER,88,
LANGLADE,2008,DEMOCRAT,BARACK OBAMA,5182,REPUBLICAN,JOHN MCCAIN,5081,OTHER,OTHER,139,
LANGLADE,2012,DEMOCRAT,BARACK OBAMA,4573,REPUBLICAN,MITT ROMNEY,5816,OTHER,OTHER,130,
LANGLADE,2016,DEMOCRAT,HILLARY CLINTON,3260,REPUBLICAN,DONALD TRUMP,6436,OTHER,OTHER,436,
LANGLADE,2020,DEMOCRAT,JOSEPH R BIDEN JR,3704,GREEN,OTHER,3,LIBERTARIAN,JO JORGENSEN,94,OTHER,OTHER,34,REPUBLICAN,DONALD J TRUMP,7330,
LINCOLN,2000,DEMOCRAT,AL GORE,6664,REPUBLICAN,GEORGE W. BUSH,6727,GREEN,RALPH NADER,509,OTHER,OTHER,339,
LINCOLN,2004,DEMOCRAT,JOHN KERRY,7484,REPUBLICAN,GEORGE W. BUSH,8024,OTHER,OTHER,192,
LINCOLN,2008,DEMOCRAT,BARACK OBAMA,8424,REPUBLICAN,JOHN MCCAIN,6519,OTHER,OTHER,325,
LINCOLN,2012,DEMOCRAT,BARACK OBAMA,7563,REPUBLICAN,MITT ROMNEY,7455,OTHER,OTHER,198,
LINCOLN,2016,DEMOCRAT,HILLARY CLINTON,5370,REPUBLICAN,DONALD TRUMP,8400,OTHER,OTHER,936,
LINCOLN,2020,DEMOCRAT,JOSEPH R BIDEN JR,6261,GREEN,OTHER,0,LIBERTARIAN,JO JORGENSEN,175,OTHER,OTHER,44,REPUBLICAN,DONALD J TRUMP,10017,
MANITOWOC,2000,DEMOCRAT,AL GORE,17667,REPUBLICAN,GEORGE W. BUSH,19358,GREEN,RALPH NADER,1301,OTHER,OTHER,498,
MANITOWOC,2004,DEMOCRAT,JOHN KERRY,20652,REPUBLICAN,GEORGE W. BUSH,23027,OTHER,OTHER,481,
MANITOWOC,2008,DEMOCRAT,BARACK OBAMA,22428,REPUBLICAN,JOHN MCCAIN,19234,OTHER,OTHER,752,
MANITOWOC,2012,DEMOCRAT,BARACK OBAMA,20403,REPUBLICAN,MITT ROMNEY,21604,OTHER,OTHER,610,
MANITOWOC,2016,DEMOCRAT,HILLARY CLINTON,14506,REPUBLICAN,DONALD TRUMP,23193,OTHER,OTHER,2647,
MANITOWOC,2020,DEMOCRAT,JOSEPH R BIDEN JR,16818,GREEN,OTHER,10,LIBERTARIAN,JO JORGENSEN,553,OTHER,OTHER,230,REPUBLICAN,DONALD J TRUMP,27218,
MARATHON,2000,DEMOCRAT,AL GORE,26546,REPUBLICAN,GEORGE W. BUSH,28883,GREEN,RALPH NADER,2021,OTHER,OTHER,924,
MARATHON,2004,DEMOCRAT,JOHN KERRY,30899,REPUBLICAN,GEORGE W. BUSH,36394,OTHER,OTHER,766,
MARATHON,2008,DEMOCRAT,BARACK OBAMA,36367,REPUBLICAN,JOHN MCCAIN,30345,OTHER,OTHER,1228,
MARATHON,2012,DEMOCRAT,BARACK OBAMA,32363,REPUBLICAN,MITT ROMNEY,36617,OTHER,OTHER,882,
MARATHON,2016,DEMOCRAT,HILLARY CLINTON,26477,REPUBLICAN,DONALD TRUMP,39013,OTHER,OTHER,4025,
MARATHON,2020,DEMOCRAT,JOSEPH R BIDEN JR,30808,GREEN,OTHER,13,LIBERTARIAN,JO JORGENSEN,929,OTHER,OTHER,377,REPUBLICAN,DONALD J TRUMP,44624,
MARINETTE,2000,DEMOCRAT,AL GORE,8676,REPUBLICAN,GEORGE W. BUSH,10535,GREEN,RALPH NADER,504,OTHER,OTHER,206,
MARINETTE,2004,DEMOCRAT,JOHN KERRY,10190,REPUBLICAN,GEORGE W. BUSH,11866,OTHER,OTHER,214,
MARINETTE,2008,DEMOCRAT,BARACK OBAMA,11195,REPUBLICAN,JOHN MCCAIN,9726,OTHER,OTHER,334,
MARINETTE,2012,DEMOCRAT,BARACK OBAMA,9882,REPUBLICAN,MITT ROMNEY,10619,OTHER,OTHER,276,
MARINETTE,2016,DEMOCRAT,HILLARY CLINTON,6243,REPUBLICAN,DONALD TRUMP,12995,OTHER,OTHER,808,
MARINETTE,2020,DEMOCRAT,JOSEPH R BIDEN JR,7366,GREEN,OTHER,5,LIBERTARIAN,JO JORGENSEN,237,OTHER,OTHER,67,REPUBLICAN,DONALD J TRUMP,15304,
MARQUETTE,2000,DEMOCRAT,AL GORE,3437,REPUBLICAN,GEORGE W. BUSH,3522,GREEN,RALPH NADER,195,OTHER,OTHER,40,
MARQUETTE,2004,DEMOCRAT,JOHN KERRY,3785,REPUBLICAN,GEORGE W. BUSH,4604,OTHER,OTHER,88,
MARQUETTE,2008,DEMOCRAT,BARACK OBAMA,4068,REPUBLICAN,JOHN MCCAIN,3654,OTHER,OTHER,124,
MARQUETTE,2012,DEMOCRAT,BARACK OBAMA,4014,REPUBLICAN,MITT ROMNEY,3992,OTHER,OTHER,99,
MARQUETTE,2016,DEMOCRAT,HILLARY CLINTON,2809,REPUBLICAN,DONALD TRUMP,4714,OTHER,OTHER,370,
MARQUETTE,2020,DEMOCRAT,JOSEPH R BIDEN JR,3239,GREEN,OTHER,2,LIBERTARIAN,JO JORGENSEN,78,OTHER,OTHER,27,REPUBLICAN,DONALD J TRUMP,5719,
MENOMINEE,2000,DEMOCRAT,AL GORE,949,REPUBLICAN,GEORGE W. BUSH,225,GREEN,RALPH NADER,47,OTHER,OTHER,12,
MENOMINEE,2004,DEMOCRAT,JOHN KERRY,1412,REPUBLICAN,GEORGE W. BUSH,288,OTHER,OTHER,10,
MENOMINEE,2008,DEMOCRAT,BARACK OBAMA,1257,REPUBLICAN,JOHN MCCAIN,185,OTHER,OTHER,6,
MENOMINEE,2012,DEMOCRAT,BARACK OBAMA,1191,REPUBLICAN,MITT ROMNEY,179,OTHER,OTHER,7,
MENOMINEE,2016,DEMOCRAT,HILLARY CLINTON,1003,REPUBLICAN,DONALD TRUMP,269,OTHER,OTHER,7,
MENOMINEE,2020,DEMOCRAT,JOSEPH R BIDEN JR,1303,GREEN,OTHER,0,LIBERTARIAN,JO JORGENSEN,6,OTHER,OTHER,3,REPUBLICAN,DONALD J TRUMP,278,
MILWAUKEE,2000,DEMOCRAT,AL GORE,252329,REPUBLICAN,GEORGE W. BUSH,163491,GREEN,RALPH NADER,13953,OTHER,OTHER,3764,
MILWAUKEE,2004,DEMOCRAT,JOHN KERRY,297653,REPUBLICAN,GEORGE W. BUSH,180287,OTHER,OTHER,4296,
MILWAUKEE,2008,DEMOCRAT,BARACK OBAMA,319819,REPUBLICAN,JOHN MCCAIN,149445,OTHER,OTHER,5928,
MILWAUKEE,2012,DEMOCRAT,BARACK OBAMA,332438,REPUBLICAN,MITT ROMNEY,154924,OTHER,OTHER,5214,
MILWAUKEE,2016,DEMOCRAT,HILLARY CLINTON,288797,REPUBLICAN,DONALD TRUMP,125846,OTHER,OTHER,25604,
MILWAUKEE,2020,DEMOCRAT,JOSEPH R BIDEN JR,317270,GREEN,OTHER,214,LIBERTARIAN,JO JORGENSEN,4340,OTHER,OTHER,2790,REPUBLICAN,DONALD J TRUMP,134357,
MONROE,2000,DEMOCRAT,AL GORE,7460,REPUBLICAN,GEORGE W. BUSH,8217,GREEN,RALPH NADER,489,OTHER,OTHER,169,
MONROE,2004,DEMOCRAT,JOHN KERRY,8973,REPUBLICAN,GEORGE W. BUSH,10375,OTHER,OTHER,206,
MONROE,2008,DEMOCRAT,BARACK OBAMA,10198,REPUBLICAN,JOHN MCCAIN,8666,OTHER,OTHER,288,
MONROE,2012,DEMOCRAT,BARACK OBAMA,9515,REPUBLICAN,MITT ROMNEY,9675,OTHER,OTHER,295,
MONROE,2016,DEMOCRAT,HILLARY CLINTON,7048,REPUBLICAN,DONALD TRUMP,11352,OTHER,OTHER,1270,
MONROE,2020,DEMOCRAT,JOSEPH R BIDEN JR,8433,GREEN,OTHER,3,LIBERTARIAN,JO JORGENSEN,263,OTHER,OTHER,137,REPUBLICAN,DONALD J TRUMP,13775,
OCONTO,2000,DEMOCRAT,AL GORE,7260,REPUBLICAN,GEORGE W. BUSH,8706,GREEN,RALPH NADER,437,OTHER,OTHER,193,
OCONTO,2004,DEMOCRAT,JOHN KERRY,8534,REPUBLICAN,GEORGE W. BUSH,11043,OTHER,OTHER,217,
OCONTO,2008,DEMOCRAT,BARACK OBAMA,9927,REPUBLICAN,JOHN MCCAIN,8755,OTHER,OTHER,286,
OCONTO,2012,DEMOCRAT,BARACK OBAMA,8865,REPUBLICAN,MITT ROMNEY,10741,OTHER,OTHER,253,
OCONTO,2016,DEMOCRAT,HILLARY CLINTON,5884,REPUBLICAN,DONALD TRUMP,13253,OTHER,OTHER,841,
OCONTO,2020,DEMOCRAT,JOSEPH R BIDEN JR,6715,GREEN,OTHER,2,LIBERTARIAN,JO JORGENSEN,210,OTHER,OTHER,62,REPUBLICAN,DONALD J TRUMP,16226,
ONEIDA,2000,DEMOCRAT,AL GORE,8339,REPUBLICAN,GEORGE W. BUSH,9512,GREEN,RALPH NADER,805,OTHER,OTHER,235,
ONEIDA,2004,DEMOCRAT,JOHN KERRY,10464,REPUBLICAN,GEORGE W. BUSH,11351,OTHER,OTHER,224,
ONEIDA,2008,DEMOCRAT,BARACK OBAMA,11907,REPUBLICAN,JOHN MCCAIN,9630,OTHER,OTHER,390,
ONEIDA,2012,DEMOCRAT,BARACK OBAMA,10452,REPUBLICAN,MITT ROMNEY,10917,OTHER,OTHER,283,
ONEIDA,2016,DEMOCRAT,HILLARY CLINTON,8104,REPUBLICAN,DONALD TRUMP,12117,OTHER,OTHER,1252,
ONEIDA,2020,DEMOCRAT,JOSEPH R BIDEN JR,10105,GREEN,OTHER,3,LIBERTARIAN,JO JORGENSEN,283,OTHER,OTHER,97,REPUBLICAN,DONALD J TRUMP,13671,
OUTAGAMIE,2000,DEMOCRAT,AL GORE,32735,REPUBLICAN,GEORGE W. BUSH,39460,GREEN,RALPH NADER,2583,OTHER,OTHER,964,
OUTAGAMIE,2004,DEMOCRAT,JOHN KERRY,40169,REPUBLICAN,GEORGE W. BUSH,48903,OTHER,OTHER,978,
OUTAGAMIE,2008,DEMOCRAT,BARACK OBAMA,50294,REPUBLICAN,JOHN MCCAIN,39677,OTHER,OTHER,1592,
OUTAGAMIE,2012,DEMOCRAT,BARACK OBAMA,45659,REPUBLICAN,MITT ROMNEY,47372,OTHER,OTHER,1565,
OUTAGAMIE,2016,DEMOCRAT,HILLARY CLINTON,38087,REPUBLICAN,DONALD TRUMP,49884,OTHER,OTHER,5897,
OUTAGAMIE,2020,DEMOCRAT,JOSEPH R BIDEN JR,47667,GREEN,OTHER,34,LIBERTARIAN,JO JORGENSEN,1569,OTHER,OTHER,367,REPUBLICAN,DONALD J TRUMP,58385,
OZAUKEE,2000,DEMOCRAT,AL GORE,15030,REPUBLICAN,GEORGE W. BUSH,31155,GREEN,RALPH NADER,1235,OTHER,OTHER,331,
OZAUKEE,2004,DEMOCRAT,JOHN KERRY,17714,REPUBLICAN,GEORGE W. BUSH,34904,OTHER,OTHER,414,
OZAUKEE,2008,DEMOCRAT,BARACK OBAMA,20579,REPUBLICAN,JOHN MCCAIN,32172,OTHER,OTHER,614,
OZAUKEE,2012,DEMOCRAT,BARACK OBAMA,19159,REPUBLICAN,MITT ROMNEY,36077,OTHER,OTHER,581,
OZAUKEE,2016,DEMOCRAT,HILLARY CLINTON,20168,REPUBLICAN,DONALD TRUMP,30430,OTHER,OTHER,3925,
OZAUKEE,2020,DEMOCRAT,JOSEPH R BIDEN JR,26517,GREEN,OTHER,19,LIBERTARIAN,JO JORGENSEN,647,OTHER,OTHER,391,REPUBLICAN,DONALD J TRUMP,33912,
PEPIN,2000,DEMOCRAT,AL GORE,1854,REPUBLICAN,GEORGE W. BUSH,1631,GREEN,RALPH NADER,152,OTHER,OTHER,27,
PEPIN,2004,DEMOCRAT,JOHN KERRY,2181,REPUBLICAN,GEORGE W. BUSH,1853,OTHER,OTHER,32,
PEPIN,2008,DEMOCRAT,BARACK OBAMA,2102,REPUBLICAN,JOHN MCCAIN,1616,OTHER,OTHER,53,
PEPIN,2012,DEMOCRAT,BARACK OBAMA,1876,REPUBLICAN,MITT ROMNEY,1794,OTHER,OTHER,29,
PEPIN,2016,DEMOCRAT,HILLARY CLINTON,1345,REPUBLICAN,DONALD TRUMP,2206,OTHER,OTHER,188,
PEPIN,2020,DEMOCRAT,JOSEPH R BIDEN JR,1489,GREEN,OTHER,2,LIBERTARIAN,JO JORGENSEN,51,OTHER,OTHER,18,REPUBLICAN,DONALD J TRUMP,2584,
PIERCE,2000,DEMOCRAT,AL GORE,8559,REPUBLICAN,GEORGE W. BUSH,8169,GREEN,RALPH NADER,1076,OTHER,OTHER,158,
PIERCE,2004,DEMOCRAT,JOHN KERRY,11176,REPUBLICAN,GEORGE W. BUSH,10437,OTHER,OTHER,263,
PIERCE,2008,DEMOCRAT,BARACK OBAMA,11803,REPUBLICAN,JOHN MCCAIN,9812,OTHER,OTHER,492,
PIERCE,2012,DEMOCRAT,BARACK OBAMA,10235,REPUBLICAN,MITT ROMNEY,10397,OTHER,OTHER,388,
PIERCE,2016,DEMOCRAT,HILLARY CLINTON,8382,REPUBLICAN,DONALD TRUMP,11258,OTHER,OTHER,1549,
PIERCE,2020,DEMOCRAT,JOSEPH R BIDEN JR,9796,GREEN,OTHER,5,LIBERTARIAN,JO JORGENSEN,383,OTHER,OTHER,318,REPUBLICAN,DONALD J TRUMP,12815,
POLK,2000,DEMOCRAT,AL GORE,8961,REPUBLICAN,GEORGE W. BUSH,9557,GREEN,RALPH NADER,1084,OTHER,OTHER,160,
POLK,2004,DEMOCRAT,JOHN KERRY,11173,REPUBLICAN,GEORGE W. BUSH,12095,OTHER,OTHER,235,
POLK,2008,DEMOCRAT,BARACK OBAMA,10876,REPUBLICAN,JOHN MCCAIN,11282,OTHER,OTHER,485,
POLK,2012,DEMOCRAT,BARACK OBAMA,10073,REPUBLICAN,MITT ROMNEY,12094,OTHER,OTHER,406,
POLK,2016,DEMOCRAT,HILLARY CLINTON,7570,REPUBLICAN,DONALD TRUMP,13815,OTHER,OTHER,1364,
POLK,2020,DEMOCRAT,JOSEPH R BIDEN JR,9370,GREEN,OTHER,11,LIBERTARIAN,JO JORGENSEN,289,OTHER,OTHER,90,REPUBLICAN,DONALD J TRUMP,16611,
PORTAGE,2000,DEMOCRAT,AL GORE,17942,REPUBLICAN,GEORGE W. BUSH,13214,GREEN,RALPH NADER,2143,OTHER,OTHER,461,
PORTAGE,2004,DEMOCRAT,JOHN KERRY,21861,REPUBLICAN,GEORGE W. BUSH,16546,OTHER,OTHER,554,
PORTAGE,2008,DEMOCRAT,BARACK OBAMA,24817,REPUBLICAN,JOHN MCCAIN,13810,OTHER,OTHER,795,
PORTAGE,2012,DEMOCRAT,BARACK OBAMA,22075,REPUBLICAN,MITT ROMNEY,16615,OTHER,OTHER,647,
PORTAGE,2016,DEMOCRAT,HILLARY CLINTON,18521,REPUBLICAN,DONALD TRUMP,17306,OTHER,OTHER,2669,
PORTAGE,2020,DEMOCRAT,JOSEPH R BIDEN JR,20428,GREEN,OTHER,31,LIBERTARIAN,JO JORGENSEN,640,OTHER,OTHER,205,REPUBLICAN,DONALD J TRUMP,19299,
PRICE,2000,DEMOCRAT,AL GORE,3413,REPUBLICAN,GEORGE W. BUSH,4136,GREEN,RALPH NADER,313,OTHER,OTHER,68,
PRICE,2004,DEMOCRAT,JOHN KERRY,4349,REPUBLICAN,GEORGE W. BUSH,4312,OTHER,OTHER,102,
PRICE,2008,DEMOCRAT,BARACK OBAMA,4559,REPUBLICAN,JOHN MCCAIN,3461,OTHER,OTHER,174,
PRICE,2012,DEMOCRAT,BARACK OBAMA,3887,REPUBLICAN,MITT ROMNEY,3884,OTHER,OTHER,130,
PRICE,2016,DEMOCRAT,HILLARY CLINTON,2669,REPUBLICAN,DONALD TRUMP,4562,OTHER,OTHER,346,
PRICE,2020,DEMOCRAT,JOSEPH R BIDEN JR,3032,GREEN,OTHER,1,LIBERTARIAN,JO JORGENSEN,98,OTHER,OTHER,21,REPUBLICAN,DONALD J TRUMP,5394,
RACINE,2000,DEMOCRAT,AL GORE,41563,REPUBLICAN,GEORGE W. BUSH,44014,GREEN,RALPH NADER,2436,OTHER,OTHER,852,
RACINE,2004,DEMOCRAT,JOHN KERRY,48229,REPUBLICAN,GEORGE W. BUSH,52456,OTHER,OTHER,884,
RACINE,2008,DEMOCRAT,BARACK OBAMA,53408,REPUBLICAN,JOHN MCCAIN,45954,OTHER,OTHER,1280,
RACINE,2012,DEMOCRAT,BARACK OBAMA,53008,REPUBLICAN,MITT ROMNEY,49347,OTHER,OTHER,1009,
RACINE,2016,DEMOCRAT,HILLARY CLINTON,42512,REPUBLICAN,DONALD TRUMP,46611,OTHER,OTHER,5010,
RACINE,2020,DEMOCRAT,JOSEPH R BIDEN JR,50159,GREEN,OTHER,43,LIBERTARIAN,JO JORGENSEN,1200,OTHER,OTHER,570,REPUBLICAN,DONALD J TRUMP,54479,
RICHLAND,2000,DEMOCRAT,AL GORE,3837,REPUBLICAN,GEORGE W. BUSH,3994,GREEN,RALPH NADER,388,OTHER,OTHER,74,
RICHLAND,2004,DEMOCRAT,JOHN KERRY,4501,REPUBLICAN,GEORGE W. BUSH,4836,OTHER,OTHER,83,
RICHLAND,2008,DEMOCRAT,BARACK OBAMA,5041,REPUBLICAN,JOHN MCCAIN,3298,OTHER,OTHER,111,
RICHLAND,2012,DEMOCRAT,BARACK OBAMA,4969,REPUBLICAN,MITT ROMNEY,3573,OTHER,OTHER,113,
RICHLAND,2016,DEMOCRAT,HILLARY CLINTON,3577,REPUBLICAN,DONALD TRUMP,4023,OTHER,OTHER,455,
RICHLAND,2020,DEMOCRAT,JOSEPH R BIDEN JR,3995,GREEN,OTHER,0,LIBERTARIAN,JO JORGENSEN,102,OTHER,OTHER,46,REPUBLICAN,DONALD J TRUMP,4871,
ROCK,2000,DEMOCRAT,AL GORE,40472,REPUBLICAN,GEORGE W. BUSH,27467,GREEN,RALPH NADER,1980,OTHER,OTHER,485,
ROCK,2004,DEMOCRAT,JOHN KERRY,46598,REPUBLICAN,GEORGE W. BUSH,33151,OTHER,OTHER,730,
ROCK,2008,DEMOCRAT,BARACK OBAMA,50529,REPUBLICAN,JOHN MCCAIN,27364,OTHER,OTHER,1276,
ROCK,2012,DEMOCRAT,BARACK OBAMA,49219,REPUBLICAN,MITT ROMNEY,30517,OTHER,OTHER,954,
ROCK,2016,DEMOCRAT,HILLARY CLINTON,39343,REPUBLICAN,DONALD TRUMP,31488,OTHER,OTHER,5237,
ROCK,2020,DEMOCRAT,JOSEPH R BIDEN JR,46658,GREEN,OTHER,14,LIBERTARIAN,JO JORGENSEN,1094,OTHER,OTHER,456,REPUBLICAN,DONALD J TRUMP,37138,
RUSK,2000,DEMOCRAT,AL GORE,3161,REPUBLICAN,GEORGE W. BUSH,3758,GREEN,RALPH NADER,346,OTHER,OTHER,101,
RUSK,2004,DEMOCRAT,JOHN KERRY,3820,REPUBLICAN,GEORGE W. BUSH,3985,OTHER,OTHER,122,
RUSK,2008,DEMOCRAT,BARACK OBAMA,3855,REPUBLICAN,JOHN MCCAIN,3253,OTHER,OTHER,164,
RUSK,2012,DEMOCRAT,BARACK OBAMA,3397,REPUBLICAN,MITT ROMNEY,3676,OTHER,OTHER,118,
RUSK,2016,DEMOCRAT,HILLARY CLINTON,2171,REPUBLICAN,DONALD TRUMP,4564,OTHER,OTHER,352,
RUSK,2020,DEMOCRAT,JOSEPH R BIDEN JR,2517,GREEN,OTHER,0,LIBERTARIAN,JO JORGENSEN,85,OTHER,OTHER,27,REPUBLICAN,DONALD J TRUMP,5257,
ST. CROIX,2000,DEMOCRAT,AL GORE,13077,REPUBLICAN,GEORGE W. BUSH,15240,GREEN,RALPH NADER,1369,OTHER,OTHER,268,
ST. CROIX,2004,DEMOCRAT,JOHN KERRY,18784,REPUBLICAN,GEORGE W. BUSH,22679,OTHER,OTHER,372,
ST. CROIX,2008,DEMOCRAT,BARACK OBAMA,21177,REPUBLICAN,JOHN MCCAIN,22837,OTHER,OTHER,807,
ST. CROIX,2012,DEMOCRAT,BARACK OBAMA,19910,REPUBLICAN,MITT ROMNEY,25503,OTHER,OTHER,812,
ST. CROIX,2016,DEMOCRAT,HILLARY CLINTON,17486,REPUBLICAN,DONALD TRUMP,26220,OTHER,OTHER,3802,
ST. CROIX,2020,DEMOCRAT,JOSEPH R BIDEN JR,23190,GREEN,OTHER,13,LIBERTARIAN,JO JORGENSEN,878,OTHER,OTHER,427,REPUBLICAN,DONALD J TRUMP,32199,
SAUK,2000,DEMOCRAT,AL GORE,13035,REPUBLICAN,GEORGE W. BUSH,11586,GREEN,RALPH NADER,858,OTHER,OTHER,174,
SAUK,2004,DEMOCRAT,JOHN KERRY,15708,REPUBLICAN,GEORGE W. BUSH,14415,OTHER,OTHER,294,
SAUK,2008,DEMOCRAT,BARACK OBAMA,18617,REPUBLICAN,JOHN MCCAIN,11562,OTHER,OTHER,447,
SAUK,2012,DEMOCRAT,BARACK OBAMA,18736,REPUBLICAN,MITT ROMNEY,12838,OTHER,OTHER,353,
SAUK,2016,DEMOCRAT,HILLARY CLINTON,14692,REPUBLICAN,DONALD TRUMP,14791,OTHER,OTHER,1835,
SAUK,2020,DEMOCRAT,JOSEPH R BIDEN JR,18108,GREEN,OTHER,15,LIBERTARIAN,JO JORGENSEN,441,OTHER,OTHER,146,REPUBLICAN,DONALD J TRUMP,17493,
SAWYER,2000,DEMOCRAT,AL GORE,3333,REPUBLICAN,GEORGE W. BUSH,3972,GREEN,RALPH NADER,398,OTHER,OTHER,64,
SAWYER,2004,DEMOCRAT,JOHN KERRY,4411,REPUBLICAN,GEORGE W. BUSH,4951,OTHER,OTHER,91,
SAWYER,2008,DEMOCRAT,BARACK OBAMA,4765,REPUBLICAN,JOHN MCCAIN,4199,OTHER,OTHER,121,
SAWYER,2012,DEMOCRAT,BARACK OBAMA,4486,REPUBLICAN,MITT ROMNEY,4442,OTHER,OTHER,97,
SAWYER,2016,DEMOCRAT,HILLARY CLINTON,3504,REPUBLICAN,DONALD TRUMP,5185,OTHER,OTHER,432,
SAWYER,2020,DEMOCRAT,JOSEPH R BIDEN JR,4498,GREEN,OTHER,1,LIBERTARIAN,JO JORGENSEN,62,OTHER,OTHER,40,REPUBLICAN,DONALD J TRUMP,5909,
SHAWANO,2000,DEMOCRAT,AL GORE,7335,REPUBLICAN,GEORGE W. BUSH,9548,GREEN,RALPH NADER,532,OTHER,OTHER,188,
SHAWANO,2004,DEMOCRAT,JOHN KERRY,8657,REPUBLICAN,GEORGE W. BUSH,12150,OTHER,OTHER,192,
SHAWANO,2008,DEMOCRAT,BARACK OBAMA,10259,REPUBLICAN,JOHN MCCAIN,9538,OTHER,OTHER,292,
SHAWANO,2012,DEMOCRAT,BARACK OBAMA,9000,REPUBLICAN,MITT ROMNEY,11022,OTHER,OTHER,257,
SHAWANO,2016,DEMOCRAT,HILLARY CLINTON,6056,REPUBLICAN,DONALD TRUMP,12742,OTHER,OTHER,953,
SHAWANO,2020,DEMOCRAT,JOSEPH R BIDEN JR,7131,GREEN,OTHER,3,LIBERTARIAN,JO JORGENSEN,253,OTHER,OTHER,55,REPUBLICAN,DONALD J TRUMP,15173,
SHEBOYGAN,2000,DEMOCRAT,AL GORE,23569,REPUBLICAN,GEORGE W. BUSH,29648,GREEN,RALPH NADER,1487,OTHER,OTHER,497,
SHEBOYGAN,2004,DEMOCRAT,JOHN KERRY,27608,REPUBLICAN,GEORGE W. BUSH,34458,OTHER,OTHER,559,
SHEBOYGAN,2008,DEMOCRAT,BARACK OBAMA,30395,REPUBLICAN,JOHN MCCAIN,30801,OTHER,OTHER,911,
SHEBOYGAN,2012,DEMOCRAT,BARACK OBAMA,27918,REPUBLICAN,MITT ROMNEY,34072,OTHER,OTHER,661,
SHEBOYGAN,2016,DEMOCRAT,HILLARY CLINTON,22956,REPUBLICAN,DONALD TRUMP,32458,OTHER,OTHER,4241,
SHEBOYGAN,2020,DEMOCRAT,JOSEPH R BIDEN JR,27101,GREEN,OTHER,2,LIBERTARIAN,JO JORGENSEN,896,OTHER,OTHER,403,REPUBLICAN,DONALD J TRUMP,37609,
TAYLOR,2000,DEMOCRAT,AL GORE,3254,REPUBLICAN,GEORGE W. BUSH,5278,GREEN,RALPH NADER,318,OTHER,OTHER,142,
TAYLOR,2004,DEMOCRAT,JOHN KERRY,3829,REPUBLICAN,GEORGE W. BUSH,5582,OTHER,OTHER,132,
TAYLOR,2008,DEMOCRAT,BARACK OBAMA,4563,REPUBLICAN,JOHN MCCAIN,4586,OTHER,OTHER,197,
TAYLOR,2012,DEMOCRAT,BARACK OBAMA,3763,REPUBLICAN,MITT ROMNEY,5601,OTHER,OTHER,148,
TAYLOR,2016,DEMOCRAT,HILLARY CLINTON,2398,REPUBLICAN,DONALD TRUMP,6589,OTHER,OTHER,497,
TAYLOR,2020,DEMOCRAT,JOSEPH R BIDEN JR,2693,GREEN,OTHER,1,LIBERTARIAN,JO JORGENSEN,113,OTHER,OTHER,222,REPUBLICAN,DONALD J TRUMP,7657,
TREMPEALEAU,2000,DEMOCRAT,AL GORE,6678,REPUBLICAN,GEORGE W. BUSH,5002,GREEN,RALPH NADER,409,OTHER,OTHER,79,
TREMPEALEAU,2004,DEMOCRAT,JOHN KERRY,8075,REPUBLICAN,GEORGE W. BUSH,5878,OTHER,OTHER,109,
TREMPEALEAU,2008,DEMOCRAT,BARACK OBAMA,8321,REPUBLICAN,JOHN MCCAIN,4808,OTHER,OTHER,185,
TREMPEALEAU,2012,DEMOCRAT,BARACK OBAMA,7605,REPUBLICAN,MITT ROMNEY,5707,OTHER,OTHER,169,
TREMPEALEAU,2016,DEMOCRAT,HILLARY CLINTON,5636,REPUBLICAN,DONALD TRUMP,7364,OTHER,OTHER,675,
TREMPEALEAU,2020,DEMOCRAT,JOSEPH R BIDEN JR,6285,GREEN,OTHER,3,LIBERTARIAN,JO JORGENSEN,177,OTHER,OTHER,82,REPUBLICAN,DONALD J TRUMP,8833,
VERNON,2000,DEMOCRAT,AL GORE,6577,REPUBLICAN,GEORGE W. BUSH,5684,GREEN,RALPH NADER,676,OTHER,OTHER,107,
VERNON,2004,DEMOCRAT,JOHN KERRY,7924,REPUBLICAN,GEORGE W. BUSH,6774,OTHER,OTHER,147,
VERNON,2008,DEMOCRAT,BARACK OBAMA,8463,REPUBLICAN,JOHN MCCAIN,5367,OTHER,OTHER,245,
VERNON,2012,DEMOCRAT,BARACK OBAMA,8044,REPUBLICAN,MITT ROMNEY,5942,OTHER,OTHER,283,
VERNON,2016,DEMOCRAT,HILLARY CLINTON,6352,REPUBLICAN,DONALD TRUMP,6996,OTHER,OTHER,865,
VERNON,2020,DEMOCRAT,JOSEPH R BIDEN JR,7457,GREEN,OTHER,6,LIBERTARIAN,JO JORGENSEN,182,OTHER,OTHER,60,REPUBLICAN,DONALD J TRUMP,8218,
VILAS,2000,DEMOCRAT,AL GORE,4706,REPUBLICAN,GEORGE W. BUSH,6958,GREEN,RALPH NADER,557,OTHER,OTHER,101,
VILAS,2004,DEMOCRAT,JOHN KERRY,5713,REPUBLICAN,GEORGE W. BUSH,8155,OTHER,OTHER,134,
VILAS,2008,DEMOCRAT,BARACK OBAMA,6491,REPUBLICAN,JOHN MCCAIN,7055,OTHER,OTHER,204,
VILAS,2012,DEMOCRAT,BARACK OBAMA,5951,REPUBLICAN,MITT ROMNEY,7749,OTHER,OTHER,142,
VILAS,2016,DEMOCRAT,HILLARY CLINTON,4770,REPUBLICAN,DONALD TRUMP,8169,OTHER,OTHER,673,
VILAS,2020,DEMOCRAT,JOSEPH R BIDEN JR,5903,GREEN,OTHER,0,LIBERTARIAN,JO JORGENSEN,138,OTHER,OTHER,67,REPUBLICAN,DONALD J TRUMP,9261,
WALWORTH,2000,DEMOCRAT,AL GORE,15492,REPUBLICAN,GEORGE W. BUSH,22982,GREEN,RALPH NADER,1582,OTHER,OTHER,402,
WALWORTH,2004,DEMOCRAT,JOHN KERRY,19177,REPUBLICAN,GEORGE W. BUSH,28754,OTHER,OTHER,515,
WALWORTH,2008,DEMOCRAT,BARACK OBAMA,24177,REPUBLICAN,JOHN MCCAIN,25485,OTHER,OTHER,760,
WALWORTH,2012,DEMOCRAT,BARACK OBAMA,22552,REPUBLICAN,MITT ROMNEY,29006,OTHER,OTHER,745,
WALWORTH,2016,DEMOCRAT,HILLARY CLINTON,18706,REPUBLICAN,DONALD TRUMP,28851,OTHER,OTHER,3767,
WALWORTH,2020,DEMOCRAT,JOSEPH R BIDEN JR,22789,GREEN,OTHER,15,LIBERTARIAN,JO JORGENSEN,641,OTHER,OTHER,304,REPUBLICAN,DONALD J TRUMP,33851,
WASHBURN,2000,DEMOCRAT,AL GORE,3695,REPUBLICAN,GEORGE W. BUSH,3912,GREEN,RALPH NADER,380,OTHER,OTHER,58,
WASHBURN,2004,DEMOCRAT,JOHN KERRY,4705,REPUBLICAN,GEORGE W. BUSH,4762,OTHER,OTHER,100,
WASHBURN,2008,DEMOCRAT,BARACK OBAMA,4693,REPUBLICAN,JOHN MCCAIN,4303,OTHER,OTHER,116,
WASHBURN,2012,DEMOCRAT,BARACK OBAMA,4447,REPUBLICAN,MITT ROMNEY,4699,OTHER,OTHER,141,
WASHBURN,2016,DEMOCRAT,HILLARY CLINTON,3284,REPUBLICAN,DONALD TRUMP,5404,OTHER,OTHER,460,
WASHBURN,2020,DEMOCRAT,JOSEPH R BIDEN JR,3867,GREEN,OTHER,4,LIBERTARIAN,JO JORGENSEN,123,OTHER,OTHER,50,REPUBLICAN,DONALD J TRUMP,6334,
WASHINGTON,2000,DEMOCRAT,AL GORE,18115,REPUBLICAN,GEORGE W. BUSH,41162,GREEN,RALPH NADER,1563,OTHER,OTHER,572,
WASHINGTON,2004,DEMOCRAT,JOHN KERRY,21234,REPUBLICAN,GEORGE W. BUSH,50641,OTHER,OTHER,592,
WASHINGTON,2008,DEMOCRAT,BARACK OBAMA,25719,REPUBLICAN,JOHN MCCAIN,47729,OTHER,OTHER,963,
WASHINGTON,2012,DEMOCRAT,BARACK OBAMA,23166,REPUBLICAN,MITT ROMNEY,54765,OTHER,OTHER,811,
WASHINGTON,2016,DEMOCRAT,HILLARY CLINTON,20855,REPUBLICAN,DONALD TRUMP,51729,OTHER,OTHER,5419,
WASHINGTON,2020,DEMOCRAT,JOSEPH R BIDEN JR,26650,GREEN,OTHER,28,LIBERTARIAN,JO JORGENSEN,941,OTHER,OTHER,214,REPUBLICAN,DONALD J TRUMP,60237,
WAUKESHA,2000,DEMOCRAT,AL GORE,64319,REPUBLICAN,GEORGE W. BUSH,133105,GREEN,RALPH NADER,4864,OTHER,OTHER,1446,
WAUKESHA,2004,DEMOCRAT,JOHN KERRY,73626,REPUBLICAN,GEORGE W. BUSH,154926,OTHER,OTHER,1811,
WAUKESHA,2008,DEMOCRAT,BARACK OBAMA,85339,REPUBLICAN,JOHN MCCAIN,145152,OTHER,OTHER,2406,
WAUKESHA,2012,DEMOCRAT,BARACK OBAMA,78779,REPUBLICAN,MITT ROMNEY,162798,OTHER,OTHER,2279,
WAUKESHA,2016,DEMOCRAT,HILLARY CLINTON,79200,REPUBLICAN,DONALD TRUMP,142521,OTHER,OTHER,17321,
WAUKESHA,2020,DEMOCRAT,JOSEPH R BIDEN JR,103906,GREEN,OTHER,54,LIBERTARIAN,JO JORGENSEN,3023,OTHER,OTHER,1364,REPUBLICAN,DONALD J TRUMP,159649,
WAUPACA,2000,DEMOCRAT,AL GORE,8787,REPUBLICAN,GEORGE W. BUSH,12980,GREEN,RALPH NADER,822,OTHER,OTHER,215,
WAUPACA,2004,DEMOCRAT,JOHN KERRY,10792,REPUBLICAN,GEORGE W. BUSH,15941,OTHER,OTHER,241,
WAUPACA,2008,DEMOCRAT,BARACK OBAMA,12952,REPUBLICAN,JOHN MCCAIN,12232,OTHER,OTHER,327,
WAUPACA,2012,DEMOCRAT,BARACK OBAMA,11578,REPUBLICAN,MITT ROMNEY,17002,OTHER,OTHER,260,
WAUPACA,2016,DEMOCRAT,HILLARY CLINTON,8440,REPUBLICAN,DONALD TRUMP,16189,OTHER,OTHER,1395,
WAUPACA,2020,DEMOCRAT,JOSEPH R BIDEN JR,9703,GREEN,OTHER,4,LIBERTARIAN,JO JORGENSEN,357,OTHER,OTHER,114,REPUBLICAN,DONALD J TRUMP,18952,
WAUSHARA,2000,DEMOCRAT,AL GORE,4239,REPUBLICAN,GEORGE W. BUSH,5571,GREEN,RALPH NADER,310,OTHER,OTHER,128,
WAUSHARA,2004,DEMOCRAT,JOHN KERRY,5257,REPUBLICAN,GEORGE W. BUSH,6888,OTHER,OTHER,101,
WAUSHARA,2008,DEMOCRAT,BARACK OBAMA,5868,REPUBLICAN,JOHN MCCAIN,5770,OTHER,OTHER,211,
WAUSHARA,2012,DEMOCRAT,BARACK OBAMA,5335,REPUBLICAN,MITT ROMNEY,6562,OTHER,OTHER,151,
WAUSHARA,2016,DEMOCRAT,HILLARY CLINTON,3792,REPUBLICAN,DONALD TRUMP,7669,OTHER,OTHER,538,
WAUSHARA,2020,DEMOCRAT,JOSEPH R BIDEN JR,4388,GREEN,OTHER,0,LIBERTARIAN,JO JORGENSEN,115,OTHER,OTHER,49,REPUBLICAN,DONALD J TRUMP,9016,
WINNEBAGO,2000,DEMOCRAT,AL GORE,33983,REPUBLICAN,GEORGE W. BUSH,38330,GREEN,RALPH NADER,2963,OTHER,OTHER,804,
WINNEBAGO,2004,DEMOCRAT,JOHN KERRY,40943,REPUBLICAN,GEORGE W. BUSH,46542,OTHER,OTHER,1111,
WINNEBAGO,2008,DEMOCRAT,BARACK OBAMA,48167,REPUBLICAN,JOHN MCCAIN,37946,OTHER,OTHER,1564,
WINNEBAGO,2012,DEMOCRAT,BARACK OBAMA,45449,REPUBLICAN,MITT ROMNEY,42122,OTHER,OTHER,1602,
WINNEBAGO,2016,DEMOCRAT,HILLARY CLINTON,37054,REPUBLICAN,DONALD TRUMP,43448,OTHER,OTHER,6642,
WINNEBAGO,2020,DEMOCRAT,JOSEPH R BIDEN JR,44060,GREEN,OTHER,38,LIBERTARIAN,JO JORGENSEN,1629,OTHER,OTHER,509,REPUBLICAN,DONALD J TRUMP,47796,
WOOD,2000,DEMOCRAT,AL GORE,15936,REPUBLICAN,GEORGE W. BUSH,17803,GREEN,RALPH NADER,1384,OTHER,OTHER,638,
WOOD,2004,DEMOCRAT,JOHN KERRY,18950,REPUBLICAN,GEORGE W. BUSH,20592,OTHER,OTHER,529,
WOOD,2008,DEMOCRAT,BARACK OBAMA,21710,REPUBLICAN,JOHN MCCAIN,16581,OTHER,OTHER,761,
WOOD,2012,DEMOCRAT,BARACK OBAMA,18581,REPUBLICAN,MITT ROMNEY,19704,OTHER,OTHER,615,
WOOD,2016,DEMOCRAT,HILLARY CLINTON,14232,REPUBLICAN,DONALD TRUMP,21503,OTHER,OTHER,2065,
WOOD,2020,DEMOCRAT,JOSEPH R BIDEN JR,16365,GREEN,OTHER,9,LIBERTARIAN,JO JORGENSEN,403,OTHER,OTHER,213,REPUBLICAN,DONALD J TRUMP,24308,
